transaction_date,value_date,description,raw_description,amount,transaction_type,balance,source_account,month,year,transaction_id,category,confidence,classification_method,review_status,reviewed_category,reviewed_at,reviewer_notes,ref_no
2026-06-21,2026-06-21,BBPS PAYMENT RECEIVED DP016172072117XAJALH,BBPS PAYMENT RECEIVED - DP016172072117XAJALH,10145.87,credit,0.0,AXIS_MYZONE,06,2026,4438038c92a6306441df991055d50b4be42ac3945e8fd1f887fa0eb0f708ebe0,CC Bill Payment,1.0,rule,pending,,,,Not Available
2026-06-25,2026-06-25,RAZ SWIGGY BANGALORE KA,"RAZ*SWIGGY,BANGALORE KA",112.0,credit,0.0,AXIS_MYZONE,06,2026,e2bc829137f7a404bb432112198032d1f61fe1f5778faef1fa758616b4722efe,Food & Dining,1.0,rule,pending,,,,Not Available
2026-06-25,2026-06-25,RAZ SWIGGY BANGALORE KA,"RAZ*SWIGGY,BANGALORE KA",549.0,debit,0.0,AXIS_MYZONE,06,2026,5c59f81b300cb9f3a3d072a56cd8359375a2a9fa47e0e92c63a3aebc6edc7cf1,Food & Dining,1.0,rule,pending,,,,Not Available
2026-07-02,2026-07-02,RAZ SWIGGY BANGALORE KA,"RAZ*SWIGGY,BANGALORE KA",617.0,debit,0.0,AXIS_MYZONE,07,2026,9f625fbfd17879a76481d0798f2a962eba35fc6850edd19f0b52f4b001977eae,Food & Dining,1.0,rule,pending,,,,Not Available
2026-01-21,2026-01-21,BBPS PAYMENT RECEIVED DP016021125826PCTW7S,BBPS PAYMENT RECEIVED - DP016021125826PCTW7S,12728.66,credit,0.0,AXIS_MYZONE,01,2026,2d821111e52f8ec8f6fcfaf65ccf4c7596874b6196f6a7ac962d6863f67e94ab,CC Bill Payment,1.0,rule,pending,,,,Not Available
2026-01-23,2026-01-23,MADHULOKA BANGALORE,"MADHULOKA,BANGALORE",4550.0,debit,0.0,AXIS_MYZONE,01,2026,e804677e7be25962e191e8158fea368e34f1b588dd2993285e4604d29eef0bd0,Food & Dining,1.0,ml_exact,pending,,,,Not Available
2026-01-31,2026-01-31,DINDIGUL ANNAMALAIYAR BANGALORE,"DINDIGUL ANNAMALAIYAR,BANGALORE",430.0,debit,0.0,AXIS_MYZONE,01,2026,ceb1b26d0099f7d2270571561629c66a398a2d2f74aff50930dd4409f9dbde3e,Food & Dining,1.0,ml_exact,pending,,,,Not Available
2026-02-04,2026-02-04,HOTEL SHREYAS INN BANGALORE,"HOTEL SHREYAS INN,BANGALORE",493.0,debit,0.0,AXIS_MYZONE,02,2026,fc55550364382da802ac813f8c1fc62eb749e08ce1be9ad0fc3a6b9624d5ed0e,Travel & Accommodation,1.0,ml_exact,pending,,,,Not Available
2026-02-07,2026-02-07,WHOLESALE WINE PARAD BANGALORE,"WHOLESALE WINE PARAD,BANGALORE",440.0,debit,0.0,AXIS_MYZONE,02,2026,1e35f64107425f3697a4dec3767581217ea5a2e770aa9d3595b662a68c494a8e,Shopping,1.0,ml_exact,pending,,,,Not Available
2026-02-12,2026-02-12,N K ENTERPRISES BANGALORE,"N K ENTERPRISES,BANGALORE",320.0,debit,0.0,AXIS_MYZONE,02,2026,3ad6c284cf614e71f3196f8e3b8dbef669fbdd9a3f9dcc878c45d0d50d1c529e,Shopping,1.0,ml_exact,pending,,,,Not Available
2026-02-15,2026-02-15,BIGGIES BURGER SHRIRAM BANGALORE,"BIGGIES BURGER SHRIRAM,BANGALORE",209.0,debit,0.0,AXIS_MYZONE,02,2026,8e5c8c0025f0814f2f0e2ba03d5a7932a46152950792650fa985794ba63bdf10,Food & Dining,1.0,ml_exact,pending,,,,Not Available
2026-02-15,2026-02-15,TATA DIGITAL PRIVATE L MUMBAI,"TATA DIGITAL PRIVATE L,MUMBAI",1000.0,debit,0.0,AXIS_MYZONE,02,2026,b86113aba8d43fbe7a3cee897c443fbc4c5a6c94ac476b894ebb83c0a9bd80f5,Subscriptions & Software,1.0,ml_exact,pending,,,,Not Available
2026-02-15,2026-02-15,BIGGIES BURGER SHRIRAM BANGALORE,"BIGGIES BURGER SHRIRAM,BANGALORE",208.0,debit,0.0,AXIS_MYZONE,02,2026,ac9c0d0294a0c9d4dbfed4c8902fc10a46f756af5f5681d6c1f17f32f72df421,Food & Dining,1.0,ml_exact,pending,,,,Not Available
2026-02-21,2026-02-21,BBPS PAYMENT RECEIVED DP016052111137Y96BYR,BBPS PAYMENT RECEIVED - DP016052111137Y96BYR,7650.0,credit,0.0,AXIS_MYZONE,02,2026,debc59632183858625456c9905fe12b299405c2b972dc8356e246ef373bdc550,CC Bill Payment,1.0,rule,pending,,,,Not Available
2026-02-22,2026-02-22,WHOLESALE WINE PARAD BANGALORE,"WHOLESALE WINE PARAD,BANGALORE",1370.0,debit,0.0,AXIS_MYZONE,02,2026,06e72d670ded4fec5cab125ff5b0e67e887e36bfdf8e443114d0acc10a1f26b6,Shopping,1.0,ml_exact,pending,,,,Not Available
2026-03-06,2026-03-06,SWIGGY LIMITED BANGALORE,"SWIGGY LIMITED,BANGALORE",574.0,debit,0.0,AXIS_MYZONE,03,2026,d6fa5772a2e36a92fcb8748ac2f81d373a8bb4b7bfbc485d1ec3d4362d0e8b63,Food & Dining,1.0,rule,pending,,,,Not Available
2026-03-06,2026-03-06,SWIGGY LIMITED BANGALORE,"SWIGGY LIMITED,BANGALORE",129.0,credit,0.0,AXIS_MYZONE,03,2026,64adcf0b6aa5e3b30eb0eedd1ca5e14511280594c9604ba3ea389809c5a93fcc,Food & Dining,1.0,rule,pending,,,,Not Available
2026-03-08,2026-03-08,SHIVAJI MILITARY HOTEL BANGALORE,"SHIVAJI MILITARY HOTEL,BANGALORE",1370.0,debit,0.0,AXIS_MYZONE,03,2026,2fa7b2675dddf00374a27f81ab877dcb8ddc1b71a8b4d8bbde95688a373ec472,Food & Dining,1.0,ml_exact,pending,,,,Not Available
2026-03-12,2026-03-12,K581 KFC NATURA WALK BANGALORE,"K581 KFC NATURA WALK,BANGALORE",934.05,debit,0.0,AXIS_MYZONE,03,2026,baa2ecf925f11221605ad7d3c6379ced4e3ca8a35a2eb98f9fdaa5be5d75e448,Food & Dining,1.0,rule,pending,,,,Not Available
2026-03-14,2026-03-14,SWIGGY LIMITED BANGALORE,"SWIGGY LIMITED,BANGALORE",447.0,debit,0.0,AXIS_MYZONE,03,2026,4e58339677283a8633f0766718704ade0c14f1c86448371f730614e0cf72d1bb,Food & Dining,1.0,rule,pending,,,,Not Available
2026-03-16,2026-03-16,RISTARA FOODS PRIVATE BENGALURU,"RISTARA FOODS PRIVATE,BENGALURU",180.0,debit,0.0,AXIS_MYZONE,03,2026,a77a0c36fe70b8c5ced3193ea1469e9d1d4b9aea6f17876fe5dbb7c85334ca11,Groceries & Supermarket,1.0,ml_exact,pending,,,,Not Available
2026-03-16,2026-03-16,ZUDIO A UNIT OF TRENT LTD BANGALORE,"ZUDIO A UNIT OF TRENT LTD,BANGALORE",2160.0,debit,0.0,AXIS_MYZONE,03,2026,e176a7dc2749ab8b26b3688bd9bd070b6b9ffec604efc17a510c29041b14ac7c,Shopping,1.0,ml_exact,pending,,,,Not Available
2026-03-17,2026-03-17,AMBUR STAR BRIYANI BTM BANGALORE,"AMBUR STAR BRIYANI BTM,BANGALORE",607.0,debit,0.0,AXIS_MYZONE,03,2026,de5fc992021efa36db6ec49da72d5b4820be7deb5a55b109a85a5f9ba91901d8,Food & Dining,1.0,ml_exact,pending,,,,Not Available
2026-03-21,2026-03-21,BBPS PAYMENT RECEIVED DP016080075411BOXYXB,BBPS PAYMENT RECEIVED - DP016080075411BOXYXB,7513.05,credit,0.0,AXIS_MYZONE,03,2026,7c7cc82b0927dbef0b64070a2539730dcc39332b307c13890e761d8073a6124a,CC Bill Payment,1.0,rule,pending,,,,Not Available
2026-03-21,2026-03-21,CLUB MAHINDRA VIRAJPET,"CLUB MAHINDRA,VIRAJPET",225.0,debit,0.0,AXIS_MYZONE,03,2026,7e16f31032953e2533f8af0d2c431bb63547bc0c802a7d24c69e8ec652080205,Food & Dining,1.0,ml_exact,pending,,,,Not Available
2026-03-21,2026-03-21,RAJATHAGIRI PALACE BENGALURU,"RAJATHAGIRI PALACE,BENGALURU",1299.0,debit,0.0,AXIS_MYZONE,03,2026,56c1de479287c1d1ce04e3a800038babdb2d024d85ae3cfbddafde22dce3fe94,Food & Dining,1.0,ml_exact,pending,,,,Not Available
2026-03-24,2026-03-24,SWIGGY LIMITED BANGALORE,"SWIGGY LIMITED,BANGALORE",324.0,debit,0.0,AXIS_MYZONE,03,2026,a2d7cddde86ff681f838f7eb5b505f563bf0a6f729f7a6f4303bbfc6dc8f72be,Food & Dining,1.0,rule,pending,,,,Not Available
2026-03-26,2026-03-26,SWIGGY LIMITED BANGALORE,"SWIGGY LIMITED,BANGALORE",627.0,debit,0.0,AXIS_MYZONE,03,2026,ac985f20158e46da3a9784474d8093f0893f51e85f955d4f4848c43a8b4b0a8c,Food & Dining,1.0,rule,pending,,,,Not Available
2026-03-28,2026-03-28,SPANDANA PHARMA A UNIT BANGALORE,"SPANDANA PHARMA A UNIT,BANGALORE",263.0,debit,0.0,AXIS_MYZONE,03,2026,41ac7bfc008256800a79580e56d124bee49d07e4fddf5e1cc23fce6ba6355f58,Medical & Health,1.0,ml_exact,pending,,,,Not Available
2026-03-28,2026-03-28,SPANDANA PHARMA A UNIT BANGALORE,"SPANDANA PHARMA A UNIT,BANGALORE",1150.0,debit,0.0,AXIS_MYZONE,03,2026,cb06e6f9c4a4603ab754bdbe51fba934fd5574a1b65ec17d9d645141ead32943,Medical & Health,1.0,ml_exact,pending,,,,Not Available
2026-03-28,2026-03-28,SPANDANA HEART AND SUP BANGALORE,"SPANDANA HEART AND SUP,BANGALORE",3300.0,debit,0.0,AXIS_MYZONE,03,2026,cbf05d7c2e96252142b2aa9940a381ff53e421ea8d123a19065f38cc7625ebff,Medical & Health,1.0,ml_exact,pending,,,,Not Available
2026-03-29,2026-03-29,MAX LIFE MUMBAI,"MAX LIFE,MUMBAI",2.0,debit,0.0,AXIS_MYZONE,03,2026,eb00a95cd2f0b6326b902669114ca01dfcac5838aa7fdc2eb3fbd1eba0d0aed2,Subscriptions & Software,1.0,ml_exact,pending,,,,Not Available
2026-03-29,2026-03-29,FAISAL RAHAMAN BANGALORE,"FAISAL RAHAMAN,BANGALORE",3600.0,debit,0.0,AXIS_MYZONE,03,2026,e22e319e9480fe0e03baa7fd8a916dfb9dc5bc011f3293995c7acea12fb412c1,Others,1.0,ml_exact,pending,,,,Not Available
2026-04-04,2026-04-04,LEON GRILL SARJAPURA R BANGALORE,"LEON GRILL SARJAPURA R,BANGALORE",593.0,debit,0.0,AXIS_MYZONE,04,2026,e76e790a1f1c86238338573744bdb16049625ed21344fca7768a9f55fb3758d0,Food & Dining,1.0,ml_exact,pending,,,,Not Available
2026-04-07,2026-04-07,SWIGGY LIMITED BANGALORE,"SWIGGY LIMITED,BANGALORE",552.0,debit,0.0,AXIS_MYZONE,04,2026,48354f08d8871bf361bb475b8297420144533cc13b480a0e73c79522b52695d9,Food & Dining,1.0,rule,pending,,,,Not Available
2026-04-09,2026-04-09,MAHINDRA HOLIDAYS AND RES MUMBAI,"MAHINDRA HOLIDAYS AND RES,MUMBAI",21913.0,debit,0.0,AXIS_MYZONE,04,2026,a3a8c29b3779d5328733d2a48c1c30156b6f0027ad27a382cd4fdfbde82e0171,Travel & Accommodation,1.0,ml_exact,pending,,,,Not Available
2026-04-12,2026-04-12,WWW SWIGGY IN BANGALORE,"WWW SWIGGY IN,BANGALORE",483.0,debit,0.0,AXIS_MYZONE,04,2026,cfc40c423c540ffdb826ec363454ad673f5efde9492083cb73d87f193d7264bf,Food & Dining,1.0,rule,pending,,,,Not Available
2026-04-12,2026-04-12,BABY KART BANGALORE,"BABY KART,BANGALORE",1100.0,debit,0.0,AXIS_MYZONE,04,2026,1e6c3dcc7b99a7f5c8c303ea054efbaf6e5517731abac53b66facf26f67330d4,Shopping,1.0,ml_exact,pending,,,,Not Available
2026-04-15,2026-04-15,GOPINATH ENTERPRISES BENGALURU,"GOPINATH ENTERPRISES,BENGALURU",1523.81,debit,0.0,AXIS_MYZONE,04,2026,43094d030173407f4e0eff077918d156df886922b23b675f87e2797d088bffaf,Fuel & Transport,1.0,rule,pending,,,,Not Available
2026-04-15,2026-04-15,GOPINATH ENTERPRISES BENGALURU,"GOPINATH ENTERPRISES,BENGALURU",151.5,debit,0.0,AXIS_MYZONE,04,2026,511ead90d49d05bae05f925dcd04e275470d5b6539451c7152541c01bcfb3b27,Fuel & Transport,1.0,rule,pending,,,,Not Available
2026-04-16,2026-04-16,FUEL CASHBACK REBATES,FUEL CASHBACK REBATES,15.07,credit,0.0,AXIS_MYZONE,04,2026,7aec5a913912cdb0ef6b213d0b95459df93365bf205658835c25124416ee7c88,Cashback & Rewards,1.0,ml_exact,pending,,,,Not Available
2026-04-21,2026-04-21,BBPS PAYMENT RECEIVED DP016111093509WVJMPI,BBPS PAYMENT RECEIVED - DP016111093509WVJMPI,37091.24,credit,0.0,AXIS_MYZONE,04,2026,10f46fad67fa70dcf0b3862c83d3fa91214e38d419feff7d19806b038255313d,CC Bill Payment,1.0,rule,pending,,,,Not Available
2026-04-22,2026-04-22,SWIGGY LIMITED BANGALORE,"SWIGGY LIMITED,BANGALORE",606.0,debit,0.0,AXIS_MYZONE,04,2026,06590871489e18c595584d028d67c073c403d9f640e9dcc718ef26e072ab25f6,Food & Dining,1.0,rule,pending,,,,Not Available
2026-05-01,2026-05-01,M S INDIAN PANTRY BENGALURU,"M S INDIAN PANTRY,BENGALURU",2155.0,debit,0.0,AXIS_MYZONE,05,2026,183b7ff104969144a9a3db9bcf9ced985db2bccdbe65502071ad7eb2d3b0e114,Food & Dining,1.0,ml_exact,pending,,,,Not Available
2026-05-19,2026-05-19,SWIGGY LIMITED BANGALORE,"SWIGGY LIMITED,BANGALORE",956.0,debit,0.0,AXIS_MYZONE,05,2026,be15b211260ccac0918a617026e68b19d3ef6bf72c1492fb9aa6c137450e6cf9,Food & Dining,1.0,rule,pending,,,,Not Available
2026-05-21,2026-05-21,BBPS PAYMENT RECEIVED DP016141090315SIPBUC,BBPS PAYMENT RECEIVED - DP016141090315SIPBUC,3717.0,credit,0.0,AXIS_MYZONE,05,2026,795a1bfa964c8fff9bb7492f83182b882038d5febf0de63c1b7e7428de7333d4,CC Bill Payment,1.0,rule,pending,,,,Not Available
2026-05-25,2026-05-25,BANDIPUR FUELS GUNDLUPET,"BANDIPUR FUELS,GUNDLUPET",1173.48,debit,0.0,AXIS_MYZONE,05,2026,ee11fb3d1496a1ab027d22ccb2635a1ff9bf78f65919e8d92b777aef7fe043fe,Fuel & Transport,1.0,rule,pending,,,,Not Available
2026-05-26,2026-05-26,FUEL CASHBACK REBATES,FUEL CASHBACK REBATES,11.61,credit,0.0,AXIS_MYZONE,05,2026,9b5f17db720d8c69f2b85c47cd8bf81b3ed9de307293ece47be868d0d29ce6f0,Cashback & Rewards,1.0,ml_exact,pending,,,,Not Available
2026-05-27,2026-05-27,RAZ ZOMATO ONLINE ORDER GURGAON HA,"RAZ*ZOMATO ONLINE ORDER,GURGAON HA",2.0,debit,0.0,AXIS_MYZONE,05,2026,fd9a04bd3d2fe3360c4d28dd310f69715ba96eed74ff57aa7d687cf4d7a8a21d,Food & Dining,1.0,rule,pending,,,,Not Available
2026-05-27,2026-05-27,BUNDL TECHNOLOGIES BENGALURU,"BUNDL TECHNOLOGIES,BENGALURU",569.0,debit,0.0,AXIS_MYZONE,05,2026,3ae28ad02220c551b4ff98ed96eacd8fa7b2d485c6b72755b8e7eb3aed3b3698,Food & Dining,1.0,ml_exact,pending,,,,Not Available
2026-05-27,2026-05-27,RAZ ZOMATO ONLINE ORDER GURGAON HA,"RAZ*ZOMATO ONLINE ORDER,GURGAON HA",2.0,credit,0.0,AXIS_MYZONE,05,2026,f9dc96c8f774d0024ed76b3a99652a751ede9a7a1f757fe7bfb02a6c60a5a3da,Food & Dining,1.0,rule,pending,,,,Not Available
2026-05-27,2026-05-27,RAZ WALUSHA SURAT GJ,"RAZ*WALUSHA,SURAT GJ",1198.0,debit,0.0,AXIS_MYZONE,05,2026,995c00fe2e5ed4baba9a244b621e3a945c0c3187a036cf746b59376c413b9c72,Shopping,1.0,ml_exact,pending,,,,Not Available
2026-05-30,2026-05-30,B B JEWELLERS BANGALORE,"B B JEWELLERS,BANGALORE",4930.0,debit,0.0,AXIS_MYZONE,05,2026,5c9c8aaa9b57eae79512038fae697ad1c967dfc9752bee89924c2c258e09c32c,Jewellery & Gifts,1.0,ml_exact,pending,,,,Not Available
2026-05-31,2026-05-31,POOJARIS FISH LAND TAK MYSORE,"POOJARIS FISH LAND TAK,MYSORE",1899.0,debit,0.0,AXIS_MYZONE,05,2026,15c343c22f418f73ba37a359a18fc5f09862234bb7d6ed03f38be4cc10dffa3d,Food & Dining,1.0,rule,pending,,,,Not Available
2026-05-31,2026-05-31,PAAKASHALA MANDYA MANDYA,"PAAKASHALA MANDYA,MANDYA",388.0,debit,0.0,AXIS_MYZONE,05,2026,adda0a6b53d112a26f09e064986b5c0dbd24da69783c6101cf016744d144e78d,Food & Dining,1.0,rule,pending,,,,Not Available
2025-12-03,2025-12-03,CARD CASHBACK CREDIT,CARD CASHBACK CREDIT,606.0,credit,0.0,SBI_CASHBACK,12,2025,a4cb6faf6124d563a3f1cd115d85bf2e1475a5eb7f8880aa0390318776a3d72f,Cashback & Rewards,1.0,ml_exact,pending,,,,Not Available
2025-12-05,2025-12-05,PAYMENT RECEIVED 000DP015339100241YKBDFB TRANSACTIONS FOR R GANESH NAG,PAYMENT RECEIVED 000DP015339100241YKBDfb TRANSACTIONS FOR R Ganesh Nag,20304.0,credit,0.0,SBI_CASHBACK,12,2025,ab0dc715d3f11bfa065f3689f39d6b43272a2aa098ab1da41a3e551644bca353,CC Bill Payment,1.0,rule,pending,,,,Not Available
2025-12-04,2025-12-04,ZOO AUTHORITY OF KARNA SHIVAMOGGA IN,Zoo Authority Of Karna SHIVAMOGGA IN,160.0,debit,0.0,SBI_CASHBACK,12,2025,d721157e5a793e253f08e1fc0c7da4b4c6748f0d9e9576231a550f11ecea061b,Others,1.0,ml_exact,pending,,,,Not Available
2025-12-06,2025-12-06,CLEARTRIP GURGAON IN,CLEARTRIP GURGAON IN,1619.19,debit,0.0,SBI_CASHBACK,12,2025,5be7d08dc348194958f85501bf40a9fadc52707ee690760e872470945f881109,Travel & Accommodation,1.0,ml_exact,pending,,,,Not Available
2025-12-07,2025-12-07,VAISHALI RESTAURANT BELLUR IN,VAISHALI RESTAURANT BELLUR IN,1206.0,debit,0.0,SBI_CASHBACK,12,2025,ceaa3fd903df8fbb5c267bccb659002fb48953b7871d10c50f272bf7ebd4270d,Food & Dining,1.0,ml_exact,pending,,,,Not Available
2025-12-07,2025-12-07,K520 KFC HEGDE NAGAR BANGALORE IN,K520 KFC HEGDE NAGAR BANGALORE IN,514.85,debit,0.0,SBI_CASHBACK,12,2025,b9fd819ab91dca49a11fe9ddf53dbb0103773c12f5264e3a6384607da61a9fc5,Food & Dining,1.0,rule,pending,,,,Not Available
2025-12-13,2025-12-13,SWIGGY LIMITED BENGALURU IN,Swiggy Limited Bengaluru IN,333.0,debit,0.0,SBI_CASHBACK,12,2025,b5bd40b7ffa5c0baab2007f8a8f6ef8c9cd501a84836d1d476366686a47510e2,Food & Dining,1.0,rule,pending,,,,Not Available
2025-12-13,2025-12-13,AMAZON PAY INDIA PRIVA BANGALORE IN,AMAZON PAY INDIA PRIVA Bangalore IN,999.0,credit,0.0,SBI_CASHBACK,12,2025,4343e3c796ae46041a5756ad837c672c0aaab81c7dd4db65e8ff7d77e5a268d4,Shopping,1.0,rule,pending,,,,Not Available
2025-12-14,2025-12-14,FASHNEAR TECHNOLOGIES BENGALURU IN,Fashnear Technologies BENGALURU IN,370.0,debit,0.0,SBI_CASHBACK,12,2025,faf124bd461a102362b418f625f37e55a1f5b445e4042dbfe4efeaa4bfab296a,Subscriptions & Software,1.0,ml_exact,pending,,,,Not Available
2025-12-14,2025-12-14,DAMENSCH APPAREL PVT L BANGALORE IN,DAMENSCH APPAREL PVT L Bangalore IN,1359.15,debit,0.0,SBI_CASHBACK,12,2025,d4c607a5bf4e6291edbf467d70994918af49c64333e20b6c63402aa5b82a3ac6,Cashback & Rewards,1.0,ml_exact,pending,,,,Not Available
2025-12-15,2025-12-15,BLINK COMMERCE PVT LTD BANGALORE IN,BLINK COMMERCE PVT LTD BANGALORE IN,564.0,debit,0.0,SBI_CASHBACK,12,2025,71f1f113b2db9ae1734c1f6762bf4819799792606b74f3ae610d8d99c305e354,Shopping,1.0,ml_exact,pending,,,,Not Available
2025-12-15,2025-12-15,NATIONAL HIGHWAYS A DELHI IN PAY IN EMIS,National Highways A Delhi IN (Pay in EMIs),3027.62,debit,0.0,SBI_CASHBACK,12,2025,b9d69e6f7f7de4fe7802ee3dd224717e9f975211aa6e10b6365b25723e842a75,EMI,1.0,rule,pending,,,,Not Available
2025-12-16,2025-12-16,RELIANCE RETAIL LIMITE MUMBAI IN PAY IN EMIS,RELIANCE RETAIL LIMITE MUMBAI IN (Pay in EMIs),2650.87,debit,0.0,SBI_CASHBACK,12,2025,fb36bdd2ca2a03fd20e18eedced7773c9fc6715f33ed9769a55878741b21d7bc,EMI,1.0,rule,pending,,,,Not Available
2025-12-18,2025-12-18,MAXLIFEINSURANCE PUNE IN PAY IN EMIS,MAXLIFEINSURANCE PUNE IN (Pay in EMIs),61059.0,debit,0.0,SBI_CASHBACK,12,2025,088e561a71a4341352ee550e4ff398a6067e2960c424638edb883b2627fc0671,EMI,1.0,rule,pending,,,,Not Available
2025-12-18,2025-12-18,BLINKIT GURGAON IN,BLINKIT GURGAON IN,873.0,debit,0.0,SBI_CASHBACK,12,2025,49532cec450e23ca46e6542ec3480e4a9fb7486f26466ded4fd3c9e467a51360,Groceries & Supermarket,1.0,rule,pending,,,,Not Available
2025-12-19,2025-12-19,SWIGGY LIMITED BANGALORE IN,Swiggy Limited Bangalore IN,424.0,debit,0.0,SBI_CASHBACK,12,2025,1d46135846ef156c57d8d285016f76ec2519b56a467300f197e49a56e4e3924d,Food & Dining,1.0,rule,pending,,,,Not Available
2025-12-19,2025-12-19,KARTHIK SRIPAADA ENTER BENGALURU IN,KARTHIK SRIPAADA ENTER BENGALURU IN,397.0,debit,0.0,SBI_CASHBACK,12,2025,e82ae114747397fd95d5d6713d9efb7694640c7e91f6bfc0387ff786f56a63c6,Food & Dining,1.0,ml_exact,pending,,,,Not Available
2025-12-20,2025-12-20,SWIGGY LIMITED BANGALORE IN,Swiggy Limited Bangalore IN,607.0,debit,0.0,SBI_CASHBACK,12,2025,a785b3d758054d619ec59a8e5126c458ab8ae0837dc113aef8676b6ad065a44a,Food & Dining,1.0,rule,pending,,,,Not Available
2025-12-21,2025-12-21,SWIGGY LIMITED BANGALORE IN,Swiggy Limited Bangalore IN,423.0,debit,0.0,SBI_CASHBACK,12,2025,58d1e1ee2f96352c6a11562ae9a5319fe19cd92f162fedf85f2f9c977dc464b9,Food & Dining,1.0,rule,pending,,,,Not Available
2025-12-22,2025-12-22,SWIGGY LIMITED BANGALORE IN,Swiggy Limited Bangalore IN,247.0,debit,0.0,SBI_CASHBACK,12,2025,a2f59c4d863520d77f93cd95db0dd9daefba56ef5e2adf98952ecf5ae90320af,Food & Dining,1.0,rule,pending,,,,Not Available
2025-12-23,2025-12-23,NISHYS NEERDOSA BENGALURU URB IN,Nishys NeerDosa BENGALURU URB IN,974.0,debit,0.0,SBI_CASHBACK,12,2025,130765f6360bc7bd86d3a43bfe343b12e7b1e910874ffebdcb95b5b04e2c476e,Food & Dining,1.0,ml_exact,pending,,,,Not Available
2025-12-23,2025-12-23,SWIGGY LIMITED BANGALORE IN,Swiggy Limited Bangalore IN,626.0,debit,0.0,SBI_CASHBACK,12,2025,e7dd722be91c4cf5f2e6590b474e3d228685f5c9b6a67af48d5348c365651709,Food & Dining,1.0,rule,pending,,,,Not Available
2025-12-24,2025-12-24,WWW ACKO COM GURGAON IN,WWW ACKO COM GURGAON IN,1296.0,debit,0.0,SBI_CASHBACK,12,2025,5838c60def0c9dde3f559932f8d8f1799df5f69dcef0466e6a4e1ac7ef302d2e,Subscriptions & Software,1.0,ml_exact,pending,,,,Not Available
2025-12-25,2025-12-25,DAMENSCH APPAREL PVT L BANGALORE IN,DAMENSCH APPAREL PVT L Bangalore IN,1359.15,credit,0.0,SBI_CASHBACK,12,2025,df40afffbea2fbb2b9ea1adc1d036b336ad9e0e432825181136b74cbde0bd273,Cashback & Rewards,1.0,ml_exact,pending,,,,Not Available
2025-12-26,2025-12-26,MAXLIFEINSURANCE PUNE IN,MAXLIFEINSURANCE PUNE IN,9158.85,credit,0.0,SBI_CASHBACK,12,2025,e30ef008d4632232050eb446116540b621ed19e2398dff8d9a6cc386336adf75,Cashback & Rewards,1.0,ml_exact,pending,,,,Not Available
2025-12-27,2025-12-27,SWIGGY LIMITED BANGALORE IN,Swiggy Limited Bangalore IN,533.0,debit,0.0,SBI_CASHBACK,12,2025,c61559c2d42ce48e9e8e35b4671c6b9d37c37d6c2c24448f5fcee595c4280c3a,Food & Dining,1.0,rule,pending,,,,Not Available
2025-12-28,2025-12-28,SWIGGY LIMITED BANGALORE IN,Swiggy Limited Bangalore IN,520.0,debit,0.0,SBI_CASHBACK,12,2025,d3ca89211cd4f48e37c3419fba255df7e9d4a76221cc0adb2a4a3104d41ab1d6,Food & Dining,1.0,rule,pending,,,,Not Available
2025-12-29,2025-12-29,SWIGGY LIMITED BENGALURU IN,Swiggy Limited Bengaluru IN,1015.0,debit,0.0,SBI_CASHBACK,12,2025,6b84a6b07d291cfd8d1f0c6c568987137a9e6aa40666f40840a88588504055c2,Food & Dining,1.0,rule,pending,,,,Not Available
2025-12-30,2025-12-30,SWIGGY LIMITED BANGALORE IN,Swiggy Limited Bangalore IN,568.0,debit,0.0,SBI_CASHBACK,12,2025,6fe6ab7d534df645790e13bb4e7992f05b2336b0ad9868bd69afe2f318f8bb7b,Food & Dining,1.0,rule,pending,,,,Not Available
2025-12-30,2025-12-30,BUNDL TECHNOLOGIES BENGALURU IN PAY IN EMIS,BUNDL TECHNOLOGIES BENGALURU IN (Pay in EMIs),3565.0,debit,0.0,SBI_CASHBACK,12,2025,d2247d57da29ca60010dd121058c46fe03cd31c3366f75e3a6220e239ca654e4,EMI,1.0,rule,pending,,,,Not Available
2025-12-31,2025-12-31,SWIGGY LIMITED BANGALORE IN TRANSACTIONS HIGHLIGHTED IN GREY COLOR IF ANY DO NOT FORM PART OF PURCHASES OTHER DEBITS TRANSACTIONS FULLY PARTIALLY CONVERTED TO FLEXIPAY ENCASH MERCHANT EMI C CREDIT D DEBIT EN ENCASH FP FLEXIPAY EMD EASY MONEY DRAFT BT BALANCE TRANSFER M MONTHLY INSTALLMENTS TAD TOTAL AMOUNT DUE T TEMPORARY CREDIT IMPORTANT MESSAGES W E F 15 JUL 25 BELOW CHANGES TO COME INTO EFFECT MINIMUM AMOUNT DUE MAD CALCULATION WILL BE 100 OF GST 100 OF EMI AMOUNT 100 OF FEES CHARGES 100 OF FINANCE CHARGES OVERLIMIT AMOUNT IF ANY 2 OF REMAINING BALANCE OUTSTANDING PAYMENTS RECEIVED AGAINST THE CARDHOLDER S OUTSTANDING WILL BE ADJUSTED AGAINST 100 OF GST 100 OF EMI AMOUNT 100 OF FEES CHARGES 100 OF FINANCE CHARGES BALANCE TRANSFER RETAIL SPENDS AND CASH ADVANCE IN THAT ORDER TOTAL AMOUNT DUE TAD NEEDS TO BE PAID BY PAYMENT DUE DATE TO AVOID LEVY OF FINANCE CHARGES ON NEW TRANSACTIONS DONE AFTER THE STATEMENT DATE THE DIFFERENCE IF ANY BETWEEN THE TOTAL AMOUNT DUE AND THE TOTAL OUTSTANDING IS THE BALANCE ON THE FLEXIPAY ENCASH INSTALLMENTS AS APPLICABLE TO KEEP YOUR CREDIT CARD IN GOOD STANDING YOU HAVE THE OPTION OF PAYING ATLEAST THE MINIMUM AMOUNT DUE ON OR BEFORE THE DUE DATE THE MINIMUM AMOUNT DUE INCLUDES THE EMI ON FLEXIPAY ENCASH INSTALLMENT AMOUNTS 100 OF ALL APPLICABLE TAXES CONTENT OF THIS STATEMENT WILL BE CONSIDERED CORRECT IF NO ERROR IS REPORTED WITHIN 20 DAYS TRANSACTION DETAILS DATE AMOUNT FOR STATEMENT PERIOD 04 DEC 25 TO 03 JAN 26,"Swiggy Limited Bangalore IN Transactions highlighted in grey color, if any, do not form part of Purchases & Other Debits; #Transactions fully/partially converted to Flexipay/Encash/Merchant EMI. C=Credit ; D=Debit; EN=Encash; FP=Flexipay; EMD=Easy Money Draft; BT=Balance Transfer; M=Monthly Installments; TAD=Total Amount Due; T=Temporary Credit. Important Messages W.e.f. 15 Jul'25, below changes to come into effect:Minimum Amount Due (MAD) calculation will be 100% of GST + 100% of EMI amount + 100% of Fees/Charges +100% of finance charges+ Overlimit Amount (if any) + 2% of remaining balance outstanding.Payments received against the Cardholder's outstanding will be adjusted against 100% of GST, 100% of EMI amount, 100% of Fees/Charges, 100% of Finance charges, Balance transfer, Retail Spends and Cash Advance in that order. *Total Amount Due (TAD) needs to be paid by payment due date to avoid levy of finance charges on new transactions done after the statement date. The difference, if any, between the Total Amount Due and the Total Outstanding is the balance on the Flexipay/Encash/Installments as applicable. ** To keep your credit card in good standing, you have the option of paying atleast the minimum amount due on or before the due date. The Minimum Amount Due includes the EMI on Flexipay/Encash/Installment amounts & 100% of all applicable taxes. Content of this statement will be considered correct if no error is reported within 20 days. Transaction Details Date Amount ( ` ) for Statement Period: 04 Dec 25 to 03 Jan 26",586.0,debit,0.0,SBI_CASHBACK,12,2025,c045a458c83e17c17beaf24bf3dabc0fe4ac918443c14e515d82d15082f38daf,CC Bill Payment,1.0,rule,pending,,,,Not Available
2026-01-01,2026-01-01,AIRFIBER NETWORKS P KRISHNAGIRI IN PAY IN EMIS SAVINGS AND BENEFITS SECTION FOR THIS STATEMENT FOR THIS YEAR FROM THE CARD ISSUE DATE OFFER CASHBACK 0 00 0 00 0 00 PETROL SURCHARGE WAIVER 0 00 0 00 0 00 CARD CASHBACK 749 29 20248 WITH EFFECT FROM TRANSACTIONS DATED 17 NOV 2011 TREATMENT OF EMI BENEFITS SERVICES AVAILED BY THE CARDHOLDER INSTANT INFORMATION 24X7 BY JUST SENDING AN SMS TO 5676791 ONCE THE ACCOUNT TURNS NPA A DAY AFTER THE STATEMENT IS GENERATED POST ACCOUNT SIMPLY BALANCE ENQUIRY AVAILABLE CREDIT CASH LIMIT CLASSIFICATION AS NPA ALL EMI PLANS EXCLUDING RESTRUCTURED PLANS SMS BAL XXXX AVAIL XXXX AVAILABLE ON THE ACCOUNT SHALL BE CLOSED THE PRINCIPAL OUTSTANDING ALONG WITH THE OUTSTANDING INTEREST ACCRUED TILL THE HOTLIST LOST STOLEN CARD LAST PAYMENT STATUS DATE OF SUCH EMI PLANS SHALL BE DEBITED TO THE CREDIT CARD BLOCK XXXX PAYMENT XXXX ACCOUNT APPEAR IN THE SUBSEQUENT MONTHLY STATEMENT SBI CARD REWARD POINT SUMMARY SUBSCRIBE TO ESTATEMENT SHALL BE ENTITLED TO DEMAND IMMEDIATE REPAYMENT OF SUCH REWARD XXXX ESTMT XXXX CONSOLIDATED OUTSTANDING AMOUNTS AS A PART OF THE CREDIT CARD DUPLICATE STATEMENT ACCOUNT THIS BALANCE WILL ATTRACT ALL APPLICABLE CHARGES INCLUDING DSTMT XXXX STATEMENT PERIOD IN MMYY FINANCE CHARGES AT APPLICABLE INTEREST RATE AS OUTLINED IN THE MITC XXXX LAST 4 DIGITS OF THE CARD NO W E F 15 SEP 2025 A REVISED CHEQUE PROCESSING FEE OF RS IMPORTANT INFORMATION ON DISPUTED TRANSACTION S 200 WILL BE APPLICABLE ON OUTSTANDING PAYMENTS MADE VIA CHEQUE THIS REVISION IS REFLECTIVE OF THE INCREASED OPERATIONAL KINDLY NOTE THAT THIS TEMPORARY CREDIT T HAS BEEN RENDERED TO COST ASSOCIATED WITH OFFLINE PAYMENT MODES PAYMENTS MADE YOU IN THE INTERIM AND THOUGH THE AMOUNT IS INCLUDED IN YOUR THROUGH DIGITAL CHANNELS SUCH AS UPI BBPS NEFT ETC WILL AVAILABLE CREDIT LIMIT YOU WILL NOT BE ABLE TO SPEND THE AMOUNT CONTINUE TO BE FREE OF ANY ADDITIONAL CHARGES WE ENCOURAGE OUR WHILE THE DISPUTE IS STILL UNDER INVESTIGATION CARDHOLDERS TO EXPLORE DIGITAL MODES FOR HASSLE FREE PAYMENTS AS WE ARE DEPENDENT ON FEEDBACK FROM EXTERNAL PARTIES SUCH AS FASTER CREDITS ACQUIRING BANK CLOSURE OF SUCH DISPUTES MAY TAKE UP TO A MAXIMUM OF 120 DAYS FROM DATE OF INITIATION OF INVESTIGATION IMPORTANT NOTES POST COMPLETION OF THE INVESTIGATION IN CASE THE DISPUTE IS DESCRIPTION OF SERVICES CREDIT CARD SERVICES NOT CLOSED IN CARDHOLDER S FAVOR THE TEMPORARY CREDIT SHALL BE HSN CODE 997113 REVERSED AND CORRESPONDING DEBIT ENTRY SHALL REFLECT ON THE DECLARATION WE HEREBY DECLARE THAT THE TAX IN RELATION TO THIS CARD ACCOUNT HOWEVER IN CASE THE DISPUTE GETS RESOLVED IN STATEMENT IS NOT PAYABLE UNDER REVERSE CHARGE MECHANISM FAVOR OF THE CARDHOLDER THE TEMPORARY CREDIT SHALL BE NAME AND THE ADDRESS OF THE SUPPLIER SBI CARDS AND PAYMENT REGULARIZED AND REPLACED BY A PERMANENT CREDIT REWARD POINTS SERVICES LIMITED SBI CARD DLF CYBER CITY TOWER C FOR THE DISPUTED TRANSACTION WILL BE DEBITED IN CASE THE DISPUTE IS BLOCK 2 BUILDING 3 DLF INFINITY TOWERS 12TH FLOOR GURUGRAM CLOSED IN CARDHOLDERS FAVOR FURTHER ANY CHARGES LEVIED ON THE HR 122002 DISPUTED TRANSACTION DURING THE PERIOD OF INVESTIGATION WILL BE REVERSED HOWEVER SAME WILL BE BILLED IN THE SUBSEQUENT CARD STATEMENT INCASE THE DISPUTE IS NOT CLOSED IN CARDHOLDERS FAVOR LOG ONTO SBICARD COM TO VIEW THE MOST IMPORTANT TERMS ALL TRANSACTION DISPUTES ARE RESOLVED AS PER THE NETWORK CONDITIONS UPDATED INFORMATION ON ALL ONGOING OFFERS VISA MASTERCARD RUPAY AMEX GUIDELINES YOU WILL RECEIVE SBI CARD SBICPSL IS A CORPORATE AGENT OF ROYAL SUNDARAM CONTINUOUS UPDATES ON STATUS OF THE DISPUTE GENERAL INSURANCE CO LIMITED SBI GENERAL INSURANCE THE INTEREST AMOUNT CHARGEABLE IN THE 1ST EMI WILL BE CALCULATED COMPANY LIMITED AND SBI LIFE INSURANCE COMPANY LIMITED FOR THE PERIOD BETWEEN PLAN OPEN DATE ENCASH ENCASH INLINE BT VIDE IRDAI REGISTRATION CODE CA0075 INSURANCE IS THE ON EMI FLEXIPAY BOOKING CONFIRMATION DATE MERCHANT EMI SUBJECT MATTER OF SOLICITATION AND THE PAYMENT DUE DATE PDD AS PER THE CREDIT CARD STATEMENT CYCLE FROM 2ND EMI ONWARDS INTEREST WILL BE LEVIED FOR A 30 DAY PERIOD FROM ONE PDD TO THE NEXT PDD HENCE THE 1ST EMI AMOUNT MAY BE DIFFERENT FROM SUBSEQUENT EMIS SAFETY FIRST SBI CARD HAS NOW INTRODUCED OTP FOR 3D SECURE AUTHENTICATION OF ALL ONLINE CREDIT CARD TRANSACTIONS PLEASE ENSURE YOUR CURRENT MOBILE NO IS REGISTERED WITH US PLEASE DO NOT SHARE THIS 6 DIGITS OTP WITH ANYONE SBI CARD NEVER ASKS FOR SUCH INFORMATION IMPORTANT INFORMATION IMPORTANT TERMS CONDITIONS CHARGES CARDHOLDER AGREEMENT PRIVACY POLICY REACH US PAYMENT OPTIONS CKYC CKYC CENTRAL KNOW YOUR CUSTOMER IS A CENTRALIZED DATABASE OF KYC RECORDS OF CUSTOMERS TAKING FINANCIAL SERVICES FROM BANKS NBFCS ETC CKYC IDENTIFIER IS A UNIQUE NUMBER GENERATED FOR AN INDIVIDUAL ON COMPLETING KYC FORMALITIES AT THE TIME OF ACCOUNT OPENING UPDATION TRANSACTIONS THAT REMAIN UNBILLED ON THE STATEMENT DATE WILL REFLECT IN THE NEXT CYCLE YOU CAN CHECK TRANSACTION STATUS AT HTTPS SBICARD COM MOBILE APP OR HTTPS ILA SBICARD COM W E F 1ST NOV 25 THE FOLLOWING CHARGES WILL BE LEVIED ON THE BELOW MENTIONED TRANSACTIONS FOR MORE DETAILS PLEASE REFER THE MOST IMPORTANT TERMS AND CONDITIONS MITC ON WWW SBICARD COM FEE OF 1 OF THE TRANSACTION AMOUNT APPLICABLE ON EDUCATION PAYMENTS MADE THROUGH THIRD PARTY APPS HOWEVER PAYMENTS MADE DIRECTLY TO COLLEGES OR SCHOOLS VIA THEIR WEBSITES OR POS MACHINES WILL NOT ATTRACT ANY FEE FEE OF 1 OF THE TRANSACTION AMOUNT APPLICABLE ON EVERY WALLET LOAD TRANSACTION EXCEEDING RS 1000 DECLARATION I WE HEREBY DECLARE THAT THOUGH OUR AGGREGATE TURNOVER IN ANY PRECEDING FINANCIAL YEAR FROM 2017 18 ONWARDS IS MORE THAN THE AGGREGATE TURNOVER NOTIFIED UNDER SUB RULE 4 OF RULE 48 WE ARE NOT REQUIRED TO PREPARE AN INVOICE IN TERMS OF THE PROVISIONS OF THE SAID SUB RULE VERSION 1 1 OCT 2025 FOR SBI CARDS AND PAYMENT SERVICES LIMITED SBI CARD AUTHORIZED SIGNATORY SCHEDULE OF CHARGES ANNUAL CREDIT CARD NAME RENEWAL FEE RS FEE RS 9 999 WAIVED OFF ON ANNUAL SPENDS OF 12 LAKH OR MORE AURUM 9 999 IN THE PRECEDING YEAR KRISFLYER SBI CARD APEX 9 999 9 999 KRISFLYER SBI CARD 2 999 2 999 2 999 WAIVED OFF ON ANNUAL SPENDS OF 3 LAKH OR MORE SBI CARD PRIME 2 999 IN THE PRECEDING YEAR 2 999 WAIVED OFF ON ANNUAL SPENDS OF 3 LAKH OR MORE SBI CARD PRIME ADVANTAGE 2 999 IN THE PRECEDING YEAR 1 499 WAIVED OFF ON ANNUAL SPENDS OF 2 LAKH OR MORE DOCTOR S SBI CARD 1 499 IN THE PRECEDING YEAR 1 499 WAIVED OFF ON ANNUAL SPENDS OF 1 5 LAKH OR MORE SHAURYA SELECT SBI CARD 1 499 IN THE PRECEDING YEAR 250 WAIVED OFF ON ANNUAL SPENDS OF 50 000 OR MORE SHAURYA SBI CARD 250 IN THE PRECEDING YEAR 1 499 WAIVED OFF ON ANNUAL SPENDS OF 2 LAKH OR MORE IN SBI CARD PULSE 1 499 THE PRECEDING YEAR 999 WAIVED OFF ON ANNUAL SPENDS OF 2 LAKH OR MORE 999 CASHBACK SBI CARD IN THE PRECEDING YEAR 499 WAIVED OFF ON ANNUAL SPENDS OF 1 LAKH OR MORE SIMPLYCLICK SBI CARD 499 IN THE PRECEDING YEAR 499 WAIVED OFF ON ANNUAL SPENDS OF 1 LAKH OR MORE IN SIMPLYCLICK ADVANTAGE SBI CARD 499 THE PRECEDING YEAR 499 WAIVED OFF ON ANNUAL SPENDS OF 1 LAKH OR MORE SIMPLYSAVE SBI CARD 499 IN THE PRECEDING YEAR 499 WAIVED OFF ON ANNUAL SPENDS OF 1 LAKH OR MORE SIMPLYSAVE ADVANTAGE SBI CARD 499 IN THE PRECEDING YEAR SBI CARD UNNATI NIL 499 5TH YEAR ONWARDS 499 WAIVED OFF ON ANNUAL SPENDS OF 30 000 OR MORE IN KRISHAK UNNATI SBI CARD NIL THE PRECEDING YEAR ADITYA BIRLA SBI CARD 499 499 ADITYA BIRLA SBI CARD SELECT 1 499 1 499 AIR INDIA SBI PLATINUM CARD 1 499 1 499 AIR INDIA SBI SIGNATURE CARD 4 999 4 999 499 WAIVED OFF ON ANNUAL SPENDS OF 1 LAKH OR MORE APOLLO SBI CARD 499 IN THE PRECEDING YEAR 499 WAIVED OFF ON ANNUAL SPENDS OF 50000 OR MORE IN BPCL SBI CARD 499 THE PRECEDING YEAR 1 499 WAIVED OFF ON ANNUAL SPENDS OF 2 LAKH OR MORE BPCL SBI CARD OCTANE 1 499 IN THE PRECEDING YEAR CLUB VISTARA SBI CARD PRIME 2 999 2 999 CLUB VISTARA SBI CARD 1 499 1 499 499 WAIVED OFF ON ANNUAL SPENDS OF 1 LAKH OR MORE DELHI METRO SBI CARD 499 IN THE PRECEDING YEAR ETIHAD GUEST SBI CARD 1 499 1 499 ETIHAD GUEST SBI PREMIER CARD 4 999 4 999 499 WAIVED OFF ON ANNUAL SPENDS OF 1 LAKH OR MORE FABINDIA SBI CARD 499 IN THE PRECEDING YEAR 1 499 WAIVED OFF ON ANNUAL SPENDS OF 2 LAKH OR MORE FABINDIA SBI CARD SELECT 1 499 IN THE PRECEDING YEAR IRCTC SBI CARD 500 500 1 499 WAIVED OFF ON ANNUAL SPENDS OF 2 LAKH OR MORE IRCTC SBI CARD PREMIER 1 499 IN THE PRECEDING YEAR LIFESTYLE HOME CENTRE SBI CARD MAX SBI 499 499 CARD SPAR SBI CARD LIFESTYLE HOME CENTRE SBI CARD PRIME 2 999 2 999 MAX SBI CARD PRIME SPAR SBI CARD PRIME LIFESTYLE HOME CENTRE SBI CARD SELECT 1 499 1 499 MAX SBI CARD SELECT SPAR SBI CARD SELECT 1 499 WAIVED OFF ON ANNUAL SPENDS OF 2 LAKH OR MORE NATURE S BASKET SBI CARD 1 499 IN THE PRECEDING YEAR 4 999 WAIVED OFF ON ANNUAL SPENDS OF 10 LAKH OR MORE NATURE S BASKET SBI CARD ELITE 4 999 IN THE PRECEDING YEAR 499 WAIVED OFF ON ANNUAL SPENDS OF 1 LAKH OR MORE IN OLA MONEY SBI CARD NIL THE PRECEDING YEAR PAYTM SBI CARD 499 499 1 499 WAIVED OFF ON ANNUAL SPENDS OF 2 LAKH OR MORE IN PAYTM SBI CARD SELECT 1 499 THE PRECEDING YEAR 499 WAIVED OFF ON ANNUAL SPENDS OF 1 LAKH OR MORE IN YATRA SBI CARD 499 THE PRECEDING YEAR 2 999 WAIVED OFF ON ANNUAL SPENDS OF 3 LAKH OR MORE CITY UNION BANK SBI CARD PRIME 2 999 IN THE PRECEDING YEAR CITY UNION BANK SIMPLYSAVE SBI 499 499 WAIVED OFF ON ANNUAL SPENDS OF 1 LAKH OR MORE CARD IN THE PRECEDING YEAR 2999 WAIVED OFF ON ANNUAL SPENDS OF 3 LAKH OR MORE KARNATAKA BANK SBI CARD PRIME 2 999 IN THE PRECEDING YEAR KARNATAKA BANK SIMPLYSAVE SBI 499 WAIVED OFF ON ANNUAL SPENDS OF 1 LAKH OR MORE 499 CARD IN THE PRECEDING YEAR 2 999 WAIVED OFF ON ANNUAL SPENDS OF 3 LAKH OR MORE PSB SBI CARD PRIME 2 999 IN THE PRECEDING YEAR 4 999 WAIVED OFF ON ANNUAL SPENDS OF 10 LAKH OR MORE PSB SBI CARD ELITE 4 999 IN THE PRECEDING YEAR 499 WAIVED OFF ON ANNUAL SPENDS OF 1 LAKH OR MORE PSB SIMPLYSAVE SBI CARD 499 IN THE PRECEDING YEAR UCO BANK SIMPLYSAVE SBI CARD 499 499 WAIVED OFF ON ANNUAL SPENDS OF 1 LAKH OR MORE IN THE PRECEDING YEAR 2 999 WAIVED OFF ON ANNUAL SPENDS OF 3 LAKH OR MORE UCO BANK SBI CARD PRIME 2 999 IN THE PRECEDING YEAR 4 999 WAIVED OFF ON ANNUAL SPENDS OF 10 LAKH OR MORE 4 999 UCO BANK SBI CARD ELITE IN THE PRECEDING YEAR SIMPLYSAVE MERCHANT SBI CARD NIL NIL 499 WAIVED OFF ON ANNUAL SPENDS OF 1 LAKH OR MORE RELIANCE SBI CARD 499 IN THE PRECEDING YEAR 2 999 WAIVED OFF ON ANNUAL SPENDS OF 3 LAKH OR MORE 2 999 RELIANCE SBI CARD PRIME IN THE PRECEDING YEAR 2 999 WAIVED OFF ON ANNUAL SPENDS OF 3 LAKH OR MORE TITAN SBI CARD 2 999 IN THE PRECEDING YEAR 1 499 WAIVED OFF ON ANNUAL SPENDS OF 6 LAKH OR MORE SBI CARD MILES 1 499 IN THE PRECEDING YEAR 2 999 WAIVED OFF ON ANNUAL SPENDS OF 10 LAKH OR MORE SBI CARD MILES PRIME 2 999 IN THE PRECEDING YEAR SBI CARD MILES ELITE 4 999 4 999 WAIVED OFF ON ANNUAL SPENDS OF 15 LAKH OR MORE IN THE PRECEDING YEAR SHAURYA SELECT NIL NIL SOUTH INDIAN BANK SBI PLATINUM 2 999 2 999 CREDIT CARD SOUTH INDIAN BANK SIMPLYSAVE SBI 499 WAIVED OFF ON ANNUAL SPENDS OF RS 1 LAKH OR MORE 499 CARD IN THE PRECEDING YEAR KVB SBI SIGNATURE CARD 4 999 4 999 KARUR VYSYA BANK SBI PLATINUM 2 999 2 999 CREDIT CARD 499 WAIVED OFF ON ANNUAL SPENDS OF RS 1 LAKH OR MORE KARUR VYSYA BANK SBI CARD 499 IN THE PRECEDING YEAR CENTRAL SBI SELECT CARD 750 750 CENTRAL SBI SELECT CARD 2999 2999 FBB SBI STYLEUP CARD 499 499 IRCTC SBI PLATINUM CARD 500 500 2 999 WAIVED OFF ON ANNUAL SPENDS OF 3 LAKH OR MORE IN SOUTH INDIAN BANK SBI CARD PRIME 2 999 THE PRECEDING YEAR 4 999 WAIVED OFF ON ANNUAL SPENDS OF 10 LAKH OR MORE KVB SBI CARD ELITE 4 999 IN THE PRECEDING YEAR 2 999 WAIVED OFF ON ANNUAL SPENDS OF 3 LAKH OR MORE IN KVB SBI CARD PRIME 2 999 THE PRECEDING YEAR 499 WAIVED OFF ON ANNUAL SPENDS OF 1 LAKH OR MORE KVB SIMPLYSAVE SBI CARD 499 IN THE PRECEDING YEAR SBI CARD ELITE 4 999 4 999 WAIVED OFF ON ANNUAL SPENDS OF 10 LAKH OR MORE IN THE PRECEDING YEAR 4 999 WAIVED OFF ON ANNUAL SPENDS OF 10 LAKH OR MORE 4 999 SBI CARD ELITE ADVANTAGE IN THE PRECEDING YEAR SBI CARD PRIME NRI SECURED 1 500 1 500 499 WAIVED OFF ON ANNUAL SPENDS OF RS 1 LAKH OR MORE TATA NEU PLUS SBI CREDIT CARD 499 IN THE PRECEDING YEAR 1 499 WAIVED OFF ON ANNUAL SPENDS OF RS 3 LAKH OR TATA NEU INFINITY SBI CREDIT CARD 1 499 MORE IN THE PRECEDING YEAR 1 499 WAIVED OFF ON ANNUAL SPENDS OF RS 3 LAKH OR APOLLO SBI CARD SELECT 1 499 MORE IN THE PRECEDING YEAR BANK OF MAHARASHTRA SBI CARD 4 999 4 999 WAIVED OFF ON ANNUAL SPENDS OF RS 10 LAKH OR ELITE MORE IN THE PRECEDING YEAR BANK OF MAHARASHTRA SBI CARD 2 999 WAIVED OFF ON ANNUAL SPENDS OF RS 3 LAKH OR MORE 2 999 PRIME IN THE PRECEDING YEAR BANK OF MAHARASHTRA SIMPLYSAVE 499 WAIVED OFF ON ANNUAL SPENDS OF RS 1 LAKH OR MORE 499 SBI CARD IN THE PRECEDING YEAR 499 WAIVED OFF ON ANNUAL SPENDS OF RS 1 LAKH OR MORE PHONEPE SBI CARD PURPLE 499 IN THE PRECEDING YEAR PHONEPE SBI CARD SELECT 1 499 1 499 WAIVED OFF ON ANNUAL SPENDS OF RS 3 LAKH OR MORE BLACK IN THE PRECEDING YEAR 500 500 WAIVED OFF ON ANNUAL SPENDS OF RS 3 5 LAKH OR FLIPKART SBI CARD MORE IN THE PRECEDING YEAR 4 999 4 999 INDIGO SBI CARD ELITE 1 499 1 499 INDIGO SBI CARD PM SVANIDHI SBI CARD NIL NIL EXTENDED CREDIT INTEREST FREE CREDIT PERIOD 20 50 DAYS APPLICABLE ONLY ON RETAIL PURCHASES AND IF PREVIOUS MONTH S OUTSTANDING BALANCE IS PAID IN FULL FINANCE CHARGES 3 75 P M 45 P A FOR UNSECURED CARDS 2 75 P M 33 P A FOR SHAURYA DEFENCE CARDS AND SECURED CARDS 1 5 P M 18 P A FOR PM SVANIDHI SBI CARD MINIMUM FINANCE CHARGES 25 MINIMUM AMOUNT DUE 100 OF GST 100 OF EMI AMOUNT 100 OF FEES CHARGES 100 OF FINANCE CHARGES OVERLIMIT AMOUNT IF ANY 2 OF REMAINING BALANCE OUTSTANDING CASH ADVANCE CASH ADVANCE LIMIT CASH ADVANCE LIMIT IS A PART OF THE OVERALL CREDIT LIMIT CASH ADVANCE LIMIT IS INDICATED IN THE MONTHLY CARD STATEMENT MAX CASH WITHDRAWAL LIMIT IS RS 15 000 PER DAY ON MCC 6011 ATM WITHDRAWALS SUBJECT TO CASH ADVANCE LIMIT AVAILABILITY CASH ADVANCE IS NOT AVAILABLE FOR MCC 6010 OVER THE COUNTER CASH DISBURSEMENT CASH ADVANCE LIMIT IS NOT APPLICABLE FOR PM SVANIDHI SBI CARD FREE CREDIT PERIOD NIL FINANCE CHARGES 3 75 P M 45 P A FOR UNSECURED CARDS 2 75 P M 33 P A FOR SHAURYA DEFENCE CARDS AND SECURED CARDSTHE ABOVE MENTIONED CHARGES WILL BE APPLICABLE FROM THE DATE OF CASH WITHDRAWAL MINIMUM FINANCE CHARGES 25 CASH ADVANCE FEES SBI ATMS OTHER DOMESTIC ATMS 2 5 OF TRANSACTION AMOUNT SUBJECT TO A MINIMUM OF 500 INTERNATIONAL ATMS 2 5 OF TRANSACTION AMOUNT SUBJECT TO A MINIMUM OF 500 OTHER CHARGES FEES CASH PAYMENT FEE 250 PAYMENT DISHONOR FEE 2 OF PAYMENT AMOUNT SUBJECT TO A MINIMUM OF 500 CHEQUE PAYMENT FEE 200 LATE PAYMENT NIL FOR OUTSTANDING AMOUNT DUE FROM 0 500 400 FOR OUTSTANDING AMOUNT DUE GREATER THAN 500 UPTO 1000 750 FOR OUTSTANDING AMOUNT DUE GREATER THAN 1000 UPTO 10 000 950 FOR OUTSTANDING AMOUNT DUE GREATER THAN 10 000 UPTO 25 000 1100 FOR OUTSTANDING AMOUNT DUE GREATER THAN 25 000 UPTO 50 000 1300 FOR OUTSTANDING AMOUNT DUE GREATER THAN 50 000 ADDITIONAL LATE PAYMENT CHARGES 100 LATE PAYMENT CHARGES ON RE 500 FOR OUTSTANDING AMOUNT DUE GREATER THAN 1000 OVERLIMIT FEE 2 5 OF OVERLIMIT AMOUNT SUBJECT TO A MINIMUM OF RS 600 OVERLIMIT FEE WILL NOT BE REVERSED IN CASE OF TRANSACTION REVERSAL CANCELLATION REFUND CARD REPLACEMENT 100 250 1500 FOR AURUM EMERGENCY CARD REPLACEMENT WHEN ACTUAL COST SUBJECT TO A MINIMUM OF 175 FOR VISA AND 148 ABROAD FOR MASTERCARD FOREIGN CURRENCY TRANSACTION FEE 3 5 FOR ALL CARDS EXCEPT ELITE AURUM AND SBI CARD MILES SBI CARD MILES PRIME SBI CARD MILES ELITE AND TATA NEU INFINITY SBI CREDIT CARD 3 FOR SBI CARD MILES 2 5 FOR SBI CARD MILES PRIME AND 1 99 FOR ELITE AURUM SBI CARD MILES ELITE AND TATA NEU INFINITY SBI CREDIT CARD 3 5 FOR ALL CARDS EXCEPT ELITE AURUM AND SBI CARD MILES DYNAMIC CURRENCY CONVERSION FEE SBI CARD MILES PRIME SBI CARD MILES ELITE AND TATA NEU INFINITY SBI CREDIT CARD 3 FOR SBI CARD MILES 2 5 FOR SBI CARD MILES PRIME AND 1 99 FOR ELITE AURUM SBI CARD MILES ELITE AND TATA NEU INFINITY SBI CREDIT CARD NOT APPLICABLE FOR KRISHAK UNNATI SBI CARD AND PM SVANIDHI SBI CARD REWARDS REDEMPTION FEE 99 APPLICABLE ONLY ON PHYSICAL PRODUCT STATEMENT FEE CREDIT ON VOUCHERS THAT ARE SENT PHYSICALLY AS SPECIFIED IN THE INDIVIDUAL PRODUCT TERMS CONDITIONS FOR ALL CARDS EXCEPT AURUM W E F 1ST DEC 2024 1 OF TOTAL AMOUNT OF UTILITY PAYMENTS IF UTILITY PAYMENTS FEE THE TOTAL AMOUNT EXCEEDS RS 50 000 IN A BILLING CYCLE W E F 1ST NOV 25 1 OF THE TRANSACTION AMOUNT APPLICABLE ON FEE ON EDUCATION PAYMENT TRANSACTIONS EDUCATION PAYMENTS MADE THROUGH THIRD PARTY APPS HOWEVER PAYMENTS MADE DIRECTLY TO COLLEGES OR SCHOOLS VIA THEIR WEBSITES OR POS MACHINES WILL NOT ATTRACT ANY FEE W E F 1ST NOV 25 1 OF THE TRANSACTION AMOUNT APPLICABLE ON FEE ON WALLET LOAD TRANSACTIONS EVERY WALLET LOAD TRANSACTION EXCEEDING RS 1000 PROCESSING FEE ON ALL RENT PAYMENT 199 PROCESSING FEE WILL NOT BE REVERSED IN CASE OF TRANSACTIONS TRANSACTION REVERSAL CANCELLATION REFUND LOUNGECHARGES ALL AIRPORT LOUNGE VISITS WITHIN INDIA THROUGH INTERNATIONAL LOUNGE ACCESS PROGRAMS LIKE PRIORITY PASS PROGRAM WILL BE CHARGED A USAGE FEE OF UP TO USD 27 PER VISIT APPLICABLE TAXES FOR DETAILS PLEASE VISIT SBICARD COM ALL AIRPORT LOUNGE VISITS OUTSIDE INDIA THROUGH INTERNATIONAL LOUNGE ACCESS PROGRAMS LIKE PRIORITY PASS PROGRAM AFTER EXHAUSTING THE COMPLIMENTARY VISITS WILL BE CHARGED WITH A USAGE FEE OF UP TO USD 27 PER VISIT APPLICABLE TAXES FOR DETAILS PLEASE VISIT SBICARD COM GRACE PERIOD GRACE PERIOD OF 3 DAYS IS ALLOWED FROM THE PAYMENT DUE DATE ON CREDIT CARD ACCOUNTS WHERE PAYMENTS ARE NOT OVERDUE FROM PREVIOUS BILLING CYCLE S THE PAYMENT DUE DATE AS MENTIONED ON THE CREDIT CARD STATEMENT IS THE DATE BY WHICH CLEAR FUNDS MUST BE CREDITED TO THE CREDIT CARD HOWEVER 3 GRACE DAYS ARE PROVIDED TO ACCOMMODATE FOR PROCESSING TIME OF PAYMENTS SURCHARGE RAILWAY TICKETS WWW IRCTC CO IN AS PRESCRIBED BY IRCTC INDIAN RAILWAYS PETROL ALL PRODUCTS SERVICES SOLD 1 OF TRANSACTION AMOUNT ALL APPLICABLE TAXES AT PETROL PUMPS FUEL SURCHARGE IS LEVIED BY ACQUIRING BANK PROVIDING THE TERMINAL TO THE MERCHANT THE TRANSACTION VALUE ON CHARGE SLIP WILL DIFFER FROM CREDIT CARD STATEMENT SINCE THE SURCHARGE GST IS LEVIED BY ACQUIRING BANK ON THE TRANSACTION VALUE 1 FUEL SURCHARGE WAIVER EXCLUDING GST SHALL BE PROVIDED FOR ELIGIBLE TRANSACTION VALUE ON SELECT CARDS FUEL SURCHARGE WAIVER TERMS AND CONDITIONS MAY VARY REFER PRODUCT T CS FOR DETAILS FOR REWARD POINT REDEMPTION YOUR SBI CARD MUST NOT BE OVERDUE SUSPENDED BLOCKED CANCELLED OR TERMINATED BY SBICPSL AT THE TIME OF REDEMPTION REQUEST APPLICABLE TAXES MEANS FOR THE CARDHOLDERS HAVING STATE OF RESIDENCE IN THE RECORDS OF SBI CARD ON THE STATEMENT DATE AS HARYANA CENTRAL TAX 9 AND STATE TAX 9 FOR THE CARDHOLDERS HAVING STATE OF RESIDENCE IN THE RECORDS OF SBI CARD ON THE STATEMENT DATE AS OTHER THAN HARYANA INTEGRATED TAX 18 ALL TRANSACTIONS TOWARDS PAYMENT OF RENT THROUGH ANY MERCHANT WILL BE LEVIED RS 199 APPLICABLE TAXES AS PROCESSING FEE ALL THE TRANSACTIONS IDENTIFIED UNDER MERCHANT CATEGORY CODE MCC 6513 WILL BE CONSIDERED AS RENT PAYMENT TRANSACTIONS IMPORTANT POINTS PAYMENT OF ANY AMOUNT LESSER THAN THE TOTAL AMOUNT DUE IN ANY MONTH RESULTS IN INTEREST ACCRUAL ON THE BALANCE OUTSTANDING AMOUNT INCLUDING ANY NEW PURCHASES AND CASH ADVANCES TO ENJOY THE BENEFIT OF INTEREST FREE PERIOD PLEASE PAY THE TOTAL AMOUNT DUE TAD BEFORE THE PAYMENT DUE DATE PDD FURTHER MAKING ONLY THE MINIMUM PAYMENT EVERY MONTH WOULD RESULT IN THE REPAYMENT STRETCHING OVER MONTHS YEARS WITH CONSEQUENTIAL COMPOUNDED INTEREST PAYMENT ON YOUR OUTSTANDING BALANCE SMA NPA SPECIAL MENTION ACCOUNTS SMA IN FURTHERANCE TO REGULATORY REQUIREMENTS SBI CARD IS REQUIRED TO IDENTIFY INCIPIENT STRESS IN THE ACCOUNT BY CREATING A SUB ASSET CATEGORY VIZ SPECIAL MENTION ACCOUNTS SMA WITH THE THREE SUB CATEGORIES AS GIVEN IN THE TABLE BELOW CREDIT CARDS ARE TREATED AS LOANS OTHER THAN REVOLVING FACILITIES SMA SUB CATEGORIES BASIS FOR CLASSIFICATION PRINCIPAL OR INTEREST PAYMENT OR ANY OTHER AMOUNT WHOLLY OR PARTLY OVERDUE SMA 0 UPTO 30 DAYS FROM PAYMENT DUE DATE PDD SMA 1 MORE THAN 30 DAYS UPTO 60 DAYS FROM PDD SMA 2 MORE THAN 60 DAYS UPTO 90 DAYS FROM PDD EXAMPLE REGARDING CLASSIFICATION OF SMA IF PAYMENT DUE DATE PDD OF A CREDIT CARD ACCOUNT IS 31ST MARCH 2021 AND MINIMUM AMOUNT DUE MAD IS NOT RECEIVED BEFORE THIS DATE THEN AFTER THE DUE DATE THE ACCOUNT WILL BE MENTIONED AS SMA 0 IF THE ACCOUNT CONTINUES TO REMAIN OVERDUE BEYOND 30 DAYS FROM PDD I E BEYOND 30TH APRIL 2021 THEN THIS ACCOUNT SHALL GET TAGGED AS SMA 1 SIMILARLY IF THE ACCOUNT CONTINUES TO REMAIN OVERDUE BEYOND 60 DAYS FROM PDD I E BEYOND 30TH MAY 2021 THEN THIS ACCOUNT SHALL GET TAGGED AS SMA 2 NON PERFORMING ASSET NPA A CREDIT CARD ACCOUNT WILL BE TREATED AS NON PERFORMING ASSET NPA IF THE MINIMUM AMOUNT DUE AS MENTIONED IN THE STATEMENT IS NOT PAID FULLY WITHIN NINETY 90 DAYS FROM THE PDD MENTIONED IN THE STATEMENT FURTHER ANY ACCOUNT WHERE A SETTLEMENT OR RESTRUCTURING ARRANGEMENT HAS BEEN AVAILED WILL BE CLASSIFIED AS NPA AN ACCOUNT CONTINUES TO BE CLASSIFIED AS NPA TILL THE ENTIRE ARREARS OF INTEREST AND PRINCIPAL ARE PAID SETTLEMENT AND RESTRUCTURED ACCOUNTS DO NOT QUALIFY FOR AN UPGRADE FINALLY IF ANY CUSTOMER HAS EVEN ONE CREDIT CARD WITH SBICARD TAGGED AS NPA ALL CARDS OF THE CUSTOMER WILL BE CLASSIFIED AS NPA EXAMPLE REGARDING CLASSIFICATION OF AN ACCOUNT AS NPA IF PAYMENT DUE DATE PDD OF A CREDIT CARD ACCOUNT IS 31ST MARCH 2021 AND MINIMUM AMOUNT DUE AS MENTIONED IN THE STATEMENT HAS NOT BEEN FULLY PAID BY THE CUSTOMER WITHIN A PERIOD OF 90 DAYS FROM THE PDD I E TILL 29TH JUNE 2021 THEN THE LENDER SHALL CONSIDER THE CREDIT CARD ACCOUNT AS NPA AS PER RECENT RBI GUIDELINES CHEQUES SHOULD HAVE NO CORRECTIONS ON THE PAYEE NAME AMOUNT EITHER IN WORDS OR FIGURES HENCE WE REQUEST YOU TO TAKE CARE AT THE TIME OF ISSUING CHEQUES AGAINST YOUR SBI CARD DUES IN ORDER TO AVOID ANY INCONVENIENCE CHARGES INCASE OF ANY TRANSACTION DISPUTE PLEASE SEND A SIGNED DISPUTE FORM WITHIN 25 DAYS FROM DATE OF TRANSACTION TO CHARGEBACK SBICARD COM NO NEW STATEMENT WILL BE SENT IN CASE OF CREDIT BALANCE AND NO NEW TRANSACTION ON THE ACCOUNT WITHIN 30 DAYS OF THE LAST STATEMENT SBI CARDS MAY NOT APPROVE HIGH RISK TRANSACTIONS E G JEWELLERY ETC TO PREVENT MISUSE OR POTENTIAL FRAUD ON YOUR SBI CARD SBI CARD DISCLOSES INFORMATION REGARDING YOUR ACCOUNT TO CREDIT INFORMATION BUREAUS AGENCIES ON A REGULAR BASIS AS MANDATED BY RBI IN THE EVENT OF NON PAYMENT OF AT LEAST THE MINIMUM AMOUNT DUE BY THE PAYMENT DUE DATE YOUR CARD ACCOUNT WILL BE REPORTED AS DEFAULT TO CREDIT INFORMATION BUREAUS AGENCIES CARDHOLDERS WITH ACTIVE CREDIT CARDS WITH IDENTICAL BILLING CYCLE WILL BE ASSIGNED THE SAME BILLING CYCLE FOR ANY NEW CARD ISSUANCE BILLING CYCLE OF NEW CREDIT CARD S FOR CARDHOLDERS WITH ONLY ONE ACTIVE CREDIT CARD WILL BE SAME AS THE EXISTING CARD LET S CONNECT LET S SIMPLIFY FOR ALL CARD EXCEPT AURUM 39 02 02 02 PREFIX LOCAL STD CODE OR 1860 180 1290 BY PHONE BY E MAIL FOR ALL CARD EXCEPT AURUM CUSTOMERCARE SBICARD COM BY WEB FOR ALL CARD EXCEPT AURUM LOG ON TO WWW SBICARD COM AND REGISTER BY LETTER WRITE TO US AT MANAGER CUSTOMER CORRESPONDENCE UNIT DLF INFINITY TOWERS TOWERC 12TH FLOOR BLOCK 2 BUILDING 3 DLF CYBER CITY GURUGRAM 122002 HARYANA INDIA OR POST BAG NO 28 GPO NEW DELHI 110001 CUSTOMER GRIEVANCE REDRESSAL ALL GRIEVANCE ESCALATIONS SHOULD BE MARKED TO MR PROSENJIT DHAR NODAL OFFICER SBI CARDS AT ABOVE ADDRESS OR VIA EMAIL AT NODALOFFICER SBICARD COM IF CONCERN NOT RESOLVED WITHIN 15 DAYS YOU MAY APPROACH MR MANISH DEWAN HEAD CUSTOMER SERVICES AT CUSTOMERSERVICEHEAD SBICARD COM BILLING AND STATEMENT SBICPSL WILL SEND THE CARDHOLDER A MONTHLY STATEMENT SHOWING THE PAYMENTS CREDITED AND THE TRANSACTIONS DEBITED TO THE CARDHOLDER S ACCOUNT SINCE THE LAST STATEMENT PROVIDED THE CARD HAS BEEN ACTIVE DURING THE SAID PERIOD SBICPSL WILL EITHER MAIL A STATEMENT OF TRANSACTIONS IN THE CARD ACCOUNT TO THE MAILING ADDRESS IT HAS ON RECORD OR SEND A STATEMENT THROUGH EMAIL TO THE EMAIL ID ON RECORD ON A PRE DETERMINED DATE WAYS TO MAKE PAYMENT FOR YOUR SBI CREDIT CARD PAY VIA STANDING INSTRUCTION E NACH ENROLL FOR E NACH FOR AUTOMATED AND HASSLE FREE BILL PAYMENTS EVERY MONTH YOUR CARD DUES WILL BE DEDUCTED DIRECTLY FROM YOUR BANK ACCOUNT ON THE PAYMENT DUE DATE FOR MORE DETAILS VISIT WWW SBICARD COM PAY VIA UPI YOU CAN PAY YOUR BILL FASTER VIA UPI PAYMENT MODE ON SBI CREDIT CARD APP OR ON WEBSITE USING QR CODE NEFT NATIONAL ELECTRONIC FUNDS TRANSFER PAY YOUR SBI CREDIT CARD OUTSTANDING USING NEFT AND GET INSTANT CREDIT TO YOUR CARD ACCOUNT 24X7 USE YOUR 15 16 DIGIT CREDIT CARD NUMBER AS BENEFICIARY A C IFSC CODE SBIN00CARDS TO REGISTER YONO BY SBI PAY YOUR SBI CREDIT CARD BILLS WITH YONO BY SBI APP AND GET INSTANT CREDIT IN YOUR SBI CARD ACCOUNT PAYNET CLICK ON PAYNET AT WWW SBICARD COM TO MAKE YOUR PAYMENT ONLINE THROUGH NETBANKING OR YOUR SBI ATM CUM DEBIT CARD PAYMENT WILL REFLECT INSTANTLY ON YOUR SBI CREDIT CARD ACCOUNT FOR BANK DETAILS PLEASE LOG ONTO WWW SBICARD COM DEBIT CARD PAYMENT PAY ONLINE USING SELECTED BANKS DEBIT CARD PAYMENT WILL REFLECT INSTANTLY ON YOUR SBI CREDIT CARD ACCOUNT FOR MORE DETAILS VISIT WWW SBICARD COM VISA CREDIT CARD PAY USE VISA CREDIT CARD PAY TO PAY YOUR SBI CREDIT CARD BILL YOUR PAYMENT WILL BE CREDITED INSTANTLY AUTO DEBIT AUTHORIZE SBI CARD TO DEBIT YOUR BANK ACCOUNT SAVINGS CURRENT BY FILLING THE AUTO DEBIT MANDATE AVAILABLE AT SELECTED BANKS FOR MORE DETAILS VISIT WWW SBICARD COM MASTERCARD MONEYSEND DOWNLOAD ANY AUTHORIZED THIRD PARTY PAYMENT APP USE A PLATFORM THAT SUPPORTS THE MASTERCARD MONEYSEND PAYMENT MODE YOUR PAYMENT WILL BE CREDITED INSTANTLY TO YOUR CREDIT CARD ACCOUNT BBPS VISIT THE SBI UNIPAY WEBSITE TO PAY YOUR CREDIT CARD BILL CONVENIENTLY AND SECURELY THROUGH BHARAT BILL PAYMENT SYSTEM OTC PAY YOUR SBI CREDIT CARD DUES OVER THE COUNTER AT ANY SBI BRANCH IN INDIA ATM PAY AT ANY SBI ATM WITH YOUR SBI DEBIT CARD THIS SERVICE IS AVAILABLE AT ALL SBI ATMS ACROSS INDIA CHEQUE PAY YOUR SBI CREDIT CARD DUES THROUGH CHEQUE YOU CAN DROP YOUR CHEQUE AT ANY OF THE SBI CARD DROP BOXES AVAILABLE ACROSS INDIA NOTE FOR SMOOTH PROCESSING OF PAYMENT MADE TOWARDS YOUR CARD OUTSTANDING PLEASE AVOID USING PAYMENT MODES NOT ADVISED BY SBI CARD TO KNOW MORE ABOUT THE WAYS TO MAKE PAYMENT PLEASE VISIT HTTPS SBICARD COM EN PERSONAL PAY PAGE IMPORTANT COMMUNICATION ON PAYMENT DECLINE AS PER SBI CARD INTERNAL POLICY PAYMENTS MADE BY CUSTOMER THROUGH ANY INSTANT CHANNEL NEFT VISA MONEY TRANSFER MASTERCARD MONEYSEND BBPS PAYNET DEBIT CARD OR UPI WILL BE DECLINED IF THE AMOUNT PAID IS MORE THAN THE CURRENT OUTSTANDING HENCE CUSTOMERS ARE ADVISED NOT TO MAKE EXCESS PAYMENT TOWARDS THEIR CREDIT CARD AN ILLUSTRATION OF THE FINANCE CHARGE CALCULATION STATEMENT DATE IS 2ND OF EVERY MONTH AND PAYMENT DUE DATE IS 22ND OF EVERY MONTH THE INTEREST FREE PERIOD IS FROM THE 3RD OF EVERY MONTH TO 22ND OF THE NEXT MONTH PROVIDED THE PREVIOUS OUTSTANDING BALANCE IS PAID IN FULL MAKING ONLY THE MINIMUM PAYMENT EVERY MONTH WOULD RESULT IN THE REPAYMENT STRETCHING OVER YEARS WITH CONSEQUENT INTEREST PAYMENT ON YOUR OUTSTANDING BALANCE CARDHOLDER MAKES A RETAIL PURCHASE OF 1 200 ON 30TH APRIL THEREFORE THE TOTAL AMOUNT DUE ON THE STATEMENT DATED 2ND MAY IS 1 200 TO BE PAID BEFORE 22ND MAY ON 21ST MAY THE CARDHOLDER PAYS MINIMUM AMOUNT DUE OF 200 ON 25TH MAY CARDHOLDER MAKES A FRESH PURCHASE OF 1 000 STATEMENT DATED 2ND JUNE WOULD SHOW THE FOLLOWING COMPONENTS A FINANCE CHARGE CALCULATED OUTSTANDING AMOUNT X 3 75 X 12 MONTHS X NO OF DAYS 365 FINANCE CHARGE ON 1 200 FROM 30TH APRIL TO 20TH MAY 21 DAYS 31 07 FINANCE CHARGE ON 1 000 FROM 21ST MAY TO 2ND JUNE 13 DAYS 16 03 FINANCE CHARGE ON 1 000 OF FRESH PURCHASE FROM 25TH MAY TO 2ND JUNE 9 DAYS 11 10 TOTAL FINANCE CHARGE FOR 2ND JUNE CYCLE 58 19 B TOTAL PRINCIPAL AMOUNT OUTSTANDING 2 000 BALANCE 1 000 OUTSTANDING FROM LAST MONTH S BILLING PERIOD 1 000 FRESH PURCHASE HENCE TOTAL AMOUNT DUE A B APPLICABLE TAXES IF MINIMUM AMOUNT DUE OF 200 IS NOT PAID BY DUE DATE OF 22ND MAY LATE PAYMENT CHARGES AS APPLICABLE WOULD BE LEVIED KRISHAK UNNATI SBI CARD CUSTOMERS PLEASE REFER TO BELOW TABLE PLEASE NOTE THAT THE FOLLOWING FEES AND CHARGES ARE NOT APPLICABLE FOR KRISHAK UNNATI SBI CARD CASH ADVANCE FEE NO CASH LIMIT ALLOCATED FOREX MARKUP INTERNATIONAL USAGE NOT ALLOWED CASH PAYMENT FEE FINANCE CHARGES LATE PAYMENT CHARGES PAYMENT DISHONOR FEE CARD REPLACEMENT FEE CHEQUE FEE CHEQUE PICKUP FEE STATEMENT RETRIEVAL FEE OVERLIMIT FEE REWARD REDEMPTION FEE SURCHARGES AND OTHER DUTIES ALONG WITH APPLICABLE TAXES WILL BE APPLICABLE THIS CARD DOES NOT OFFER CARDHOLDER A REVOLVING CREDIT FACILITY CARDHOLDER HAS TO PAY TOTAL AMOUNT DUE PRINTED ON THE STATEMENT SIMPLYSAVE MERCHANT SBI CARD IS A CHARGE CARD THIS CARD DOES NOT OFFER CARDHOLDER A REVOLVING CREDIT FACILITY CARDHOLDER HAS TO PAY TOTAL AMOUNT DUE PRINTED ON THE STATEMENT FOR THE PURPOSES OF SIMPLYSAVE MERCHANT SBI CARD ONLY THE TOTAL AMOUNT DUE TAD WILL BE CONSTRUED TO BE EQUAL TO THE MINIMUM AMOUNT DUE MAD ORDER OF PAYMENT SETTLEMENT PAYMENT RECEIVED AGAINST THE CARDHOLDER S OUTSTANDING WILL BE ADJUSTED AGAINST 100 OF GST 100 OF EMI AMOUNT 100 OF FEES CHARGES 100 OF FINANCE CHARGES BALANCE TRANSFER RETAIL SPENDS AND CASH ADVANCE IN THAT ORDER UTILITY PAYMENTS SHALL BE IDENTIFIED UNDER MERCHANT CATEGORY CODE MCC 4900 ON BEST EFFORT BASIS THE MCCS ARE DEFINED BY THE NETWORK PARTNERS AND ARE SUBJECT TO CHANGE BASIS THEIR DISCRETION AND SUCH CHANGES SHALL BE IMPLEMENTED BASIS COMMUNICATION FROM THE NETWORKS WITHOUT ANY REQUIREMENT FOR INTIMATION INFORMATION TO THE CUSTOMERS IDENTIFIED UNDER MERCHANT CATEGORY CODE MCC 8211 8220 8241 8244 8249 AND 8299 ON BEST EFFORT BASIS THIRD PARTY APPS LIKE BUT NOT LIMITED TO CRED CHEQ MOBIKWIK ETC IDENTIFIED UNDER MERCHANT CATEGORY CODE MCC 6540 AND 6541 ON BEST EFFORT BASIS THE MCCS ARE DEFINED BY THE NETWORK PARTNERS AND ARE SUBJECT TO CHANGE BASIS THEIR DISCRETION AND SUCH CHANGES SHALL BE IMPLEMENTED BASIS COMMUNICATION FROM THE NETWORKS WITHOUT ANY REQUIREMENT FOR INTIMATION INFORMATION TO THE CUSTOMERS,"Airfiber Networks P Krishnagiri IN (Pay in EMIs) SAVINGS AND BENEFITS SECTION For this statement For this year From the card issue date Offer Cashback ( ` )# 0.00 0.00 0.00 Petrol Surcharge Waiver( ` )# 0.00 0.00 0.00 Card Cashback ( ` )# 749 29 20248 # with effect from transactions dated 17-Nov-2011. Treatment of EMI benefits / services availed by the cardholder Instant information 24X7, by just sending an SMS to 5676791 once the account turns NPA : A day after the statement is generated post account Simply Balance Enquiry: Available Credit & Cash limit: classification as NPA, all EMI plans (excluding restructured plans) SMS BAL XXXX AVAIL XXXX available on the account shall be closed & the principal outstanding along with the outstanding interest accrued till the Hotlist Lost/Stolen Card: Last Payment Status: date of such EMI plans shall be debited to the Credit Card BLOCK XXXX PAYMENT XXXX Account & appear in the subsequent monthly statement. SBI Card Reward Point Summary: Subscribe to Estatement: shall be entitled to demand immediate repayment of such REWARD XXXX ESTMT XXXX consolidated outstanding amounts. As a part of the Credit Card Duplicate Statement: Account, this balance will attract all applicable charges (including DSTMT XXXX Statement Period in MMYY finance charges at applicable interest rate) as outlined in the MITC. XXXX = Last 4 Digits of the Card No. W.e.f. 15 Sep 2025, a revised ‘Cheque Processing Fee’ of Rs. Important Information on Disputed Transaction(s): 200 will be applicable on outstanding payments made via Cheque. This revision is reflective of the increased operational •Kindly note that this temporary credit (T) has been rendered to cost associated with offline payment modes. Payments made you in the interim and though the amount is included in your through digital channels such as UPI, BBPS, NEFT, etc will available credit limit, you will not be able to spend the amount continue to be free of any additional charges. We encourage our while the dispute is still under investigation. cardholders to explore digital modes for hassle-free payments & •As we are dependent on feedback from external parties such as faster credits. acquiring bank, closure of such disputes may take up to a maximum of 120 days from date of initiation of investigation. Important Notes •Post completion of the investigation, in case the dispute is •Description of Services :- Credit Card Services not closed in cardholder’s favor, the temporary credit shall be •HSN Code : 997113 reversed and corresponding debit entry shall reflect on the •Declaration : We hereby declare that the tax in relation to this card account. However, in case the dispute gets resolved in statement is not payable under reverse charge mechanism favor of the cardholder, the temporary credit shall be •Name and the address of the supplier : SBI Cards and Payment regularized and replaced by a permanent credit. Reward Points Services Limited (SBI Card) , DLF Cyber City, Tower C, for the disputed transaction will be debited in case the dispute is Block 2, Building 3 DLF Infinity Towers,12th Floor, Gurugram, closed in cardholders favor. Further any charges levied on the HR - 122002 disputed transaction during the period of investigation will be reversed,however same will be billed in the subsequent card statement, incase the dispute is not closed in cardholders favor. Log onto sbicard.com to view the “Most Important Terms & •All transaction disputes are resolved as per the Network Conditions” & updated information on all ongoing offers. (VISA, MasterCard, Rupay, Amex) Guidelines. You will receive SBI Card (SBICPSL) is a Corporate Agent of Royal Sundaram continuous updates on status of the dispute. General Insurance Co. Limited, SBI General Insurance The interest amount chargeable in the 1st EMI will be calculated Company Limited and SBI Life Insurance Company Limited for the period between Plan Open Date (Encash, Encash Inline, BT Vide IRDAI Registration Code CA0075. Insurance is the on EMI & Flexipay)/Booking Confirmation Date (Merchant EMI) subject matter of solicitation. and the payment due date (PDD), as per the credit card statement cycle. From 2nd EMI onwards, interest will be levied for a 30-day period, from one PDD to the next PDD. Hence, the 1st EMI amount may be different from subsequent EMIs. SAFETY FIRST •SBI Card has now introduced OTP for 3D secure authentication of all Online Credit Card transactions •Please ensure your current mobile no. is registered with us •Please do not share this 6 digits OTP with anyone. SBI Card never asks for such information IMPORTANT INFORMATION . . . . . Important Terms & Conditions Charges & Cardholder Agreement Privacy Policy Reach Us Payment Options CKYC CKYC (Central Know Your Customer) is a centralized database of KYC records of customers taking financial services from Banks, NBFCs etc. CKYC Identifier is a unique number generated for an individual on completing KYC formalities at the time of account opening/updation. Transactions that remain unbilled on the statement date will reflect in the next cycle. You can check transaction status at https://sbicard.com , Mobile App or https://ila.sbicard.com/. W.e.f. 1st Nov’25, the following charges will be levied on the below mentioned transactions. For more details, please refer the Most Important Terms and Conditions (MITC) on www.sbicard.com. • Fee of 1% of the transaction amount applicable on Education Payments made through third-party apps. However, payments made directly to colleges or schools via their websites or POS machines will not attract any fee. • Fee of 1% of the transaction amount applicable on every wallet load transaction exceeding Rs.1000. •Declaration : I/We hereby declare that though our aggregate turnover in any preceding financial year from 2017-18 onwards is more than the aggregate turnover notified under sub-rule (4) of rule 48, we are not required to prepare an invoice in terms of the provisions of the said sub-rule. Version 1.1 / OCT, 2025 For SBI Cards and Payment Services Limited (SBI Card). Authorized Signatory Schedule of Charges Annual Credit Card Name Renewal Fee (Rs.) Fee (Rs.) 9,999 (Waived off on annual spends of 12 Lakh or more AURUM 9,999 in the preceding year) KrisFlyer SBI Card Apex 9,999 9,999 KrisFlyer SBI Card 2,999 2,999 2,999 (Waived off on annual spends of 3 Lakh or more SBI Card PRIME 2,999 in the preceding year) 2,999 (Waived off on annual spends of 3 Lakh or more SBI Card PRIME Advantage 2,999 in the preceding year) 1,499 (Waived off on annual spends of 2 Lakh or more Doctor's SBI Card 1,499 in the preceding year) 1,499 (Waived off on annual spends of 1.5 Lakh or more Shaurya Select SBI Card 1,499 in the preceding year) 250 (Waived off on annual spends of 50,000 or more Shaurya SBI Card 250 in the preceding year) 1,499 (Waived off on annual spends of 2 Lakh or more in SBI Card PULSE 1,499 the preceding year) 999 (Waived off on annual spends of 2 Lakh or more 999 CASHBACK SBI Card in the preceding year) 499 (Waived off on annual spends of 1 Lakh or more SimplyCLICK SBI Card 499 in the preceding year) 499 (Waived off on annual spends of 1 Lakh or more in SimplyCLICK Advantage SBI Card 499 the preceding year) 499 (Waived off on annual spends of 1 Lakh or more SimplySAVE SBI Card 499 in the preceding year) 499 (Waived off on annual spends of 1 Lakh or more SimplySAVE Advantage SBI Card 499 in the preceding year) SBI Card Unnati NIL 499 (5th Year Onwards) 499 (Waived off on annual spends of 30,000 or more in Krishak Unnati SBI Card NIL the preceding year) Aditya Birla SBI Card 499 499 Aditya Birla SBI Card SELECT 1,499 1,499 Air India SBI Platinum Card 1,499 1,499 Air India SBI Signature Card 4,999 4,999 499 (Waived off on annual spends of 1 Lakh or more Apollo SBI Card 499 in the preceding year) 499 (Waived off on annual spends of 50000 or more in BPCL SBI Card 499 the preceding year) 1,499 (Waived off on annual spends of 2 Lakh or more BPCL SBI Card Octane 1,499 in the preceding year) Club Vistara SBI Card PRIME 2,999 2,999 Club Vistara SBI Card 1,499 1,499 499 (Waived off on annual spends of 1 Lakh or more Delhi Metro SBI Card 499 in the preceding year) Etihad Guest SBI Card 1,499 1,499 Etihad Guest SBI Premier Card 4,999 4,999 499 (Waived off on annual spends of 1 Lakh or more Fabindia SBI Card 499 in the preceding year) 1,499 (Waived off on annual spends of 2 Lakh or more Fabindia SBI Card SELECT 1,499 in the preceding year) IRCTC SBI card 500 500 1,499 (Waived off on annual spends of 2 Lakh or more IRCTC SBI Card Premier 1,499 in the preceding year) ""Lifestyle Home Centre SBI Card , MAX SBI 499 499 Card, SPAR SBI Card"" ""Lifestyle Home Centre SBI Card PRIME, 2,999 2,999 MAX SBI Card PRIME, SPAR SBI Card PRIME"" ""Lifestyle Home Centre SBI Card SELECT, 1,499 1,499 MAX SBI Card SELECT, SPAR SBI Card SELECT"" 1,499 (Waived off on annual spends of 2 Lakh or more Nature's Basket SBI Card 1,499 in the preceding year) 4,999 (Waived off on annual spends of 10 Lakh or more Nature's Basket SBI Card ELITE 4,999 in the preceding year) 499 (Waived off on annual spends of 1 Lakh or more in OLA Money SBI Card NIL the preceding year) Paytm SBI Card 499 499 1,499 (Waived off on annual spends of 2 Lakh or more in Paytm SBI Card SELECT 1,499 the preceding year) 499 (Waived off on annual spends of 1 Lakh or more in Yatra- SBI Card 499 the preceding year) 2,999 (Waived off on annual spends of 3 Lakh or more City Union Bank SBI Card PRIME 2,999 in the preceding year) City Union Bank SimplySAVE SBI 499 499 (Waived off on annual spends of 1 Lakh or more Card in the preceding year) 2999 (Waived off on annual spends of 3 Lakh or more Karnataka Bank SBI Card PRIME 2,999 in the preceding year) Karnataka Bank SimplySAVE SBI 499 (Waived off on annual spends of 1 Lakh or more 499 Card in the preceding year) 2,999 (Waived off on annual spends of 3 Lakh or more PSB SBI Card PRIME 2,999 in the preceding year) 4,999 (Waived off on annual spends of 10 Lakh or more PSB SBI Card ELITE 4,999 in the preceding year) 499 (Waived off on annual spends of 1 Lakh or more PSB SimplySAVE SBI Card 499 in the preceding year) UCO Bank SimplySAVE SBI Card 499 499 (Waived off on annual spends of 1 Lakh or more in the preceding year) 2,999 (Waived off on annual spends of 3 Lakh or more UCO Bank SBI Card PRIME 2,999 in the preceding year) 4,999 (Waived off on annual spends of 10 Lakh or more 4,999 UCO Bank SBI Card ELITE in the preceding year) SimplySAVE Merchant SBI Card NIL NIL 499 (Waived off on annual spends of 1 Lakh or more Reliance SBI Card 499 in the preceding year) 2,999 (Waived off on annual spends of 3 Lakh or more 2,999 Reliance SBI Card PRIME in the preceding year) 2,999 (Waived off on annual spends of 3 Lakh or more Titan SBI card 2,999 in the preceding year) 1,499 (Waived off on annual spends of 6 Lakh or more SBI Card MILES 1,499 in the preceding year) 2,999 (Waived off on annual spends of 10 Lakh or more SBI Card MILES PRIME 2,999 in the preceding year) SBI Card MILES ELITE 4,999 4,999 (Waived off on annual spends of 15 Lakh or more in the preceding year) Shaurya Select NIL NIL South Indian Bank SBI Platinum 2,999 2,999 Credit Card South Indian Bank SimplySAVE SBI 499 (Waived off on annual spends of Rs. 1 lakh or more 499 Card in the preceding Year) KVB SBI Signature Card 4,999 4,999 Karur Vysya Bank SBI Platinum 2,999 2,999 Credit Card 499 (Waived off on annual spends of Rs. 1 lakh or more Karur Vysya Bank SBI Card 499 in the preceding Year) Central SBI Select Card 750 750 Central SBI Select+ Card 2999 2999 FBB SBI Styleup Card 499 499 IRCTC SBI Platinum Card 500 500 2,999 (Waived off on annual spends of 3 lakh or more in South Indian Bank SBI Card PRIME 2,999 the preceding Year) 4,999 (Waived off on annual spends of 10 lakh or more KVB SBI Card ELITE 4,999 in the preceding Year) 2,999 (Waived off on annual spends of 3 lakh or more in KVB SBI Card PRIME 2,999 the preceding Year) 499 (Waived off on annual spends of 1 lakh or more KVB SimplySAVE SBI Card 499 in the preceding Year) SBI Card ELITE 4,999 4,999 (Waived off on annual spends of 10 lakh or more in the preceding Year) 4,999 (Waived off on annual spends of 10 lakh or more 4,999 SBI Card ELITE Advantage in the preceding Year) SBI Card PRIME NRI Secured 1,500 1,500 499 (Waived off on annual spends of Rs.1 Lakh or more Tata Neu Plus SBI Credit Card 499 in the preceding year) 1,499 (Waived off on annual spends of Rs.3 Lakh or Tata Neu Infinity SBI Credit Card 1,499 more in the preceding year) 1,499 (Waived off on annual spends of Rs. 3 lakh or Apollo SBI Card SELECT 1,499 more in the preceding year) Bank of Maharashtra SBI Card 4,999 4,999 (Waived off on annual spends of Rs.10 Lakh or ELITE more in the preceding year) Bank of Maharashtra SBI Card 2,999 (Waived off on annual spends of Rs.3 Lakh or more 2,999 PRIME in the preceding year) Bank of Maharashtra SimplySAVE 499 (Waived off on annual spends of Rs.1 Lakh or more 499 SBI Card in the preceding year) 499 (Waived off on annual spends of Rs.1 Lakh or more PhonePe SBI Card PURPLE 499 in the preceding year) PhonePe SBI Card SELECT 1,499 1,499 (Waived off on annual spends of Rs.3 Lakh or more BLACK in the preceding year) 500 500 ( Waived off on Annual Spends of Rs 3.5 Lakh or Flipkart SBI Card more in the preceding year ) 4,999 4,999 IndiGo SBI Card ELITE 1,499 1,499 IndiGo SBI Card PM SVANidhi SBI Card NIL NIL Extended Credit Interest Free Credit Period 20-50 days (applicable only on retail purchases and if previous month’s outstanding balance is paid in full) Finance Charges 3.75% p.m. (45% p.a.) for Unsecured Cards; 2.75% p.m. (33% p.a.) for Shaurya, Defence Cards and Secured cards 1.5% p.m. (18% p.a.) for PM SVANidhi SBI Card Minimum Finance Charges `25 Minimum Amount Due 100% of GST + 100% of EMI amount + 100% of Fees/Charges + 100% of finance charges + Overlimit Amount (if any) + 2% of remaining balance outstanding. Cash Advance Cash Advance Limit Cash Advance Limit is a part of the overall Credit Limit. Cash Advance Limit is indicated in the monthly card statement. Max. cash withdrawal limit is Rs.15,000 per day on MCC - 6011(ATM Withdrawals), subject to Cash Advance Limit availability.Cash Advance is not available for MCC - 6010 (""over-the-counter"" cash disbursement).Cash Advance Limit is not applicable for PM SVANidhi SBI Card. Free Credit Period Nil Finance Charges 3.75% p.m. (45% p.a.) for Unsecured Cards; 2.75% p.m. (33% p.a.) for Shaurya, Defence Cards and Secured cardsThe above-mentioned charges will be applicable from the date of Cash withdrawal. Minimum Finance Charges `25 Cash Advance Fees SBI ATMs/Other Domestic ATMs 2.5% of transaction amount (subject to a minimum of `500) International ATMs 2.5% of transaction amount (subject to a minimum of `500) Other Charges & Fees Cash Payment fee `250 Payment Dishonor fee 2% of Payment amount (subject to a minimum of `500) Cheque Payment Fee `200 Late Payment Nil for Outstanding Amount due from `0 -`500; `400 for Outstanding Amount due greater than `500 & upto `1000 `750 for Outstanding Amount due greater than `1000 & upto `10,000; `950 for Outstanding Amount due greater than `10,000 & upto `25,000; `1100 for Outstanding Amount due greater than `25,000 & upto `50,000; `1300 for Outstanding Amount due greater than `50,000 Additional late payment charges `100 Late Payment Charges on RE `500 for Outstanding Amount due greater than `1000 Overlimit Fee 2.5% of Overlimit Amount (subject to a minimum of Rs 600). Overlimit Fee will not be reversed in case of transaction reversal / cancellation /refund Card Replacement `100 - `250 (`1500 for Aurum) Emergency Card Replacement (When Actual cost (subject to a minimum of $175 for VISA and $ 148 Abroad) for Mastercard) Foreign Currency Transaction Fee 3.5% (For all cards Except Elite, Aurum and SBI Card Miles. SBI Card Miles Prime, SBI Card Miles Elite and Tata Neu Infinity SBI Credit Card), 3% for SBI Card Miles, 2.5% for SBI Card Miles Prime and 1.99% (For ELITE, Aurum, SBI Card Miles Elite and Tata Neu Infinity SBI Credit Card) 3.5% (For all cards Except Elite, Aurum and SBI Card Miles. Dynamic Currency Conversion Fee SBI Card Miles Prime, SBI Card Miles Elite and Tata Neu Infinity SBI Credit Card), 3% for SBI Card Miles, 2.5% for SBI Card Miles Prime and 1.99% (For ELITE, Aurum, SBI Card Miles Elite and Tata Neu Infinity SBI Credit Card).Not Applicable for Krishak Unnati SBI Card and PM SVANidhi SBI Card. Rewards Redemption Fee `99. Applicable only on physical product, Statement Fee Credit & on vouchers that are sent physically as specified in the individual product Terms & Conditions, for all cards except AURUM. w.e.f. 1st Dec 2024, 1% of total amount of Utility Payments, if Utility Payments Fee**** the total amount exceeds Rs. 50,000 in a billing cycle. W.e.f. 1st Nov’25, 1% of the transaction amount applicable on Fee on Education Payment Transactions^ Education Payments made through third-party apps.^^ However, payments made directly to colleges or schools via their websites or POS machines will not attract any fee. W.e.f. 1st Nov’25, 1% of the transaction amount applicable on Fee on Wallet Load Transactions^^^ every wallet load transaction exceeding Rs.1000. Processing Fee on all Rent Payment `199. Processing Fee will not be reversed in case of Transactions*** transaction reversal / cancellation / refund LoungeCharges All Airport Lounge visits within India through International Lounge Access Programs(like Priority Pass program) will be charged a usage fee of up to USD 27 per visit + applicable taxes. For details, please visit sbicard.com All Airport Lounge visits outside India through International Lounge Access Programs(like Priority Pass program) , after exhausting the complimentary visits, will be charged with a usage fee of up to USD 27 per visit + applicable taxes. For details, please visit sbicard.com Grace period Grace period of 3 days is allowed from the payment due date on credit card accounts, where payments are not overdue from previous billing cycle(s). The payment due date as mentioned on the credit card statement is the date by which clear funds must be credited to the credit card, however 3 grace days are provided to accommodate for processing time of payments. Surcharge Railway Tickets - www.irctc.co.in As prescribed by IRCTC / Indian Railways Petrol & all products/services sold 1% of transaction amount + all applicable taxes at petrol pumps Fuel surcharge is levied by acquiring bank providing the terminal to the merchant.The transaction value on charge slip will differ from credit card statement since the surcharge & GST is levied by acquiring bank on the transaction value. 1% fuel surcharge waiver (excluding GST) shall be provided for eligible transaction value on select cards.Fuel surcharge waiver terms and conditions may vary.Refer product T&Cs for details. For Reward Point redemption, your SBI Card must not be overdue, suspended, blocked,cancelled or terminated by SBICPSL at the time of redemption request. **Applicable taxes means:- For the cardholders having state of residence in the records of SBI Card on the statement date as ""Haryana"" - Central Tax @ 9% and State Tax @ 9% - For the cardholders having state of residence in the records of SBI Card on the statement date as other than ""Haryana"" - Integrated Tax @ 18%.***All transactions towards payment of rent through any merchant will be levied Rs.199+Applicable Taxes as processing fee. All the transactions identified under Merchant Category Code (MCC) 6513 will be considered as rent payment transactions. Important Points ""Payment of any amount lesser than the Total Amount Due in any month results in interest accrual on the balance outstanding amount including any new purchases and cash advances. To enjoy the benefit of interest free period, please pay the Total Amount Due (TAD) before the Payment Due Date (PDD). Further, making only the minimum payment every month would result in the repayment stretching over months/years with consequential compounded interest payment on your outstanding balance."" SMA & NPA •Special Mention Accounts (‘SMA’): In furtherance to Regulatory requirements, SBI Card is required to identify incipient stress in the account by creating a sub-asset category viz. ‘Special Mention Accounts (‘SMA’)"" with the three sub-categories as given in the table below. Credit cards are treated as ""Loans other than revolving facilities"". SMA Sub-categories Basis for classification [Principal or interest payment or any other amount wholly or partly overdue] SMA – 0 Upto 30 days from Payment Due Date (‘PDD’). SMA – 1 More than 30 days &upto 60 days from PDD SMA – 2 More than 60 days &upto 90 days from PDD Example regarding classification of SMA: If Payment Due Date (‘PDD’) of a Credit Card account is 31st March 2021, and ’Minimum Amount Due (‘MAD’) is not received before this date then after the due date, the account will be mentioned as SMA-0. If the account continues to remain overdue beyond 30 days from PDD i.e., beyond 30th April 2021 then this account shall get tagged as SMA-1. Similarly, if the account continues to remain overdue, beyond 60 days from PDD i.e., beyond 30th May 2021 then this account shall get tagged as SMA-2. •Non-Performing Asset (‘NPA’): A credit card account will be treated as non-performing asset (‘NPA’) if the Minimum Amount Due, as mentioned in the statement, is not paid fully within ninety (90) days from the PDD mentioned in the statement. Further, any account where a settlement or restructuring arrangement has been availed will be classified as NPA. An account continues to be classified as NPA till the entire arrears of interest and principal are paid. Settlement and restructured accounts do not qualify for an upgrade. Finally, if any customer has even one credit card with SBICard tagged as NPA, all cards of the customer will be classified as NPA. Example regarding classification of an account as NPA: If Payment Due Date (‘PDD’) of a Credit Card account is 31st March 2021, and Minimum Amount Due as mentioned in the statement has not been fully paid by the customer within a period of 90 days from the PDD i.e., till 29th June 2021, then the lender shall consider the credit card account as NPA. As per recent RBI Guidelines, cheques should have no corrections on the payee name, amount either in words or figures. Hence, we request you to take care at the time of issuing cheques against your SBI Card dues in order to avoid any inconvenience / charges. Incase of any transaction dispute please send a signed dispute form within 25 days from date of transaction to chargeback@sbicard.com No new statement will be sent, in case of credit balance and no new transaction on the account within 30 days of the last statement. SBI Cards may not approve High Risk Transactions (e.g. Jewellery etc.) to prevent misuse or potential fraud on your SBI Card. SBI Card discloses information regarding your account to credit information bureaus / agencies on a regular basis, as mandated by RBI. In the event of non-payment of at least the Minimum Amount Due by the Payment Due Date, your card account will be reported as ‘Default’ to credit information bureaus / agencies. Cardholders with active credit cards with identical billing cycle will be assigned the same billing cycle for any new card issuance. Billing cycle of new credit card(s), for cardholders with only one active credit card, will be same as the existing card. Let’s Connect! Let’s Simplify! For All Card (except AURUM) : 39 02 02 02 (prefix local STD code) or 1860 180 1290 By Phone By E-mail For All Card (except AURUM) : customercare@sbicard.com By Web For All Card (except AURUM) : Log on to www.sbicard.com and register By Letter Write to us at Manager, Customer Correspondence Unit DLF Infinity Towers, TowerC, 12th Floor, Block 2, Building 3, DLF Cyber City, Gurugram – 122002 (Haryana)India or Post Bag No.28, GPO, New Delhi – 110001 CUSTOMER GRIEVANCE REDRESSAL: All grievance escalations should be marked to Mr. Prosenjit Dhar (Nodal Officer), SBI Cards at above address or via email at nodalofficer@sbicard.com. If concern not resolved within 15 days, you may approach Mr. Manish Dewan - Head, Customer Services at CustomerServiceHead@sbicard.com BILLING AND STATEMENT SBICPSL will send the Cardholder a monthly statement showing the payments credited and the transactions debited to the Cardholder's Account since the last statement, provided the card has been active during the said period. SBICPSL will either mail a statement of transactions in the card account to the mailing address it has on record, or send a statement through email to the email id on record, on a pre- determined date. Ways to make payment for your SBI Credit Card Pay via Standing Instruction (e-NACH) Enroll for e-NACH for automated and hassle-free bill payments, every month. Your card dues will be deducted directly from your bank account on the Payment Due Date. For more details visit www.sbicard.com Pay via UPI You can pay your bill faster via UPI payment mode on SBI Credit Card app or on website using QR code. NEFT (National Electronic Funds Transfer) Pay your SBI Credit Card outstanding using NEFT and get instant credit to your card account, 24X7. Use your 15/16-digit credit card number as Beneficiary A/c & IFSC Code SBIN00CARDS to register YONO by SBI Pay your SBI Credit Card bills with YONO by SBI App and get instant credit in your SBI Card account. PayNet Click on PayNet at www.sbicard.com to make your payment online through netbanking or your SBI ATM cum debit card. Payment will reflect instantly on your SBI Credit Card account. For bank details, please log onto www.sbicard.com Debit Card Payment Pay online using selected banks debit card. Payment will reflect instantly on your SBI Credit Card account. For more details, visit www.sbicard.com VISA Credit Card Pay Use VISA Credit Card Pay to pay your SBI Credit Card bill. Your payment will be credited instantly. Auto Debit Authorize SBI Card to debit your bank account (savings/current) by filling the Auto Debit mandate available at selected banks. For more details, visit www.sbicard.com Mastercard MoneySend Download any authorized third-party payment app / use a platform that supports the Mastercard MoneySend payment mode. Your payment will be credited instantly to your credit card account. BBPS Visit the SBI Unipay website to pay your credit card bill conveniently and securely through Bharat Bill Payment System. OTC Pay your SBI Credit Card dues over the counter at any SBI Branch in India. ATM Pay at any SBI ATM with your SBI Debit Card. This service is available at all SBI ATMs across India. Cheque Pay your SBI Credit Card dues through cheque. You can drop your cheque at any of the SBI Card drop boxes available across India. Note: For smooth processing of payment made towards your card outstanding, please avoid using payment modes not advised by SBI Card. To know more about the ways to make payment, please visit https://sbicard.com/en/personal/pay.page. Important Communication on Payment Decline: As per SBI Card internal policy, payments made by customer through any instant channel (NEFT, Visa Money Transfer, MasterCard MoneySend, BBPS, Paynet, Debit Card or UPI) will be declined if the amount paid is more than the current outstanding. Hence, customers are advised not to make excess payment towards their credit card. An illustration of the Finance Charge Calculation: •Statement Date is 2nd of every Month and Payment Due Date is 22nd of every month. •The interest free period is from the 3rd of every month to 22nd of the next month provided the previous outstanding balance is paid in full. Making only the minimum payment every month would result in the repayment stretching over years with consequent interest payment on your outstanding balance. •Cardholder makes a retail purchase of `1,200 on 30th April, therefore the Total Amount Due on the statement dated 2nd May is ` 1,200 to be paid before 22nd May. •On 21st May, the Cardholder pays Minimum Amount Due of ` 200. •On 25th May, Cardholder makes a fresh purchase of ` 1,000. Statement dated 2nd June would show the following components A) Finance Charge calculated= (Outstanding Amount X 3.75% X 12 Months X No. of Days) /365 Finance Charge on `1,200 from 30th April to 20th May (21 Days) ` 31.07 Finance Charge on `1,000 from 21st May to 2nd June (13 Days) ` 16.03 Finance Charge on `1,000 of fresh purchase from 25th May to 2nd June ( 9 Days) ` 11.10 Total Finance Charge for 2nd June cycle ` 58.19 B) Total Principal Amount Outstanding = `2,000 (Balance `1,000 outstanding from last month’s billing period + `1,000 fresh purchase) Hence Total Amount Due = (A) + (B) + Applicable taxes If Minimum Amount Due of ` 200 is not paid by due date of 22nd May, Late Payment charges as applicable would be levied *Krishak Unnati SBI Card customers, please refer to below Table • Please note that the following fees and charges are not applicable for Krishak Unnati SBI Card:Cash Advance Fee (No Cash Limit Allocated), Forex Markup (International usage not allowed),Cash Payment Fee, Finance Charges, Late Payment Charges, Payment Dishonor Fee, Card Replacement Fee, Cheque Fee, Cheque Pickup Fee, Statement Retrieval Fee, Overlimit Fee,Reward Redemption Fee. Surcharges and other duties (along with applicable taxes) will be applicable. • This Card does not offer Cardholder a revolving credit facility. Cardholder has to pay Total Amount Due printed on the Statement. • SimplySAVE Merchant SBI Card is a charge Card. • This card does not offer Cardholder a revolving credit facility.Cardholder has to pay Total Amount Due Printed on the Statement. • For the purposes of SimplySAVE Merchant SBI Card only,the Total Amount Due (TAD) will be construed to be equal to the Minimum Amount Due (MAD). Order of payment settlement -Payment received against the Cardholder's outstanding will be adjusted against 100% of GST, 100% of EMI amount, 100% of Fees/Charges, 100% of Finance charges, Balance transfer, Retail Spends and Cash Advance, in that order. **** Utility payments shall be identified under Merchant Category Code (MCC) 4900, on best effort basis. The MCCs are defined by the network partners and are subject to change basis their discretion and such changes shall be implemented basis communication from the networks without any requirement for intimation/information to the customers. ^ Identified under Merchant Category Code (MCC) 8211, 8220, 8241, 8244, 8249 and 8299, on best effort basis. ^^Third Party Apps like (but not limited to) CRED, Cheq, MobiKwik etc. ^^^Identified under Merchant Category Code (MCC) 6540 and 6541, on best effort basis. The MCCs are defined by the network partners and are subject to change basis their discretion and such changes shall be implemented basis communication from the networks without any requirement for intimation/information to the customers.",8481.84,debit,0.0,SBI_CASHBACK,01,2026,b21cbf03f0e94d06d92b85304e69e57bb3350c14b6eb0d7fb0178d0519c4e381,CC Bill Payment,1.0,rule,pending,,,,Not Available
2026-01-03,2026-01-03,CARD CASHBACK CREDIT,CARD CASHBACK CREDIT,749.0,credit,0.0,SBI_CASHBACK,01,2026,352f36402f9373d9545416a739037d763544ce6635f565558ab987441ea5b671,Cashback & Rewards,1.0,ml_exact,pending,,,,Not Available
2026-01-04,2026-01-04,PAYMENT RECEIVED 000DP016004180416UFYKHF TRANSACTIONS FOR R GANESH NAG,PAYMENT RECEIVED 000DP016004180416ufYKhf TRANSACTIONS FOR R Ganesh Nag,81877.0,credit,0.0,SBI_CASHBACK,01,2026,17da15a6a83b754933b08073922092deeea8db06d11b4101dbc768b83ee79bab,CC Bill Payment,1.0,rule,pending,,,,Not Available
2026-01-03,2026-01-03,M S SB AMBUR STAR BRIY TIRUPATTUR IN,M S SB AMBUR STAR BRIY TIRUPATTUR IN,430.0,debit,0.0,SBI_CASHBACK,01,2026,eee7b656858dcb46dbffb59713ec8b1c23c9df33410108d0c71571173e9fc39a,Food & Dining,1.0,ml_exact,pending,,,,Not Available
2026-01-03,2026-01-03,SWIGGY LIMITED BANGALORE IN,Swiggy Limited Bangalore IN,518.0,debit,0.0,SBI_CASHBACK,01,2026,296c6bbab4fc15b957219482ccfbc887e737a1cc0c71ac1f03582e7a607e377c,Food & Dining,1.0,rule,pending,,,,Not Available
2026-01-06,2026-01-06,SOUMYA PAULOSE BANGALORE IN,SOUMYA PAULOSE BANGALORE IN,1091.0,debit,0.0,SBI_CASHBACK,01,2026,6d77cde100d01965e0672bc8a528acfc1a9a4c0bb9c6bc929d0b2de0e05e84d9,Self Transfer,1.0,ml_exact,pending,,,,Not Available
2026-01-09,2026-01-09,LIFE INSURANCE CORPORA NOIDA IN PAY IN EMIS,LIFE INSURANCE CORPORA NOIDA IN (Pay in EMIs),15000.0,debit,0.0,SBI_CASHBACK,01,2026,2c8ddbd938a7c56adf2cfb40d2b24351a2d4c17cc4f5dddbf094b9aee9163277,EMI,1.0,rule,pending,,,,Not Available
2026-01-09,2026-01-09,LIFE INSURANCE CORPORA NOIDA IN PAY IN EMIS,LIFE INSURANCE CORPORA NOIDA IN (Pay in EMIs),15000.0,debit,0.0,SBI_CASHBACK,01,2026,ecb07256bf757119d6a7830d881770d740d3033be69b03c1b2b647728b051f22,EMI,1.0,rule,pending,,,,Not Available
2026-01-14,2026-01-14,RAZ TICKERTAPE BENGALURU KA IN,RAZ*Tickertape Bengaluru KA IN,1319.45,debit,0.0,SBI_CASHBACK,01,2026,846d80d7b2053d046096c3b5b282579a04fc4667d18b3b1c8dfa13ca3c6f4656,Subscriptions & Software,1.0,ml_exact,pending,,,,Not Available
2026-01-17,2026-01-17,AMAZON PAY INDIA PRIVA WWW AMAZON IN IN PAY IN EMIS,AMAZON PAY INDIA PRIVA WWW.AMAZON.IN IN (Pay in EMIs),4999.0,debit,0.0,SBI_CASHBACK,01,2026,563299fd149ed6ed0ec6e8857e511529ba0bdcc82de5d3789413c15ca7076825,Shopping,1.0,rule,pending,,,,Not Available
2026-01-18,2026-01-18,AMAZONIN GURGAON IN,AMAZONIN GURGAON IN,200.0,debit,0.0,SBI_CASHBACK,01,2026,6739887856df6cb7410543baa464f49fe4bca85eba9da29551a7c395161f541b,Shopping,1.0,rule,pending,,,,Not Available
2026-01-18,2026-01-18,AMAZONIN GURGAON IN,AMAZONIN GURGAON IN,210.0,debit,0.0,SBI_CASHBACK,01,2026,f804621a7d081c72973423e00f713a936bf9b5355dc0214021b4b37bfd759592,Shopping,1.0,rule,pending,,,,Not Available
2026-01-20,2026-01-20,SWIGGY BANGALORE IN,Swiggy BANGALORE IN,207.0,debit,0.0,SBI_CASHBACK,01,2026,b61155ac7eee3e93dc6128457b2288004339cfcac02c73f52154ecb9543d45e4,Food & Dining,1.0,rule,pending,,,,Not Available
2026-01-22,2026-01-22,MEESHO TECHNOLOGIES PR BANGALORE IN,MEESHO TECHNOLOGIES PR Bangalore IN,203.0,debit,0.0,SBI_CASHBACK,01,2026,e06945d757e93870b7577c8f3ce169e83d52373350bdbc7504d9f999edcfad7e,Shopping,1.0,rule,pending,,,,Not Available
2026-01-27,2026-01-27,SWIGGY LIMITED BANGALORE IN,SWIGGY LIMITED BANGALORE IN,415.0,debit,0.0,SBI_CASHBACK,01,2026,45e99aee52eebd2d31788c6f9bc8838f2b0775df64860aee0834a0ae9bf0ac0b,Food & Dining,1.0,rule,pending,,,,Not Available
2026-01-31,2026-01-31,BLINKIT BANGALORE IN TRANSACTIONS HIGHLIGHTED IN GREY COLOR IF ANY DO NOT FORM PART OF PURCHASES OTHER DEBITS TRANSACTIONS FULLY PARTIALLY CONVERTED TO FLEXIPAY ENCASH MERCHANT EMI C CREDIT D DEBIT EN ENCASH FP FLEXIPAY EMD EASY MONEY DRAFT BT BALANCE TRANSFER M MONTHLY INSTALLMENTS TAD TOTAL AMOUNT DUE T TEMPORARY CREDIT IMPORTANT MESSAGES W E F 15 JUL 25 BELOW CHANGES TO COME INTO EFFECT MINIMUM AMOUNT DUE MAD CALCULATION WILL BE 100 OF GST 100 OF EMI AMOUNT 100 OF FEES CHARGES 100 OF FINANCE CHARGES OVERLIMIT AMOUNT IF ANY 2 OF REMAINING BALANCE OUTSTANDING PAYMENTS RECEIVED AGAINST THE CARDHOLDER S OUTSTANDING WILL BE ADJUSTED AGAINST 100 OF GST 100 OF EMI AMOUNT 100 OF FEES CHARGES 100 OF FINANCE CHARGES BALANCE TRANSFER RETAIL SPENDS AND CASH ADVANCE IN THAT ORDER TOTAL AMOUNT DUE TAD NEEDS TO BE PAID BY PAYMENT DUE DATE TO AVOID LEVY OF FINANCE CHARGES ON NEW TRANSACTIONS DONE AFTER THE STATEMENT DATE THE DIFFERENCE IF ANY BETWEEN THE TOTAL AMOUNT DUE AND THE TOTAL OUTSTANDING IS THE BALANCE ON THE FLEXIPAY ENCASH INSTALLMENTS AS APPLICABLE TO KEEP YOUR CREDIT CARD IN GOOD STANDING YOU HAVE THE OPTION OF PAYING ATLEAST THE MINIMUM AMOUNT DUE ON OR BEFORE THE DUE DATE THE MINIMUM AMOUNT DUE INCLUDES THE EMI ON FLEXIPAY ENCASH INSTALLMENT AMOUNTS 100 OF ALL APPLICABLE TAXES CONTENT OF THIS STATEMENT WILL BE CONSIDERED CORRECT IF NO ERROR IS REPORTED WITHIN 20 DAYS SAVINGS AND BENEFITS SECTION FOR THIS STATEMENT FOR THIS YEAR FROM THE CARD ISSUE DATE OFFER CASHBACK 0 00 0 00 0 00 PETROL SURCHARGE WAIVER 0 00 0 00 0 00 CARD CASHBACK 407 436 20655 WITH EFFECT FROM TRANSACTIONS DATED 17 NOV 2011 TREATMENT OF EMI BENEFITS SERVICES AVAILED BY THE CARDHOLDER INSTANT INFORMATION 24X7 BY JUST SENDING AN SMS TO 5676791 ONCE THE ACCOUNT TURNS NPA A DAY AFTER THE STATEMENT IS GENERATED POST ACCOUNT SIMPLY BALANCE ENQUIRY AVAILABLE CREDIT CASH LIMIT CLASSIFICATION AS NPA ALL EMI PLANS EXCLUDING RESTRUCTURED PLANS SMS BAL XXXX AVAIL XXXX AVAILABLE ON THE ACCOUNT SHALL BE CLOSED THE PRINCIPAL OUTSTANDING ALONG WITH THE OUTSTANDING INTEREST ACCRUED TILL THE HOTLIST LOST STOLEN CARD LAST PAYMENT STATUS DATE OF SUCH EMI PLANS SHALL BE DEBITED TO THE CREDIT CARD BLOCK XXXX PAYMENT XXXX ACCOUNT APPEAR IN THE SUBSEQUENT MONTHLY STATEMENT SBI CARD REWARD POINT SUMMARY SUBSCRIBE TO ESTATEMENT SHALL BE ENTITLED TO DEMAND IMMEDIATE REPAYMENT OF SUCH REWARD XXXX ESTMT XXXX CONSOLIDATED OUTSTANDING AMOUNTS AS A PART OF THE CREDIT CARD DUPLICATE STATEMENT ACCOUNT THIS BALANCE WILL ATTRACT ALL APPLICABLE CHARGES INCLUDING DSTMT XXXX STATEMENT PERIOD IN MMYY FINANCE CHARGES AT APPLICABLE INTEREST RATE AS OUTLINED IN THE MITC XXXX LAST 4 DIGITS OF THE CARD NO W E F 15 SEP 2025 A REVISED CHEQUE PROCESSING FEE OF RS IMPORTANT INFORMATION ON DISPUTED TRANSACTION S 200 WILL BE APPLICABLE ON OUTSTANDING PAYMENTS MADE VIA CHEQUE THIS REVISION IS REFLECTIVE OF THE INCREASED OPERATIONAL KINDLY NOTE THAT THIS TEMPORARY CREDIT T HAS BEEN RENDERED TO COST ASSOCIATED WITH OFFLINE PAYMENT MODES PAYMENTS MADE YOU IN THE INTERIM AND THOUGH THE AMOUNT IS INCLUDED IN YOUR THROUGH DIGITAL CHANNELS SUCH AS UPI BBPS NEFT ETC WILL AVAILABLE CREDIT LIMIT YOU WILL NOT BE ABLE TO SPEND THE AMOUNT CONTINUE TO BE FREE OF ANY ADDITIONAL CHARGES WE ENCOURAGE OUR WHILE THE DISPUTE IS STILL UNDER INVESTIGATION CARDHOLDERS TO EXPLORE DIGITAL MODES FOR HASSLE FREE PAYMENTS AS WE ARE DEPENDENT ON FEEDBACK FROM EXTERNAL PARTIES SUCH AS FASTER CREDITS ACQUIRING BANK CLOSURE OF SUCH DISPUTES MAY TAKE UP TO A MAXIMUM OF 120 DAYS FROM DATE OF INITIATION OF INVESTIGATION IMPORTANT NOTES POST COMPLETION OF THE INVESTIGATION IN CASE THE DISPUTE IS DESCRIPTION OF SERVICES CREDIT CARD SERVICES NOT CLOSED IN CARDHOLDER S FAVOR THE TEMPORARY CREDIT SHALL BE HSN CODE 997113 REVERSED AND CORRESPONDING DEBIT ENTRY SHALL REFLECT ON THE DECLARATION WE HEREBY DECLARE THAT THE TAX IN RELATION TO THIS CARD ACCOUNT HOWEVER IN CASE THE DISPUTE GETS RESOLVED IN STATEMENT IS NOT PAYABLE UNDER REVERSE CHARGE MECHANISM FAVOR OF THE CARDHOLDER THE TEMPORARY CREDIT SHALL BE NAME AND THE ADDRESS OF THE SUPPLIER SBI CARDS AND PAYMENT REGULARIZED AND REPLACED BY A PERMANENT CREDIT REWARD POINTS SERVICES LIMITED SBI CARD DLF CYBER CITY TOWER C FOR THE DISPUTED TRANSACTION WILL BE DEBITED IN CASE THE DISPUTE IS BLOCK 2 BUILDING 3 DLF INFINITY TOWERS 12TH FLOOR GURUGRAM CLOSED IN CARDHOLDERS FAVOR FURTHER ANY CHARGES LEVIED ON THE HR 122002 DISPUTED TRANSACTION DURING THE PERIOD OF INVESTIGATION WILL BE REVERSED HOWEVER SAME WILL BE BILLED IN THE SUBSEQUENT CARD STATEMENT INCASE THE DISPUTE IS NOT CLOSED IN CARDHOLDERS FAVOR LOG ONTO SBICARD COM TO VIEW THE MOST IMPORTANT TERMS ALL TRANSACTION DISPUTES ARE RESOLVED AS PER THE NETWORK CONDITIONS UPDATED INFORMATION ON ALL ONGOING OFFERS VISA MASTERCARD RUPAY AMEX GUIDELINES YOU WILL RECEIVE SBI CARD SBICPSL IS A CORPORATE AGENT OF ROYAL SUNDARAM CONTINUOUS UPDATES ON STATUS OF THE DISPUTE GENERAL INSURANCE CO LIMITED SBI GENERAL INSURANCE THE INTEREST AMOUNT CHARGEABLE IN THE 1ST EMI WILL BE CALCULATED COMPANY LIMITED AND SBI LIFE INSURANCE COMPANY LIMITED FOR THE PERIOD BETWEEN PLAN OPEN DATE ENCASH ENCASH INLINE BT VIDE IRDAI REGISTRATION CODE CA0075 INSURANCE IS THE ON EMI FLEXIPAY BOOKING CONFIRMATION DATE MERCHANT EMI SUBJECT MATTER OF SOLICITATION AND THE PAYMENT DUE DATE PDD AS PER THE CREDIT CARD STATEMENT CYCLE FROM 2ND EMI ONWARDS INTEREST WILL BE LEVIED FOR A 30 DAY PERIOD FROM ONE PDD TO THE NEXT PDD HENCE THE 1ST EMI AMOUNT MAY BE DIFFERENT FROM SUBSEQUENT EMIS SAFETY FIRST SBI CARD HAS NOW INTRODUCED OTP FOR 3D SECURE AUTHENTICATION OF ALL ONLINE CREDIT CARD TRANSACTIONS PLEASE ENSURE YOUR CURRENT MOBILE NO IS REGISTERED WITH US PLEASE DO NOT SHARE THIS 6 DIGITS OTP WITH ANYONE SBI CARD NEVER ASKS FOR SUCH INFORMATION IMPORTANT INFORMATION IMPORTANT TERMS CONDITIONS CHARGES CARDHOLDER AGREEMENT PRIVACY POLICY REACH US PAYMENT OPTIONS CKYC CKYC CENTRAL KNOW YOUR CUSTOMER IS A CENTRALIZED DATABASE OF KYC RECORDS OF CUSTOMERS TAKING FINANCIAL SERVICES FROM BANKS NBFCS ETC CKYC IDENTIFIER IS A UNIQUE NUMBER GENERATED FOR AN INDIVIDUAL ON COMPLETING KYC FORMALITIES AT THE TIME OF ACCOUNT OPENING UPDATION TRANSACTIONS THAT REMAIN UNBILLED ON THE STATEMENT DATE WILL REFLECT IN THE NEXT CYCLE YOU CAN CHECK TRANSACTION STATUS AT HTTPS SBICARD COM MOBILE APP OR HTTPS ILA SBICARD COM W E F 1ST NOV 25 THE FOLLOWING CHARGES WILL BE LEVIED ON THE BELOW MENTIONED TRANSACTIONS FOR MORE DETAILS PLEASE REFER THE MOST IMPORTANT TERMS AND CONDITIONS MITC ON WWW SBICARD COM FEE OF 1 OF THE TRANSACTION AMOUNT APPLICABLE ON EDUCATION PAYMENTS MADE THROUGH THIRD PARTY APPS HOWEVER PAYMENTS MADE DIRECTLY TO COLLEGES OR SCHOOLS VIA THEIR WEBSITES OR POS MACHINES WILL NOT ATTRACT ANY FEE FEE OF 1 OF THE TRANSACTION AMOUNT APPLICABLE ON EVERY WALLET LOAD TRANSACTION EXCEEDING RS 1000 DECLARATION I WE HEREBY DECLARE THAT THOUGH OUR AGGREGATE TURNOVER IN ANY PRECEDING FINANCIAL YEAR FROM 2017 18 ONWARDS IS MORE THAN THE AGGREGATE TURNOVER NOTIFIED UNDER SUB RULE 4 OF RULE 48 WE ARE NOT REQUIRED TO PREPARE AN INVOICE IN TERMS OF THE PROVISIONS OF THE SAID SUB RULE VERSION 1 1 OCT 2025 FOR SBI CARDS AND PAYMENT SERVICES LIMITED SBI CARD AUTHORIZED SIGNATORY SCHEDULE OF CHARGES ANNUAL CREDIT CARD NAME RENEWAL FEE RS FEE RS 9 999 WAIVED OFF ON ANNUAL SPENDS OF 12 LAKH OR MORE AURUM 9 999 IN THE PRECEDING YEAR KRISFLYER SBI CARD APEX 9 999 9 999 KRISFLYER SBI CARD 2 999 2 999 2 999 WAIVED OFF ON ANNUAL SPENDS OF 3 LAKH OR MORE SBI CARD PRIME 2 999 IN THE PRECEDING YEAR 2 999 WAIVED OFF ON ANNUAL SPENDS OF 3 LAKH OR MORE SBI CARD PRIME ADVANTAGE 2 999 IN THE PRECEDING YEAR 1 499 WAIVED OFF ON ANNUAL SPENDS OF 2 LAKH OR MORE DOCTOR S SBI CARD 1 499 IN THE PRECEDING YEAR 1 499 WAIVED OFF ON ANNUAL SPENDS OF 1 5 LAKH OR MORE SHAURYA SELECT SBI CARD 1 499 IN THE PRECEDING YEAR 250 WAIVED OFF ON ANNUAL SPENDS OF 50 000 OR MORE SHAURYA SBI CARD 250 IN THE PRECEDING YEAR 1 499 WAIVED OFF ON ANNUAL SPENDS OF 2 LAKH OR MORE IN SBI CARD PULSE 1 499 THE PRECEDING YEAR 999 WAIVED OFF ON ANNUAL SPENDS OF 2 LAKH OR MORE 999 CASHBACK SBI CARD IN THE PRECEDING YEAR 499 WAIVED OFF ON ANNUAL SPENDS OF 1 LAKH OR MORE SIMPLYCLICK SBI CARD 499 IN THE PRECEDING YEAR 499 WAIVED OFF ON ANNUAL SPENDS OF 1 LAKH OR MORE IN SIMPLYCLICK ADVANTAGE SBI CARD 499 THE PRECEDING YEAR 499 WAIVED OFF ON ANNUAL SPENDS OF 1 LAKH OR MORE SIMPLYSAVE SBI CARD 499 IN THE PRECEDING YEAR 499 WAIVED OFF ON ANNUAL SPENDS OF 1 LAKH OR MORE SIMPLYSAVE ADVANTAGE SBI CARD 499 IN THE PRECEDING YEAR SBI CARD UNNATI NIL 499 5TH YEAR ONWARDS 499 WAIVED OFF ON ANNUAL SPENDS OF 30 000 OR MORE IN KRISHAK UNNATI SBI CARD NIL THE PRECEDING YEAR ADITYA BIRLA SBI CARD 499 499 ADITYA BIRLA SBI CARD SELECT 1 499 1 499 AIR INDIA SBI PLATINUM CARD 1 499 1 499 AIR INDIA SBI SIGNATURE CARD 4 999 4 999 499 WAIVED OFF ON ANNUAL SPENDS OF 1 LAKH OR MORE APOLLO SBI CARD 499 IN THE PRECEDING YEAR 499 WAIVED OFF ON ANNUAL SPENDS OF 50000 OR MORE IN BPCL SBI CARD 499 THE PRECEDING YEAR 1 499 WAIVED OFF ON ANNUAL SPENDS OF 2 LAKH OR MORE BPCL SBI CARD OCTANE 1 499 IN THE PRECEDING YEAR CLUB VISTARA SBI CARD PRIME 2 999 2 999 CLUB VISTARA SBI CARD 1 499 1 499 499 WAIVED OFF ON ANNUAL SPENDS OF 1 LAKH OR MORE DELHI METRO SBI CARD 499 IN THE PRECEDING YEAR ETIHAD GUEST SBI CARD 1 499 1 499 ETIHAD GUEST SBI PREMIER CARD 4 999 4 999 499 WAIVED OFF ON ANNUAL SPENDS OF 1 LAKH OR MORE FABINDIA SBI CARD 499 IN THE PRECEDING YEAR 1 499 WAIVED OFF ON ANNUAL SPENDS OF 2 LAKH OR MORE FABINDIA SBI CARD SELECT 1 499 IN THE PRECEDING YEAR IRCTC SBI CARD 500 500 1 499 WAIVED OFF ON ANNUAL SPENDS OF 2 LAKH OR MORE IRCTC SBI CARD PREMIER 1 499 IN THE PRECEDING YEAR LIFESTYLE HOME CENTRE SBI CARD MAX SBI 499 499 CARD SPAR SBI CARD LIFESTYLE HOME CENTRE SBI CARD PRIME 2 999 2 999 MAX SBI CARD PRIME SPAR SBI CARD PRIME LIFESTYLE HOME CENTRE SBI CARD SELECT 1 499 1 499 MAX SBI CARD SELECT SPAR SBI CARD SELECT 1 499 WAIVED OFF ON ANNUAL SPENDS OF 2 LAKH OR MORE NATURE S BASKET SBI CARD 1 499 IN THE PRECEDING YEAR 4 999 WAIVED OFF ON ANNUAL SPENDS OF 10 LAKH OR MORE NATURE S BASKET SBI CARD ELITE 4 999 IN THE PRECEDING YEAR 499 WAIVED OFF ON ANNUAL SPENDS OF 1 LAKH OR MORE IN OLA MONEY SBI CARD NIL THE PRECEDING YEAR PAYTM SBI CARD 499 499 1 499 WAIVED OFF ON ANNUAL SPENDS OF 2 LAKH OR MORE IN PAYTM SBI CARD SELECT 1 499 THE PRECEDING YEAR 499 WAIVED OFF ON ANNUAL SPENDS OF 1 LAKH OR MORE IN YATRA SBI CARD 499 THE PRECEDING YEAR 2 999 WAIVED OFF ON ANNUAL SPENDS OF 3 LAKH OR MORE CITY UNION BANK SBI CARD PRIME 2 999 IN THE PRECEDING YEAR CITY UNION BANK SIMPLYSAVE SBI 499 499 WAIVED OFF ON ANNUAL SPENDS OF 1 LAKH OR MORE CARD IN THE PRECEDING YEAR 2999 WAIVED OFF ON ANNUAL SPENDS OF 3 LAKH OR MORE KARNATAKA BANK SBI CARD PRIME 2 999 IN THE PRECEDING YEAR KARNATAKA BANK SIMPLYSAVE SBI 499 WAIVED OFF ON ANNUAL SPENDS OF 1 LAKH OR MORE 499 CARD IN THE PRECEDING YEAR 2 999 WAIVED OFF ON ANNUAL SPENDS OF 3 LAKH OR MORE PSB SBI CARD PRIME 2 999 IN THE PRECEDING YEAR 4 999 WAIVED OFF ON ANNUAL SPENDS OF 10 LAKH OR MORE PSB SBI CARD ELITE 4 999 IN THE PRECEDING YEAR 499 WAIVED OFF ON ANNUAL SPENDS OF 1 LAKH OR MORE PSB SIMPLYSAVE SBI CARD 499 IN THE PRECEDING YEAR UCO BANK SIMPLYSAVE SBI CARD 499 499 WAIVED OFF ON ANNUAL SPENDS OF 1 LAKH OR MORE IN THE PRECEDING YEAR 2 999 WAIVED OFF ON ANNUAL SPENDS OF 3 LAKH OR MORE UCO BANK SBI CARD PRIME 2 999 IN THE PRECEDING YEAR 4 999 WAIVED OFF ON ANNUAL SPENDS OF 10 LAKH OR MORE 4 999 UCO BANK SBI CARD ELITE IN THE PRECEDING YEAR SIMPLYSAVE MERCHANT SBI CARD NIL NIL 499 WAIVED OFF ON ANNUAL SPENDS OF 1 LAKH OR MORE RELIANCE SBI CARD 499 IN THE PRECEDING YEAR 2 999 WAIVED OFF ON ANNUAL SPENDS OF 3 LAKH OR MORE 2 999 RELIANCE SBI CARD PRIME IN THE PRECEDING YEAR 2 999 WAIVED OFF ON ANNUAL SPENDS OF 3 LAKH OR MORE TITAN SBI CARD 2 999 IN THE PRECEDING YEAR 1 499 WAIVED OFF ON ANNUAL SPENDS OF 6 LAKH OR MORE SBI CARD MILES 1 499 IN THE PRECEDING YEAR 2 999 WAIVED OFF ON ANNUAL SPENDS OF 10 LAKH OR MORE SBI CARD MILES PRIME 2 999 IN THE PRECEDING YEAR SBI CARD MILES ELITE 4 999 4 999 WAIVED OFF ON ANNUAL SPENDS OF 15 LAKH OR MORE IN THE PRECEDING YEAR SHAURYA SELECT NIL NIL SOUTH INDIAN BANK SBI PLATINUM 2 999 2 999 CREDIT CARD SOUTH INDIAN BANK SIMPLYSAVE SBI 499 WAIVED OFF ON ANNUAL SPENDS OF RS 1 LAKH OR MORE 499 CARD IN THE PRECEDING YEAR KVB SBI SIGNATURE CARD 4 999 4 999 KARUR VYSYA BANK SBI PLATINUM 2 999 2 999 CREDIT CARD 499 WAIVED OFF ON ANNUAL SPENDS OF RS 1 LAKH OR MORE KARUR VYSYA BANK SBI CARD 499 IN THE PRECEDING YEAR CENTRAL SBI SELECT CARD 750 750 CENTRAL SBI SELECT CARD 2999 2999 FBB SBI STYLEUP CARD 499 499 IRCTC SBI PLATINUM CARD 500 500 2 999 WAIVED OFF ON ANNUAL SPENDS OF 3 LAKH OR MORE IN SOUTH INDIAN BANK SBI CARD PRIME 2 999 THE PRECEDING YEAR 4 999 WAIVED OFF ON ANNUAL SPENDS OF 10 LAKH OR MORE KVB SBI CARD ELITE 4 999 IN THE PRECEDING YEAR 2 999 WAIVED OFF ON ANNUAL SPENDS OF 3 LAKH OR MORE IN KVB SBI CARD PRIME 2 999 THE PRECEDING YEAR 499 WAIVED OFF ON ANNUAL SPENDS OF 1 LAKH OR MORE KVB SIMPLYSAVE SBI CARD 499 IN THE PRECEDING YEAR SBI CARD ELITE 4 999 4 999 WAIVED OFF ON ANNUAL SPENDS OF 10 LAKH OR MORE IN THE PRECEDING YEAR 4 999 WAIVED OFF ON ANNUAL SPENDS OF 10 LAKH OR MORE 4 999 SBI CARD ELITE ADVANTAGE IN THE PRECEDING YEAR SBI CARD PRIME NRI SECURED 1 500 1 500 499 WAIVED OFF ON ANNUAL SPENDS OF RS 1 LAKH OR MORE TATA NEU PLUS SBI CREDIT CARD 499 IN THE PRECEDING YEAR 1 499 WAIVED OFF ON ANNUAL SPENDS OF RS 3 LAKH OR TATA NEU INFINITY SBI CREDIT CARD 1 499 MORE IN THE PRECEDING YEAR 1 499 WAIVED OFF ON ANNUAL SPENDS OF RS 3 LAKH OR APOLLO SBI CARD SELECT 1 499 MORE IN THE PRECEDING YEAR BANK OF MAHARASHTRA SBI CARD 4 999 4 999 WAIVED OFF ON ANNUAL SPENDS OF RS 10 LAKH OR ELITE MORE IN THE PRECEDING YEAR BANK OF MAHARASHTRA SBI CARD 2 999 WAIVED OFF ON ANNUAL SPENDS OF RS 3 LAKH OR 2 999 PRIME MORE IN THE PRECEDING YEAR BANK OF MAHARASHTRA SIMPLYSAVE 499 WAIVED OFF ON ANNUAL SPENDS OF RS 1 LAKH OR MORE 499 SBI CARD IN THE PRECEDING YEAR 499 WAIVED OFF ON ANNUAL SPENDS OF RS 1 LAKH OR MORE PHONEPE SBI CARD PURPLE 499 IN THE PRECEDING YEAR PHONEPE SBI CARD SELECT 1 499 1 499 WAIVED OFF ON ANNUAL SPENDS OF RS 3 LAKH OR BLACK MORE IN THE PRECEDING YEAR 500 500 WAIVED OFF ON ANNUAL SPENDS OF RS 3 5 LAKH OR FLIPKART SBI CARD MORE IN THE PRECEDING YEAR 4 999 4 999 INDIGO SBI CARD ELITE 1 499 1 499 INDIGO SBI CARD EXTENDED CREDIT INTEREST FREE CREDIT PERIOD 20 50 DAYS APPLICABLE ONLY ON RETAIL PURCHASES AND IF PREVIOUS MONTH S OUTSTANDING BALANCE IS PAID IN FULL FINANCE CHARGES 3 75 P M 45 P A FOR UNSECURED CARDS 2 75 P M 33 P A FOR SHAURYA DEFENCE CARDS AND SECURED CARDS MINIMUM FINANCE CHARGES 25 MINIMUM AMOUNT DUE 100 OF GST 100 OF EMI AMOUNT 100 OF FEES CHARGES 100 OF FINANCE CHARGES OVERLIMIT AMOUNT IF ANY 2 OF REMAINING BALANCE OUTSTANDING CASH ADVANCE CASH ADVANCE LIMIT CASH ADVANCE LIMIT IS A PART OF THE OVERALL CREDIT LIMIT CASH ADVANCE LIMIT IS INDICATED IN THE MONTHLY CARD STATEMENT MAX CASH WITHDRAWAL LIMIT IS RS 15 000 PER DAY ON MCC 6011 ATM WITHDRAWALS SUBJECT TO CASH ADVANCE LIMIT AVAILABILITY CASH ADVANCE IS NOT AVAILABLE FOR MCC 6010 OVER THE COUNTER CASH DISBURSEMENT FREE CREDIT PERIOD NIL FINANCE CHARGES 3 75 P M 45 P A FOR UNSECURED CARDS 2 75 P M 33 P A FOR SHAURYA DEFENCE CARDS AND SECURED CARDSTHE ABOVE MENTIONED CHARGES WILL BE APPLICABLE FROM THE DATE OF CASH WITHDRAWAL MINIMUM FINANCE CHARGES 25 CASH ADVANCE FEES 2 5 OF TRANSACTION AMOUNT SUBJECT TO A MINIMUM OF 500 SBI ATMS OTHER DOMESTIC ATMS 2 5 OF TRANSACTION AMOUNT SUBJECT TO A MINIMUM OF 500 INTERNATIONAL ATMS OTHER CHARGES FEES 250 CASH PAYMENT FEE 2 OF PAYMENT AMOUNT SUBJECT TO A MINIMUM OF 500 PAYMENT DISHONOR FEE CHEQUE PAYMENT FEE 200 LATE PAYMENT NIL FOR OUTSTANDING AMOUNT DUE FROM 0 500 400 FOR OUTSTANDING AMOUNT DUE GREATER THAN 500 UPTO 1000 750 FOR OUTSTANDING AMOUNT DUE GREATER THAN 1000 UPTO 10 000 950 FOR OUTSTANDING AMOUNT DUE GREATER THAN 10 000 UPTO 25 000 1100 FOR OUTSTANDING AMOUNT DUE GREATER THAN 25 000 UPTO 50 000 1300 FOR OUTSTANDING AMOUNT DUE GREATER THAN 50 000 ADDITIONAL LATE PAYMENT CHARGES 100 LATE PAYMENT CHARGES ON RE 500 FOR OUTSTANDING AMOUNT DUE GREATER THAN 1000 OVERLIMIT FEE 2 5 OF OVERLIMIT AMOUNT SUBJECT TO A MINIMUM OF RS 600 OVERLIMIT FEE WILL NOT BE REVERSED IN CASE OF TRANSACTION REVERSAL CANCELLATION REFUND CARD REPLACEMENT 100 250 1500 FOR AURUM EMERGENCY CARD REPLACEMENT WHEN ACTUAL COST SUBJECT TO A MINIMUM OF 175 FOR VISA AND 148 ABROAD FOR MASTERCARD FOREIGN CURRENCY TRANSACTION FEE 3 5 FOR ALL CARDS EXCEPT ELITE AURUM AND SBI CARD MILES SBI CARD MILES PRIME SBI CARD MILES ELITE AND TATA NEU INFINITY SBI CREDIT CARD 3 FOR SBI CARD MILES 2 5 FOR SBI CARD MILES PRIME AND 1 99 FOR ELITE AURUM SBI CARD MILES ELITE AND TATA NEU INFINITY SBI CREDIT CARD 3 5 FOR ALL CARDS EXCEPT ELITE AURUM AND SBI CARD MILES DYNAMIC CURRENCY CONVERSION FEE SBI CARD MILES PRIME SBI CARD MILES ELITE AND TATA NEU INFINITY SBI CREDIT CARD 3 FOR SBI CARD MILES 2 5 FOR SBI CARD MILES PRIME AND 1 99 FOR ELITE AURUM SBI CARD MILES ELITE AND TATA NEU INFINITY SBI CREDIT CARD REWARDS REDEMPTION FEE 99 APPLICABLE ONLY ON PHYSICAL PRODUCT STATEMENT FEE CREDIT ON VOUCHERS THAT ARE SENT PHYSICALLY AS SPECIFIED IN THE INDIVIDUAL PRODUCT TERMS CONDITIONS FOR ALL CARDS EXCEPT AURUM W E F 1ST DEC 2024 1 OF TOTAL AMOUNT OF UTILITY PAYMENTS IF UTILITY PAYMENTS FEE THE TOTAL AMOUNT EXCEEDS RS 50 000 IN A BILLING CYCLE W E F 1ST NOV 25 1 OF THE TRANSACTION AMOUNT APPLICABLE ON FEE ON EDUCATION PAYMENT TRANSACTIONS EDUCATION PAYMENTS MADE THROUGH THIRD PARTY APPS HOWEVER PAYMENTS MADE DIRECTLY TO COLLEGES OR SCHOOLS VIA THEIR WEBSITES OR POS MACHINES WILL NOT ATTRACT ANY FEE W E F 1ST NOV 25 1 OF THE TRANSACTION AMOUNT APPLICABLE ON FEE ON WALLET LOAD TRANSACTIONS EVERY WALLET LOAD TRANSACTION EXCEEDING RS 1000 PROCESSING FEE ON ALL RENT PAYMENT 199 PROCESSING FEE WILL NOT BE REVERSED IN CASE OF TRANSACTIONS TRANSACTION REVERSAL CANCELLATION REFUND LOUNGECHARGES ALL AIRPORT LOUNGE VISITS WITHIN INDIA THROUGH INTERNATIONAL LOUNGE ACCESS PROGRAMS LIKE PRIORITY PASS PROGRAM WILL BE CHARGED A USAGE FEE OF UP TO USD 27 PER VISIT APPLICABLE TAXES FOR DETAILS PLEASE VISIT SBICARD COM ALL AIRPORT LOUNGE VISITS OUTSIDE INDIA THROUGH INTERNATIONAL LOUNGE ACCESS PROGRAMS LIKE PRIORITY PASS PROGRAM AFTER EXHAUSTING THE COMPLIMENTARY VISITS WILL BE CHARGED WITH A USAGE FEE OF UP TO USD 27 PER VISIT APPLICABLE TAXES FOR DETAILS PLEASE VISIT SBICARD COM GRACE PERIOD GRACE PERIOD OF 3 DAYS IS ALLOWED FROM THE PAYMENT DUE DATE ON CREDIT CARD ACCOUNTS WHERE PAYMENTS ARE NOT OVERDUE FROM PREVIOUS BILLING CYCLE S THE PAYMENT DUE DATE AS MENTIONED ON THE CREDIT CARD STATEMENT IS THE DATE BY WHICH CLEAR FUNDS MUST BE CREDITED TO THE CREDIT CARD HOWEVER 3 GRACE DAYS ARE PROVIDED TO ACCOMMODATE FOR PROCESSING TIME OF PAYMENTS SURCHARGE RAILWAY TICKETS WWW IRCTC CO IN AS PRESCRIBED BY IRCTC INDIAN RAILWAYS PETROL ALL PRODUCTS SERVICES SOLD 1 OF TRANSACTION AMOUNT ALL APPLICABLE TAXES AT PETROL PUMPS FUEL SURCHARGE IS LEVIED BY ACQUIRING BANK PROVIDING THE TERMINAL TO THE MERCHANT THE TRANSACTION VALUE ON CHARGE SLIP WILL DIFFER FROM CREDIT CARD STATEMENT SINCE THE SURCHARGE GST IS LEVIED BY ACQUIRING BANK ON THE TRANSACTION VALUE 1 FUEL SURCHARGE WAIVER EXCLUDING GST SHALL BE PROVIDED FOR ELIGIBLE TRANSACTION VALUE ON SELECT CARDS FUEL SURCHARGE WAIVER TERMS AND CONDITIONS MAY VARY REFER PRODUCT T CS FOR DETAILS FOR REWARD POINT REDEMPTION YOUR SBI CARD MUST NOT BE OVERDUE SUSPENDED BLOCKED CANCELLED OR TERMINATED BY SBICPSL AT THE TIME OF REDEMPTION REQUEST APPLICABLE TAXES MEANS FOR THE CARDHOLDERS HAVING STATE OF RESIDENCE IN THE RECORDS OF SBI CARD ON THE STATEMENT DATE AS HARYANA CENTRAL TAX 9 AND STATE TAX 9 FOR THE CARDHOLDERS HAVING STATE OF RESIDENCE IN THE RECORDS OF SBI CARD ON THE STATEMENT DATE AS OTHER THAN HARYANA INTEGRATED TAX 18 ALL TRANSACTIONS TOWARDS PAYMENT OF RENT THROUGH ANY MERCHANT WILL BE LEVIED RS 199 APPLICABLE TAXES AS PROCESSING FEE ALL THE TRANSACTIONS IDENTIFIED UNDER MERCHANT CATEGORY CODE MCC 6513 WILL BE CONSIDERED AS RENT PAYMENT TRANSACTIONS IMPORTANT POINTS PAYMENT OF ANY AMOUNT LESSER THAN THE TOTAL AMOUNT DUE IN ANY MONTH RESULTS IN INTEREST ACCRUAL ON THE BALANCE OUTSTANDING AMOUNT INCLUDING ANY NEW PURCHASES AND CASH ADVANCES TO ENJOY THE BENEFIT OF INTEREST FREE PERIOD PLEASE PAY THE TOTAL AMOUNT DUE TAD BEFORE THE PAYMENT DUE DATE PDD FURTHER MAKING ONLY THE MINIMUM PAYMENT EVERY MONTH WOULD RESULT IN THE REPAYMENT STRETCHING OVER MONTHS YEARS WITH CONSEQUENTIAL COMPOUNDED INTEREST PAYMENT ON YOUR OUTSTANDING BALANCE SMA NPA SPECIAL MENTION ACCOUNTS SMA IN FURTHERANCE TO REGULATORY REQUIREMENTS SBI CARD IS REQUIRED TO IDENTIFY INCIPIENT STRESS IN THE ACCOUNT BY CREATING A SUB ASSET CATEGORY VIZ SPECIAL MENTION ACCOUNTS SMA WITH THE THREE SUB CATEGORIES AS GIVEN IN THE TABLE BELOW CREDIT CARDS ARE TREATED AS LOANS OTHER THAN REVOLVING FACILITIES SMA SUB CATEGORIES BASIS FOR CLASSIFICATION PRINCIPAL OR INTEREST PAYMENT OR ANY OTHER AMOUNT WHOLLY OR PARTLY OVERDUE SMA 0 UPTO 30 DAYS FROM PAYMENT DUE DATE PDD SMA 1 MORE THAN 30 DAYS UPTO 60 DAYS FROM PDD SMA 2 MORE THAN 60 DAYS UPTO 90 DAYS FROM PDD EXAMPLE REGARDING CLASSIFICATION OF SMA IF PAYMENT DUE DATE PDD OF A CREDIT CARD ACCOUNT IS 31ST MARCH 2021 AND MINIMUM AMOUNT DUE MAD IS NOT RECEIVED BEFORE THIS DATE THEN AFTER THE DUE DATE THE ACCOUNT WILL BE MENTIONED AS SMA 0 IF THE ACCOUNT CONTINUES TO REMAIN OVERDUE BEYOND 30 DAYS FROM PDD I E BEYOND 30TH APRIL 2021 THEN THIS ACCOUNT SHALL GET TAGGED AS SMA 1 SIMILARLY IF THE ACCOUNT CONTINUES TO REMAIN OVERDUE BEYOND 60 DAYS FROM PDD I E BEYOND 30TH MAY 2021 THEN THIS ACCOUNT SHALL GET TAGGED AS SMA 2 NON PERFORMING ASSET NPA A CREDIT CARD ACCOUNT WILL BE TREATED AS NON PERFORMING ASSET NPA IF THE MINIMUM AMOUNT DUE AS MENTIONED IN THE STATEMENT IS NOT PAID FULLY WITHIN NINETY 90 DAYS FROM THE PDD MENTIONED IN THE STATEMENT FURTHER ANY ACCOUNT WHERE A SETTLEMENT OR RESTRUCTURING ARRANGEMENT HAS BEEN AVAILED WILL BE CLASSIFIED AS NPA AN ACCOUNT CONTINUES TO BE CLASSIFIED AS NPA TILL THE ENTIRE ARREARS OF INTEREST AND PRINCIPAL ARE PAID SETTLEMENT AND RESTRUCTURED ACCOUNTS DO NOT QUALIFY FOR AN UPGRADE FINALLY IF ANY CUSTOMER HAS EVEN ONE CREDIT CARD WITH SBICARD TAGGED AS NPA ALL CARDS OF THE CUSTOMER WILL BE CLASSIFIED AS NPA EXAMPLE REGARDING CLASSIFICATION OF AN ACCOUNT AS NPA IF PAYMENT DUE DATE PDD OF A CREDIT CARD ACCOUNT IS 31ST MARCH 2021 AND MINIMUM AMOUNT DUE AS MENTIONED IN THE STATEMENT HAS NOT BEEN FULLY PAID BY THE CUSTOMER WITHIN A PERIOD OF 90 DAYS FROM THE PDD I E TILL 29TH JUNE 2021 THEN THE LENDER SHALL CONSIDER THE CREDIT CARD ACCOUNT AS NPA AS PER RECENT RBI GUIDELINES CHEQUES SHOULD HAVE NO CORRECTIONS ON THE PAYEE NAME AMOUNT EITHER IN WORDS OR FIGURES HENCE WE REQUEST YOU TO TAKE CARE AT THE TIME OF ISSUING CHEQUES AGAINST YOUR SBI CARD DUES IN ORDER TO AVOID ANY INCONVENIENCE CHARGES INCASE OF ANY TRANSACTION DISPUTE PLEASE SEND A SIGNED DISPUTE FORM WITHIN 25 DAYS FROM DATE OF TRANSACTION TO CHARGEBACK SBICARD COM NO NEW STATEMENT WILL BE SENT IN CASE OF CREDIT BALANCE AND NO NEW TRANSACTION ON THE ACCOUNT WITHIN 30 DAYS OF THE LAST STATEMENT SBI CARDS MAY NOT APPROVE HIGH RISK TRANSACTIONS E G JEWELLERY ETC TO PREVENT MISUSE OR POTENTIAL FRAUD ON YOUR SBI CARD SBI CARD DISCLOSES INFORMATION REGARDING YOUR ACCOUNT TO CREDIT INFORMATION BUREAUS AGENCIES ON A REGULAR BASIS AS MANDATED BY RBI IN THE EVENT OF NON PAYMENT OF AT LEAST THE MINIMUM AMOUNT DUE BY THE PAYMENT DUE DATE YOUR CARD ACCOUNT WILL BE REPORTED AS DEFAULT TO CREDIT INFORMATION BUREAUS AGENCIES CARDHOLDERS WITH ACTIVE CREDIT CARDS WITH IDENTICAL BILLING CYCLE WILL BE ASSIGNED THE SAME BILLING CYCLE FOR ANY NEW CARD ISSUANCE BILLING CYCLE OF NEW CREDIT CARD S FOR CARDHOLDERS WITH ONLY ONE ACTIVE CREDIT CARD WILL BE SAME AS THE EXISTING CARD LET S CONNECT LET S SIMPLIFY FOR ALL CARD EXCEPT AURUM 39 02 02 02 PREFIX LOCAL STD CODE OR 1860 180 1290 BY PHONE BY E MAIL FOR ALL CARD EXCEPT AURUM CUSTOMERCARE SBICARD COM BY WEB FOR ALL CARD EXCEPT AURUM LOG ON TO WWW SBICARD COM AND REGISTER BY LETTER WRITE TO US AT MANAGER CUSTOMER CORRESPONDENCE UNIT DLF INFINITY TOWERS TOWERC 12TH FLOOR BLOCK 2 BUILDING 3 DLF CYBER CITY GURUGRAM 122002 HARYANA INDIA OR POST BAG NO 28 GPO NEW DELHI 110001 CUSTOMER GRIEVANCE REDRESSAL ALL GRIEVANCE ESCALATIONS SHOULD BE MARKED TO MR PROSENJIT DHAR NODAL OFFICER SBI CARDS AT ABOVE ADDRESS OR VIA EMAIL AT NODALOFFICER SBICARD COM IF CONCERN NOT RESOLVED WITHIN 15 DAYS YOU MAY APPROACH MR MANISH DEWAN HEAD CUSTOMER SERVICES AT CUSTOMERSERVICEHEAD SBICARD COM BILLING AND STATEMENT SBICPSL WILL SEND THE CARDHOLDER A MONTHLY STATEMENT SHOWING THE PAYMENTS CREDITED AND THE TRANSACTIONS DEBITED TO THE CARDHOLDER S ACCOUNT SINCE THE LAST STATEMENT PROVIDED THE CARD HAS BEEN ACTIVE DURING THE SAID PERIOD SBICPSL WILL EITHER MAIL A STATEMENT OF TRANSACTIONS IN THE CARD ACCOUNT TO THE MAILING ADDRESS IT HAS ON RECORD OR SEND A STATEMENT THROUGH EMAIL TO THE EMAIL ID ON RECORD ON A PRE DETERMINED DATE WAYS TO MAKE PAYMENT FOR YOUR SBI CREDIT CARD PAY VIA STANDING INSTRUCTION E NACH ENROLL FOR E NACH FOR AUTOMATED AND HASSLE FREE BILL PAYMENTS EVERY MONTH YOUR CARD DUES WILL BE DEDUCTED DIRECTLY FROM YOUR BANK ACCOUNT ON THE PAYMENT DUE DATE FOR MORE DETAILS VISIT WWW SBICARD COM PAY VIA UPI YOU CAN PAY YOUR BILL FASTER VIA UPI PAYMENT MODE ON SBI CREDIT CARD APP OR ON WEBSITE USING QR CODE NEFT NATIONAL ELECTRONIC FUNDS TRANSFER PAY YOUR SBI CREDIT CARD OUTSTANDING USING NEFT AND GET INSTANT CREDIT TO YOUR CARD ACCOUNT 24X7 USE YOUR 15 16 DIGIT CREDIT CARD NUMBER AS BENEFICIARY A C IFSC CODE SBIN00CARDS TO REGISTER YONO BY SBI PAY YOUR SBI CREDIT CARD BILLS WITH YONO BY SBI APP AND GET INSTANT CREDIT IN YOUR SBI CARD ACCOUNT PAYNET CLICK ON PAYNET AT WWW SBICARD COM TO MAKE YOUR PAYMENT ONLINE THROUGH NETBANKING OR YOUR SBI ATM CUM DEBIT CARD PAYMENT WILL REFLECT INSTANTLY ON YOUR SBI CREDIT CARD ACCOUNT FOR BANK DETAILS PLEASE LOG ONTO WWW SBICARD COM DEBIT CARD PAYMENT PAY ONLINE USING SELECTED BANKS DEBIT CARD PAYMENT WILL REFLECT INSTANTLY ON YOUR SBI CREDIT CARD ACCOUNT FOR MORE DETAILS VISIT WWW SBICARD COM VISA CREDIT CARD PAY USE VISA CREDIT CARD PAY TO PAY YOUR SBI CREDIT CARD BILL YOUR PAYMENT WILL BE CREDITED INSTANTLY AUTO DEBIT AUTHORIZE SBI CARD TO DEBIT YOUR BANK ACCOUNT SAVINGS CURRENT BY FILLING THE AUTO DEBIT MANDATE AVAILABLE AT SELECTED BANKS FOR MORE DETAILS VISIT WWW SBICARD COM MASTERCARD MONEYSEND DOWNLOAD ANY AUTHORIZED THIRD PARTY PAYMENT APP USE A PLATFORM THAT SUPPORTS THE MASTERCARD MONEYSEND PAYMENT MODE YOUR PAYMENT WILL BE CREDITED INSTANTLY TO YOUR CREDIT CARD ACCOUNT BBPS VISIT THE SBI UNIPAY WEBSITE TO PAY YOUR CREDIT CARD BILL CONVENIENTLY AND SECURELY THROUGH BHARAT BILL PAYMENT SYSTEM OTC PAY YOUR SBI CREDIT CARD DUES OVER THE COUNTER AT ANY SBI BRANCH IN INDIA ATM PAY AT ANY SBI ATM WITH YOUR SBI DEBIT CARD THIS SERVICE IS AVAILABLE AT ALL SBI ATMS ACROSS INDIA CHEQUE PAY YOUR SBI CREDIT CARD DUES THROUGH CHEQUE YOU CAN DROP YOUR CHEQUE AT ANY OF THE SBI CARD DROP BOXES AVAILABLE ACROSS INDIA NOTE FOR SMOOTH PROCESSING OF PAYMENT MADE TOWARDS YOUR CARD OUTSTANDING PLEASE AVOID USING PAYMENT MODES NOT ADVISED BY SBI CARD TO KNOW MORE ABOUT THE WAYS TO MAKE PAYMENT PLEASE VISIT HTTPS SBICARD COM EN PERSONAL PAY PAGE IMPORTANT COMMUNICATION ON PAYMENT DECLINE AS PER SBI CARD INTERNAL POLICY PAYMENTS MADE BY CUSTOMER THROUGH ANY INSTANT CHANNEL NEFT VISA MONEY TRANSFER MASTERCARD MONEYSEND BBPS PAYNET DEBIT CARD OR UPI WILL BE DECLINED IF THE AMOUNT PAID IS MORE THAN THE CURRENT OUTSTANDING HENCE CUSTOMERS ARE ADVISED NOT TO MAKE EXCESS PAYMENT TOWARDS THEIR CREDIT CARD AN ILLUSTRATION OF THE FINANCE CHARGE CALCULATION STATEMENT DATE IS 2ND OF EVERY MONTH AND PAYMENT DUE DATE IS 22ND OF EVERY MONTH THE INTEREST FREE PERIOD IS FROM THE 3RD OF EVERY MONTH TO 22ND OF THE NEXT MONTH PROVIDED THE PREVIOUS OUTSTANDING BALANCE IS PAID IN FULL MAKING ONLY THE MINIMUM PAYMENT EVERY MONTH WOULD RESULT IN THE REPAYMENT STRETCHING OVER YEARS WITH CONSEQUENT INTEREST PAYMENT ON YOUR OUTSTANDING BALANCE CARDHOLDER MAKES A RETAIL PURCHASE OF 1 200 ON 30TH APRIL THEREFORE THE TOTAL AMOUNT DUE ON THE STATEMENT DATED 2ND MAY IS 1 200 TO BE PAID BEFORE 22ND MAY ON 21ST MAY THE CARDHOLDER PAYS MINIMUM AMOUNT DUE OF 200 ON 25TH MAY CARDHOLDER MAKES A FRESH PURCHASE OF 1 000 STATEMENT DATED 2ND JUNE WOULD SHOW THE FOLLOWING COMPONENTS A FINANCE CHARGE CALCULATED OUTSTANDING AMOUNT X 3 75 X 12 MONTHS X NO OF DAYS 365 FINANCE CHARGE ON 1 200 FROM 30TH APRIL TO 20TH MAY 21 DAYS 31 07 FINANCE CHARGE ON 1 000 FROM 21ST MAY TO 2ND JUNE 13 DAYS 16 03 FINANCE CHARGE ON 1 000 OF FRESH PURCHASE FROM 25TH MAY TO 2ND JUNE 9 DAYS 11 10 TOTAL FINANCE CHARGE FOR 2ND JUNE CYCLE 58 19 B TOTAL PRINCIPAL AMOUNT OUTSTANDING 2 000 BALANCE 1 000 OUTSTANDING FROM LAST MONTH S BILLING PERIOD 1 000 FRESH PURCHASE HENCE TOTAL AMOUNT DUE A B APPLICABLE TAXES IF MINIMUM AMOUNT DUE OF 200 IS NOT PAID BY DUE DATE OF 22ND MAY LATE PAYMENT CHARGES AS APPLICABLE WOULD BE LEVIED KRISHAK UNNATI SBI CARD CUSTOMERS PLEASE REFER TO BELOW TABLE PLEASE NOTE THAT THE FOLLOWING FEES AND CHARGES ARE NOT APPLICABLE FOR KRISHAK UNNATI SBI CARD CASH ADVANCE FEE NO CASH LIMIT ALLOCATED FOREX MARKUP INTERNATIONAL USAGE NOT ALLOWED CASH PAYMENT FEE FINANCE CHARGES LATE PAYMENT CHARGES PAYMENT DISHONOR FEE CARD REPLACEMENT FEE CHEQUE FEE CHEQUE PICKUP FEE STATEMENT RETRIEVAL FEE OVERLIMIT FEE REWARD REDEMPTION FEE SURCHARGES AND OTHER DUTIES ALONG WITH APPLICABLE TAXES WILL BE APPLICABLE THIS CARD DOES NOT OFFER CARDHOLDER A REVOLVING CREDIT FACILITY CARDHOLDER HAS TO PAY TOTAL AMOUNT DUE PRINTED ON THE STATEMENT SIMPLYSAVE MERCHANT SBI CARD IS A CHARGE CARD THIS CARD DOES NOT OFFER CARDHOLDER A REVOLVING CREDIT FACILITY CARDHOLDER HAS TO PAY TOTAL AMOUNT DUE PRINTED ON THE STATEMENT FOR THE PURPOSES OF SIMPLYSAVE MERCHANT SBI CARD ONLY THE TOTAL AMOUNT DUE TAD WILL BE CONSTRUED TO BE EQUAL TO THE MINIMUM AMOUNT DUE MAD ORDER OF PAYMENT SETTLEMENT PAYMENT RECEIVED AGAINST THE CARDHOLDER S OUTSTANDING WILL BE ADJUSTED AGAINST 100 OF GST 100 OF EMI AMOUNT 100 OF FEES CHARGES 100 OF FINANCE CHARGES BALANCE TRANSFER RETAIL SPENDS AND CASH ADVANCE IN THAT ORDER UTILITY PAYMENTS SHALL BE IDENTIFIED UNDER MERCHANT CATEGORY CODE MCC 4900 ON BEST EFFORT BASIS THE MCCS ARE DEFINED BY THE NETWORK PARTNERS AND ARE SUBJECT TO CHANGE BASIS THEIR DISCRETION AND SUCH CHANGES SHALL BE IMPLEMENTED BASIS COMMUNICATION FROM THE NETWORKS WITHOUT ANY REQUIREMENT FOR INTIMATION INFORMATION TO THE CUSTOMERS IDENTIFIED UNDER MERCHANT CATEGORY CODE MCC 8211 8220 8241 8244 8249 AND 8299 ON BEST EFFORT BASIS THIRD PARTY APPS LIKE BUT NOT LIMITED TO CRED CHEQ MOBIKWIK ETC IDENTIFIED UNDER MERCHANT CATEGORY CODE MCC 6540 AND 6541 ON BEST EFFORT BASIS THE MCCS ARE DEFINED BY THE NETWORK PARTNERS AND ARE SUBJECT TO CHANGE BASIS THEIR DISCRETION AND SUCH CHANGES SHALL BE IMPLEMENTED BASIS COMMUNICATION FROM THE NETWORKS WITHOUT ANY REQUIREMENT FOR INTIMATION INFORMATION TO THE CUSTOMERS,"Blinkit BANGALORE IN Transactions highlighted in grey color, if any, do not form part of Purchases & Other Debits; #Transactions fully/partially converted to Flexipay/Encash/Merchant EMI. C=Credit ; D=Debit; EN=Encash; FP=Flexipay; EMD=Easy Money Draft; BT=Balance Transfer; M=Monthly Installments; TAD=Total Amount Due; T=Temporary Credit. Important Messages W.e.f. 15 Jul'25, below changes to come into effect:Minimum Amount Due (MAD) calculation will be 100% of GST + 100% of EMI amount + 100% of Fees/Charges +100% of finance charges+ Overlimit Amount (if any) + 2% of remaining balance outstanding.Payments received against the Cardholder's outstanding will be adjusted against 100% of GST, 100% of EMI amount, 100% of Fees/Charges, 100% of Finance charges, Balance transfer, Retail Spends and Cash Advance in that order. *Total Amount Due (TAD) needs to be paid by payment due date to avoid levy of finance charges on new transactions done after the statement date. The difference, if any, between the Total Amount Due and the Total Outstanding is the balance on the Flexipay/Encash/Installments as applicable. ** To keep your credit card in good standing, you have the option of paying atleast the minimum amount due on or before the due date. The Minimum Amount Due includes the EMI on Flexipay/Encash/Installment amounts & 100% of all applicable taxes. Content of this statement will be considered correct if no error is reported within 20 days. SAVINGS AND BENEFITS SECTION For this statement For this year From the card issue date Offer Cashback ( ` )# 0.00 0.00 0.00 Petrol Surcharge Waiver( ` )# 0.00 0.00 0.00 Card Cashback ( ` )# 407 436 20655 # with effect from transactions dated 17-Nov-2011. Treatment of EMI benefits / services availed by the cardholder Instant information 24X7, by just sending an SMS to 5676791 once the account turns NPA : A day after the statement is generated post account Simply Balance Enquiry: Available Credit & Cash limit: classification as NPA, all EMI plans (excluding restructured plans) SMS BAL XXXX AVAIL XXXX available on the account shall be closed & the principal outstanding along with the outstanding interest accrued till the Hotlist Lost/Stolen Card: Last Payment Status: date of such EMI plans shall be debited to the Credit Card BLOCK XXXX PAYMENT XXXX Account & appear in the subsequent monthly statement. SBI Card Reward Point Summary: Subscribe to Estatement: shall be entitled to demand immediate repayment of such REWARD XXXX ESTMT XXXX consolidated outstanding amounts. As a part of the Credit Card Duplicate Statement: Account, this balance will attract all applicable charges (including DSTMT XXXX Statement Period in MMYY finance charges at applicable interest rate) as outlined in the MITC. XXXX = Last 4 Digits of the Card No. W.e.f. 15 Sep 2025, a revised ‘Cheque Processing Fee’ of Rs. Important Information on Disputed Transaction(s): 200 will be applicable on outstanding payments made via Cheque. This revision is reflective of the increased operational •Kindly note that this temporary credit (T) has been rendered to cost associated with offline payment modes. Payments made you in the interim and though the amount is included in your through digital channels such as UPI, BBPS, NEFT, etc will available credit limit, you will not be able to spend the amount continue to be free of any additional charges. We encourage our while the dispute is still under investigation. cardholders to explore digital modes for hassle-free payments & •As we are dependent on feedback from external parties such as faster credits. acquiring bank, closure of such disputes may take up to a maximum of 120 days from date of initiation of investigation. Important Notes •Post completion of the investigation, in case the dispute is •Description of Services :- Credit Card Services not closed in cardholder’s favor, the temporary credit shall be •HSN Code : 997113 reversed and corresponding debit entry shall reflect on the •Declaration : We hereby declare that the tax in relation to this card account. However, in case the dispute gets resolved in statement is not payable under reverse charge mechanism favor of the cardholder, the temporary credit shall be •Name and the address of the supplier : SBI Cards and Payment regularized and replaced by a permanent credit. Reward Points Services Limited (SBI Card) , DLF Cyber City, Tower C, for the disputed transaction will be debited in case the dispute is Block 2, Building 3 DLF Infinity Towers,12th Floor, Gurugram, closed in cardholders favor. Further any charges levied on the HR - 122002 disputed transaction during the period of investigation will be reversed,however same will be billed in the subsequent card statement, incase the dispute is not closed in cardholders favor. Log onto sbicard.com to view the “Most Important Terms & •All transaction disputes are resolved as per the Network Conditions” & updated information on all ongoing offers. (VISA, MasterCard, Rupay, Amex) Guidelines. You will receive SBI Card (SBICPSL) is a Corporate Agent of Royal Sundaram continuous updates on status of the dispute. General Insurance Co. Limited, SBI General Insurance The interest amount chargeable in the 1st EMI will be calculated Company Limited and SBI Life Insurance Company Limited for the period between Plan Open Date (Encash, Encash Inline, BT Vide IRDAI Registration Code CA0075. Insurance is the on EMI & Flexipay)/Booking Confirmation Date (Merchant EMI) subject matter of solicitation. and the payment due date (PDD), as per the credit card statement cycle. From 2nd EMI onwards, interest will be levied for a 30-day period, from one PDD to the next PDD. Hence, the 1st EMI amount may be different from subsequent EMIs. SAFETY FIRST •SBI Card has now introduced OTP for 3D secure authentication of all Online Credit Card transactions •Please ensure your current mobile no. is registered with us •Please do not share this 6 digits OTP with anyone. SBI Card never asks for such information IMPORTANT INFORMATION . . . . . Important Terms & Conditions Charges & Cardholder Agreement Privacy Policy Reach Us Payment Options CKYC CKYC (Central Know Your Customer) is a centralized database of KYC records of customers taking financial services from Banks, NBFCs etc. CKYC Identifier is a unique number generated for an individual on completing KYC formalities at the time of account opening/updation. Transactions that remain unbilled on the statement date will reflect in the next cycle. You can check transaction status at https://sbicard.com , Mobile App or https://ila.sbicard.com/. W.e.f. 1st Nov’25, the following charges will be levied on the below mentioned transactions. For more details, please refer the Most Important Terms and Conditions (MITC) on www.sbicard.com. • Fee of 1% of the transaction amount applicable on Education Payments made through third-party apps. However, payments made directly to colleges or schools via their websites or POS machines will not attract any fee. • Fee of 1% of the transaction amount applicable on every wallet load transaction exceeding Rs.1000. •Declaration : I/We hereby declare that though our aggregate turnover in any preceding financial year from 2017-18 onwards is more than the aggregate turnover notified under sub-rule (4) of rule 48, we are not required to prepare an invoice in terms of the provisions of the said sub-rule. Version 1.1 / OCT, 2025 For SBI Cards and Payment Services Limited (SBI Card). Authorized Signatory Schedule of Charges Annual Credit Card Name Renewal Fee (Rs.) Fee (Rs.) 9,999 (Waived off on annual spends of 12 Lakh or more AURUM 9,999 in the preceding year) KrisFlyer SBI Card Apex 9,999 9,999 KrisFlyer SBI Card 2,999 2,999 2,999 (Waived off on annual spends of 3 Lakh or more SBI Card PRIME 2,999 in the preceding year) 2,999 (Waived off on annual spends of 3 Lakh or more SBI Card PRIME Advantage 2,999 in the preceding year) 1,499 (Waived off on annual spends of 2 Lakh or more Doctor's SBI Card 1,499 in the preceding year) 1,499 (Waived off on annual spends of 1.5 Lakh or more Shaurya Select SBI Card 1,499 in the preceding year) 250 (Waived off on annual spends of 50,000 or more Shaurya SBI Card 250 in the preceding year) 1,499 (Waived off on annual spends of 2 Lakh or more in SBI Card PULSE 1,499 the preceding year) 999 (Waived off on annual spends of 2 Lakh or more 999 CASHBACK SBI Card in the preceding year) 499 (Waived off on annual spends of 1 Lakh or more SimplyCLICK SBI Card 499 in the preceding year) 499 (Waived off on annual spends of 1 Lakh or more in SimplyCLICK Advantage SBI Card 499 the preceding year) 499 (Waived off on annual spends of 1 Lakh or more SimplySAVE SBI Card 499 in the preceding year) 499 (Waived off on annual spends of 1 Lakh or more SimplySAVE Advantage SBI Card 499 in the preceding year) SBI Card Unnati NIL 499 (5th Year Onwards) 499 (Waived off on annual spends of 30,000 or more in Krishak Unnati SBI Card NIL the preceding year) Aditya Birla SBI Card 499 499 Aditya Birla SBI Card SELECT 1,499 1,499 Air India SBI Platinum Card 1,499 1,499 Air India SBI Signature Card 4,999 4,999 499 (Waived off on annual spends of 1 Lakh or more Apollo SBI Card 499 in the preceding year) 499 (Waived off on annual spends of 50000 or more in BPCL SBI Card 499 the preceding year) 1,499 (Waived off on annual spends of 2 Lakh or more BPCL SBI Card Octane 1,499 in the preceding year) Club Vistara SBI Card PRIME 2,999 2,999 Club Vistara SBI Card 1,499 1,499 499 (Waived off on annual spends of 1 Lakh or more Delhi Metro SBI Card 499 in the preceding year) Etihad Guest SBI Card 1,499 1,499 Etihad Guest SBI Premier Card 4,999 4,999 499 (Waived off on annual spends of 1 Lakh or more Fabindia SBI Card 499 in the preceding year) 1,499 (Waived off on annual spends of 2 Lakh or more Fabindia SBI Card SELECT 1,499 in the preceding year) IRCTC SBI card 500 500 1,499 (Waived off on annual spends of 2 Lakh or more IRCTC SBI Card Premier 1,499 in the preceding year) ""Lifestyle Home Centre SBI Card , MAX SBI 499 499 Card, SPAR SBI Card"" ""Lifestyle Home Centre SBI Card PRIME, 2,999 2,999 MAX SBI Card PRIME, SPAR SBI Card PRIME"" ""Lifestyle Home Centre SBI Card SELECT, 1,499 1,499 MAX SBI Card SELECT, SPAR SBI Card SELECT"" 1,499 (Waived off on annual spends of 2 Lakh or more Nature's Basket SBI Card 1,499 in the preceding year) 4,999 (Waived off on annual spends of 10 Lakh or more Nature's Basket SBI Card ELITE 4,999 in the preceding year) 499 (Waived off on annual spends of 1 Lakh or more in OLA Money SBI Card NIL the preceding year) Paytm SBI Card 499 499 1,499 (Waived off on annual spends of 2 Lakh or more in Paytm SBI Card SELECT 1,499 the preceding year) 499 (Waived off on annual spends of 1 Lakh or more in Yatra- SBI Card 499 the preceding year) 2,999 (Waived off on annual spends of 3 Lakh or more City Union Bank SBI Card PRIME 2,999 in the preceding year) City Union Bank SimplySAVE SBI 499 499 (Waived off on annual spends of 1 Lakh or more Card in the preceding year) 2999 (Waived off on annual spends of 3 Lakh or more Karnataka Bank SBI Card PRIME 2,999 in the preceding year) Karnataka Bank SimplySAVE SBI 499 (Waived off on annual spends of 1 Lakh or more 499 Card in the preceding year) 2,999 (Waived off on annual spends of 3 Lakh or more PSB SBI Card PRIME 2,999 in the preceding year) 4,999 (Waived off on annual spends of 10 Lakh or more PSB SBI Card ELITE 4,999 in the preceding year) 499 (Waived off on annual spends of 1 Lakh or more PSB SimplySAVE SBI Card 499 in the preceding year) UCO Bank SimplySAVE SBI Card 499 499 (Waived off on annual spends of 1 Lakh or more in the preceding year) 2,999 (Waived off on annual spends of 3 Lakh or more UCO Bank SBI Card PRIME 2,999 in the preceding year) 4,999 (Waived off on annual spends of 10 Lakh or more 4,999 UCO Bank SBI Card ELITE in the preceding year) SimplySAVE Merchant SBI Card NIL NIL 499 (Waived off on annual spends of 1 Lakh or more Reliance SBI Card 499 in the preceding year) 2,999 (Waived off on annual spends of 3 Lakh or more 2,999 Reliance SBI Card PRIME in the preceding year) 2,999 (Waived off on annual spends of 3 Lakh or more Titan SBI card 2,999 in the preceding year) 1,499 (Waived off on annual spends of 6 Lakh or more SBI Card MILES 1,499 in the preceding year) 2,999 (Waived off on annual spends of 10 Lakh or more SBI Card MILES PRIME 2,999 in the preceding year) SBI Card MILES ELITE 4,999 4,999 (Waived off on annual spends of 15 Lakh or more in the preceding year) Shaurya Select NIL NIL South Indian Bank SBI Platinum 2,999 2,999 Credit Card South Indian Bank SimplySAVE SBI 499 (Waived off on annual spends of Rs. 1 lakh or more 499 Card in the preceding Year) KVB SBI Signature Card 4,999 4,999 Karur Vysya Bank SBI Platinum 2,999 2,999 Credit Card 499 (Waived off on annual spends of Rs. 1 lakh or more Karur Vysya Bank SBI Card 499 in the preceding Year) Central SBI Select Card 750 750 Central SBI Select+ Card 2999 2999 FBB SBI Styleup Card 499 499 IRCTC SBI Platinum Card 500 500 2,999 (Waived off on annual spends of 3 lakh or more in South Indian Bank SBI Card PRIME 2,999 the preceding Year) 4,999 (Waived off on annual spends of 10 lakh or more KVB SBI Card ELITE 4,999 in the preceding Year) 2,999 (Waived off on annual spends of 3 lakh or more in KVB SBI Card PRIME 2,999 the preceding Year) 499 (Waived off on annual spends of 1 lakh or more KVB SimplySAVE SBI Card 499 in the preceding Year) SBI Card ELITE 4,999 4,999 (Waived off on annual spends of 10 lakh or more in the preceding Year) 4,999 (Waived off on annual spends of 10 lakh or more 4,999 SBI Card ELITE Advantage in the preceding Year) SBI Card PRIME NRI Secured 1,500 1,500 499 (Waived off on annual spends of Rs.1 Lakh or more Tata Neu Plus SBI Credit Card 499 in the preceding year) 1,499 (Waived off on annual spends of Rs.3 Lakh or Tata Neu Infinity SBI Credit Card 1,499 more in the preceding year) 1,499 (Waived off on annual spends of Rs. 3 lakh or Apollo SBI Card SELECT 1,499 more in the preceding year) Bank of Maharashtra SBI Card 4,999 4,999 (Waived off on annual spends of Rs.10 Lakh or ELITE more in the preceding year) Bank of Maharashtra SBI Card 2,999 (Waived off on annual spends of Rs.3 Lakh or 2,999 PRIME more in the preceding year) Bank of Maharashtra SimplySAVE 499 (Waived off on annual spends of Rs.1 Lakh or more 499 SBI Card in the preceding year) 499 (Waived off on annual spends of Rs.1 Lakh or more PhonePe SBI Card PURPLE 499 in the preceding year) PhonePe SBI Card SELECT 1,499 1,499 (Waived off on annual spends of Rs.3 Lakh or BLACK more in the preceding year) 500 500 ( Waived off on Annual Spends of Rs 3.5 Lakh or Flipkart SBI Card more in the preceding year ) 4,999 4,999 IndiGo SBI Card ELITE 1,499 1,499 IndiGo SBI Card Extended Credit Interest Free Credit Period 20-50 days (applicable only on retail purchases and if previous month’s outstanding balance is paid in full) Finance Charges 3.75% p.m. (45% p.a.) for Unsecured Cards; 2.75% p.m. (33% p.a.) for Shaurya, Defence Cards and Secured cards Minimum Finance Charges `25 Minimum Amount Due 100% of GST + 100% of EMI amount + 100% of Fees/Charges + 100% of finance charges + Overlimit Amount (if any) + 2% of remaining balance outstanding. Cash Advance Cash Advance Limit Cash Advance Limit is a part of the overall Credit Limit. Cash Advance Limit is indicated in the monthly card statement. Max. cash withdrawal limit is Rs.15,000 per day on MCC - 6011(ATM Withdrawals), subject to Cash Advance Limit availability.Cash Advance is not available for MCC - 6010 (""over-the-counter"" cash disbursement). Free Credit Period Nil Finance Charges 3.75% p.m. (45% p.a.) for Unsecured Cards; 2.75% p.m. (33% p.a.) for Shaurya, Defence Cards and Secured cardsThe above-mentioned charges will be applicable from the date of Cash withdrawal. Minimum Finance Charges `25 Cash Advance Fees 2.5% of transaction amount (subject to a minimum of `500) SBI ATMs/Other Domestic ATMs 2.5% of transaction amount (subject to a minimum of `500) International ATMs Other Charges & Fees `250 Cash Payment fee 2% of Payment amount (subject to a minimum of `500) Payment Dishonor fee Cheque Payment Fee `200 Late Payment Nil for Outstanding Amount due from `0 -`500; `400 for Outstanding Amount due greater than `500 & upto `1000 `750 for Outstanding Amount due greater than `1000 & upto `10,000; `950 for Outstanding Amount due greater than `10,000 & upto `25,000; `1100 for Outstanding Amount due greater than `25,000 & upto `50,000; `1300 for Outstanding Amount due greater than `50,000 Additional late payment charges `100 Late Payment Charges on RE `500 for Outstanding Amount due greater than `1000 Overlimit Fee 2.5% of Overlimit Amount (subject to a minimum of Rs 600). Overlimit Fee will not be reversed in case of transaction reversal / cancellation /refund Card Replacement `100 - `250 (`1500 for Aurum) Emergency Card Replacement (When Actual cost (subject to a minimum of $175 for VISA and $ 148 Abroad) for Mastercard) Foreign Currency Transaction Fee 3.5% (For all cards Except Elite, Aurum and SBI Card Miles. SBI Card Miles Prime, SBI Card Miles Elite and Tata Neu Infinity SBI Credit Card), 3% for SBI Card Miles, 2.5% for SBI Card Miles Prime and 1.99% (For ELITE, Aurum, SBI Card Miles Elite and Tata Neu Infinity SBI Credit Card) 3.5% (For all cards Except Elite, Aurum and SBI Card Miles. Dynamic Currency Conversion Fee SBI Card Miles Prime, SBI Card Miles Elite and Tata Neu Infinity SBI Credit Card), 3% for SBI Card Miles, 2.5% for SBI Card Miles Prime and 1.99% (For ELITE, Aurum, SBI Card Miles Elite and Tata Neu Infinity SBI Credit Card). Rewards Redemption Fee `99. Applicable only on physical product, Statement Fee Credit & on vouchers that are sent physically as specified in the individual product Terms & Conditions, for all cards except AURUM. w.e.f. 1st Dec 2024, 1% of total amount of Utility Payments, if Utility Payments Fee**** the total amount exceeds Rs. 50,000 in a billing cycle. W.e.f. 1st Nov’25, 1% of the transaction amount applicable on Fee on Education Payment Transactions^ Education Payments made through third-party apps.^^ However, payments made directly to colleges or schools via their websites or POS machines will not attract any fee. W.e.f. 1st Nov’25, 1% of the transaction amount applicable on Fee on Wallet Load Transactions^^^ every wallet load transaction exceeding Rs.1000. Processing Fee on all Rent Payment `199. Processing Fee will not be reversed in case of Transactions*** transaction reversal / cancellation / refund LoungeCharges All Airport Lounge visits within India through International Lounge Access Programs(like Priority Pass program) will be charged a usage fee of up to USD 27 per visit + applicable taxes. For details, please visit sbicard.com All Airport Lounge visits outside India through International Lounge Access Programs(like Priority Pass program) , after exhausting the complimentary visits, will be charged with a usage fee of up to USD 27 per visit + applicable taxes. For details, please visit sbicard.com Grace period Grace period of 3 days is allowed from the payment due date on credit card accounts, where payments are not overdue from previous billing cycle(s). The payment due date as mentioned on the credit card statement is the date by which clear funds must be credited to the credit card, however 3 grace days are provided to accommodate for processing time of payments. Surcharge Railway Tickets - www.irctc.co.in As prescribed by IRCTC / Indian Railways Petrol & all products/services sold 1% of transaction amount + all applicable taxes at petrol pumps Fuel surcharge is levied by acquiring bank providing the terminal to the merchant.The transaction value on charge slip will differ from credit card statement since the surcharge & GST is levied by acquiring bank on the transaction value. 1% fuel surcharge waiver (excluding GST) shall be provided for eligible transaction value on select cards.Fuel surcharge waiver terms and conditions may vary.Refer product T&Cs for details. For Reward Point redemption, your SBI Card must not be overdue, suspended, blocked,cancelled or terminated by SBICPSL at the time of redemption request. **Applicable taxes means:- For the cardholders having state of residence in the records of SBI Card on the statement date as ""Haryana"" - Central Tax @ 9% and State Tax @ 9% - For the cardholders having state of residence in the records of SBI Card on the statement date as other than ""Haryana"" - Integrated Tax @ 18%.***All transactions towards payment of rent through any merchant will be levied Rs.199+Applicable Taxes as processing fee. All the transactions identified under Merchant Category Code (MCC) 6513 will be considered as rent payment transactions. Important Points ""Payment of any amount lesser than the Total Amount Due in any month results in interest accrual on the balance outstanding amount including any new purchases and cash advances. To enjoy the benefit of interest free period, please pay the Total Amount Due (TAD) before the Payment Due Date (PDD). Further, making only the minimum payment every month would result in the repayment stretching over months/years with consequential compounded interest payment on your outstanding balance."" SMA & NPA •Special Mention Accounts (‘SMA’): In furtherance to Regulatory requirements, SBI Card is required to identify incipient stress in the account by creating a sub-asset category viz. ‘Special Mention Accounts (‘SMA’)"" with the three sub-categories as given in the table below. Credit cards are treated as ""Loans other than revolving facilities"". SMA Sub-categories Basis for classification [Principal or interest payment or any other amount wholly or partly overdue] SMA – 0 Upto 30 days from Payment Due Date (‘PDD’). SMA – 1 More than 30 days &upto 60 days from PDD SMA – 2 More than 60 days &upto 90 days from PDD Example regarding classification of SMA: If Payment Due Date (‘PDD’) of a Credit Card account is 31st March 2021, and ’Minimum Amount Due (‘MAD’) is not received before this date then after the due date, the account will be mentioned as SMA-0. If the account continues to remain overdue beyond 30 days from PDD i.e., beyond 30th April 2021 then this account shall get tagged as SMA-1. Similarly, if the account continues to remain overdue, beyond 60 days from PDD i.e., beyond 30th May 2021 then this account shall get tagged as SMA-2. •Non-Performing Asset (‘NPA’): A credit card account will be treated as non-performing asset (‘NPA’) if the Minimum Amount Due, as mentioned in the statement, is not paid fully within ninety (90) days from the PDD mentioned in the statement. Further, any account where a settlement or restructuring arrangement has been availed will be classified as NPA. An account continues to be classified as NPA till the entire arrears of interest and principal are paid. Settlement and restructured accounts do not qualify for an upgrade. Finally, if any customer has even one credit card with SBICard tagged as NPA, all cards of the customer will be classified as NPA. Example regarding classification of an account as NPA: If Payment Due Date (‘PDD’) of a Credit Card account is 31st March 2021, and Minimum Amount Due as mentioned in the statement has not been fully paid by the customer within a period of 90 days from the PDD i.e., till 29th June 2021, then the lender shall consider the credit card account as NPA. As per recent RBI Guidelines, cheques should have no corrections on the payee name, amount either in words or figures. Hence, we request you to take care at the time of issuing cheques against your SBI Card dues in order to avoid any inconvenience / charges. Incase of any transaction dispute please send a signed dispute form within 25 days from date of transaction to chargeback@sbicard.com No new statement will be sent, in case of credit balance and no new transaction on the account within 30 days of the last statement. SBI Cards may not approve High Risk Transactions (e.g. Jewellery etc.) to prevent misuse or potential fraud on your SBI Card. SBI Card discloses information regarding your account to credit information bureaus / agencies on a regular basis, as mandated by RBI. In the event of non-payment of at least the Minimum Amount Due by the Payment Due Date, your card account will be reported as ‘Default’ to credit information bureaus / agencies. Cardholders with active credit cards with identical billing cycle will be assigned the same billing cycle for any new card issuance. Billing cycle of new credit card(s), for cardholders with only one active credit card, will be same as the existing card. Let’s Connect! Let’s Simplify! For All Card (except AURUM) : 39 02 02 02 (prefix local STD code) or 1860 180 1290 By Phone By E-mail For All Card (except AURUM) : customercare@sbicard.com By Web For All Card (except AURUM) : Log on to www.sbicard.com and register By Letter Write to us at Manager, Customer Correspondence Unit DLF Infinity Towers, TowerC, 12th Floor, Block 2, Building 3, DLF Cyber City, Gurugram – 122002 (Haryana)India or Post Bag No.28, GPO, New Delhi – 110001 CUSTOMER GRIEVANCE REDRESSAL: All grievance escalations should be marked to Mr. Prosenjit Dhar (Nodal Officer), SBI Cards at above address or via email at nodalofficer@sbicard.com. If concern not resolved within 15 days, you may approach Mr. Manish Dewan - Head, Customer Services at CustomerServiceHead@sbicard.com BILLING AND STATEMENT SBICPSL will send the Cardholder a monthly statement showing the payments credited and the transactions debited to the Cardholder's Account since the last statement, provided the card has been active during the said period. SBICPSL will either mail a statement of transactions in the card account to the mailing address it has on record, or send a statement through email to the email id on record, on a pre- determined date. Ways to make payment for your SBI Credit Card Pay via Standing Instruction (e-NACH) Enroll for e-NACH for automated and hassle-free bill payments, every month. Your card dues will be deducted directly from your bank account on the Payment Due Date. For more details visit www.sbicard.com Pay via UPI You can pay your bill faster via UPI payment mode on SBI Credit Card app or on website using QR code. NEFT (National Electronic Funds Transfer) Pay your SBI Credit Card outstanding using NEFT and get instant credit to your card account, 24X7. Use your 15/16-digit credit card number as Beneficiary A/c & IFSC Code SBIN00CARDS to register YONO by SBI Pay your SBI Credit Card bills with YONO by SBI App and get instant credit in your SBI Card account. PayNet Click on PayNet at www.sbicard.com to make your payment online through netbanking or your SBI ATM cum debit card. Payment will reflect instantly on your SBI Credit Card account. For bank details, please log onto www.sbicard.com Debit Card Payment Pay online using selected banks debit card. Payment will reflect instantly on your SBI Credit Card account. For more details, visit www.sbicard.com VISA Credit Card Pay Use VISA Credit Card Pay to pay your SBI Credit Card bill. Your payment will be credited instantly. Auto Debit Authorize SBI Card to debit your bank account (savings/current) by filling the Auto Debit mandate available at selected banks. For more details, visit www.sbicard.com Mastercard MoneySend Download any authorized third-party payment app / use a platform that supports the Mastercard MoneySend payment mode. Your payment will be credited instantly to your credit card account. BBPS Visit the SBI Unipay website to pay your credit card bill conveniently and securely through Bharat Bill Payment System. OTC Pay your SBI Credit Card dues over the counter at any SBI Branch in India. ATM Pay at any SBI ATM with your SBI Debit Card. This service is available at all SBI ATMs across India. Cheque Pay your SBI Credit Card dues through cheque. You can drop your cheque at any of the SBI Card drop boxes available across India. Note: For smooth processing of payment made towards your card outstanding, please avoid using payment modes not advised by SBI Card. To know more about the ways to make payment, please visit https://sbicard.com/en/personal/pay.page. Important Communication on Payment Decline: As per SBI Card internal policy, payments made by customer through any instant channel (NEFT, Visa Money Transfer, MasterCard MoneySend, BBPS, Paynet, Debit Card or UPI) will be declined if the amount paid is more than the current outstanding. Hence, customers are advised not to make excess payment towards their credit card. An illustration of the Finance Charge Calculation: •Statement Date is 2nd of every Month and Payment Due Date is 22nd of every month. •The interest free period is from the 3rd of every month to 22nd of the next month provided the previous outstanding balance is paid in full. Making only the minimum payment every month would result in the repayment stretching over years with consequent interest payment on your outstanding balance. •Cardholder makes a retail purchase of `1,200 on 30th April, therefore the Total Amount Due on the statement dated 2nd May is ` 1,200 to be paid before 22nd May. •On 21st May, the Cardholder pays Minimum Amount Due of ` 200. •On 25th May, Cardholder makes a fresh purchase of ` 1,000. Statement dated 2nd June would show the following components A) Finance Charge calculated= (Outstanding Amount X 3.75% X 12 Months X No. of Days) /365 Finance Charge on `1,200 from 30th April to 20th May (21 Days) ` 31.07 Finance Charge on `1,000 from 21st May to 2nd June (13 Days) ` 16.03 Finance Charge on `1,000 of fresh purchase from 25th May to 2nd June ( 9 Days) ` 11.10 Total Finance Charge for 2nd June cycle ` 58.19 B) Total Principal Amount Outstanding = `2,000 (Balance `1,000 outstanding from last month’s billing period + `1,000 fresh purchase) Hence Total Amount Due = (A) + (B) + Applicable taxes If Minimum Amount Due of ` 200 is not paid by due date of 22nd May, Late Payment charges as applicable would be levied *Krishak Unnati SBI Card customers, please refer to below Table • Please note that the following fees and charges are not applicable for Krishak Unnati SBI Card:Cash Advance Fee (No Cash Limit Allocated), Forex Markup (International usage not allowed),Cash Payment Fee, Finance Charges, Late Payment Charges, Payment Dishonor Fee, Card Replacement Fee, Cheque Fee, Cheque Pickup Fee, Statement Retrieval Fee, Overlimit Fee,Reward Redemption Fee. Surcharges and other duties (along with applicable taxes) will be applicable. • This Card does not offer Cardholder a revolving credit facility. Cardholder has to pay Total Amount Due printed on the Statement. • SimplySAVE Merchant SBI Card is a charge Card. • This card does not offer Cardholder a revolving credit facility.Cardholder has to pay Total Amount Due Printed on the Statement. • For the purposes of SimplySAVE Merchant SBI Card only,the Total Amount Due (TAD) will be construed to be equal to the Minimum Amount Due (MAD). Order of payment settlement -Payment received against the Cardholder's outstanding will be adjusted against 100% of GST, 100% of EMI amount, 100% of Fees/Charges, 100% of Finance charges, Balance transfer, Retail Spends and Cash Advance, in that order. **** Utility payments shall be identified under Merchant Category Code (MCC) 4900, on best effort basis. The MCCs are defined by the network partners and are subject to change basis their discretion and such changes shall be implemented basis communication from the networks without any requirement for intimation/information to the customers. ^ Identified under Merchant Category Code (MCC) 8211, 8220, 8241, 8244, 8249 and 8299, on best effort basis. ^^Third Party Apps like (but not limited to) CRED, Cheq, MobiKwik etc. ^^^Identified under Merchant Category Code (MCC) 6540 and 6541, on best effort basis. The MCCs are defined by the network partners and are subject to change basis their discretion and such changes shall be implemented basis communication from the networks without any requirement for intimation/information to the customers.",924.0,debit,0.0,SBI_CASHBACK,01,2026,844b8d18c5ba7fd5353d2b3aefa36852201ac1c0ced10935828e15aed0ce9ea6,CC Bill Payment,1.0,rule,pending,,,,Not Available
2026-02-03,2026-02-03,CARD CASHBACK CREDIT,CARD CASHBACK CREDIT,407.0,credit,0.0,SBI_CASHBACK,02,2026,14be004eb875f786ba063e1a4fa354eb77433b3de56e088cb149741752588cbb,Cashback & Rewards,1.0,ml_exact,pending,,,,Not Available
2026-02-05,2026-02-05,PAYMENT RECEIVED 000DP01603611144336S63I TRANSACTIONS FOR R GANESH NAG,PAYMENT RECEIVED 000DP01603611144336S63i TRANSACTIONS FOR R Ganesh Nag,39767.0,credit,0.0,SBI_CASHBACK,02,2026,9eb1c970b5be0dc269572ae2404070704ba0ec8679c40d0629a95eb397939dcf,CC Bill Payment,1.0,rule,pending,,,,Not Available
2026-02-13,2026-02-13,SWIGGY LIMITED BANGALORE IN,Swiggy Limited Bangalore IN,321.0,debit,0.0,SBI_CASHBACK,02,2026,31f6535dba4f31dc15f92e5231320d4c03dc46a1982915d18fb3621ded6916a5,Food & Dining,1.0,rule,pending,,,,Not Available
2026-02-15,2026-02-15,SWIGGY LIMITED BANGALORE IN,Swiggy Limited Bangalore IN,567.0,debit,0.0,SBI_CASHBACK,02,2026,e8578e666bfb0778f5aba9620237e7f2d5b94d11be36b9672aaf4af721a93786,Food & Dining,1.0,rule,pending,,,,Not Available
2026-02-17,2026-02-17,SWIGGY LIMITED BANGALORE IN,Swiggy Limited Bangalore IN,424.0,debit,0.0,SBI_CASHBACK,02,2026,f974ac055ba4b3b42af6a341bd0df1bd1c463e55fcfcb4a173380041bc9e4e16,Food & Dining,1.0,rule,pending,,,,Not Available
2026-02-18,2026-02-18,SWIGGY LIMITED BANGALORE IN,Swiggy Limited Bangalore IN,464.0,debit,0.0,SBI_CASHBACK,02,2026,7113672a6bc5183aa7bc591206b4dbf210cd1dcb6f5a3a8a64ae0dc9f8037436,Food & Dining,1.0,rule,pending,,,,Not Available
2026-02-18,2026-02-18,SWIGGY LIMITED BANGALORE IN,Swiggy Limited Bangalore IN,464.0,credit,0.0,SBI_CASHBACK,02,2026,7da9c060bd3ff49a0964af345898d0eb77469d806857ee4a68c234f4cdfab275,Food & Dining,1.0,rule,pending,,,,Not Available
2026-02-19,2026-02-19,SWIGGY LIMITED BANGALORE IN,Swiggy Limited Bangalore IN,400.0,debit,0.0,SBI_CASHBACK,02,2026,c5ce68b8027f523c4b4e25d19e9c8ef6958a095454e868043d9455f4173257db,Food & Dining,1.0,rule,pending,,,,Not Available
2026-02-19,2026-02-19,SWIGGY LIMITED BANGALORE IN,Swiggy Limited Bangalore IN,432.0,debit,0.0,SBI_CASHBACK,02,2026,f50449ee938dfaf4f4f09c68bb34a6b4404bff1beffd1748d95ace8f7f70e162,Food & Dining,1.0,rule,pending,,,,Not Available
2026-02-21,2026-02-21,SWIGGY LIMITED BANGALORE IN,Swiggy Limited Bangalore IN,349.0,debit,0.0,SBI_CASHBACK,02,2026,8b0f50421510e1d495eb1e0ce1e4ef135fb538d94b23d09dce81aa541aa77450,Food & Dining,1.0,rule,pending,,,,Not Available
2026-02-25,2026-02-25,SWIGGY LIMITED BANGALORE IN TRANSACTIONS HIGHLIGHTED IN GREY COLOR IF ANY DO NOT FORM PART OF PURCHASES OTHER DEBITS TRANSACTIONS FULLY PARTIALLY CONVERTED TO FLEXIPAY ENCASH MERCHANT EMI C CREDIT D DEBIT EN ENCASH FP FLEXIPAY EMD EASY MONEY DRAFT BT BALANCE TRANSFER M MONTHLY INSTALLMENTS TAD TOTAL AMOUNT DUE T TEMPORARY CREDIT IMPORTANT MESSAGES TOTAL AMOUNT DUE TAD NEEDS TO BE PAID BY PAYMENT DUE DATE TO AVOID LEVY OF FINANCE CHARGES ON NEW TRANSACTIONS DONE AFTER THE STATEMENT DATE THE DIFFERENCE IF ANY BETWEEN THE TOTAL AMOUNT DUE AND THE TOTAL OUTSTANDING IS THE BALANCE ON THE FLEXIPAY ENCASH INSTALLMENTS AS APPLICABLE TO KEEP YOUR CREDIT CARD IN GOOD STANDING YOU HAVE THE OPTION OF PAYING ATLEAST THE MINIMUM AMOUNT DUE ON OR BEFORE THE DUE DATE THE MINIMUM AMOUNT DUE INCLUDES THE EMI ON FLEXIPAY ENCASH INSTALLMENT AMOUNTS 100 OF ALL APPLICABLE TAXES CONTENT OF THIS STATEMENT WILL BE CONSIDERED CORRECT IF NO ERROR IS REPORTED WITHIN 20 DAYS SUBJECT TO MEETING THE ELIGIBLE SPEND MILESTONE THE ANNUAL FEE REVERSAL WILL REFLECT IN YOUR SBI CARD ACCOUNT WITHIN 7 DAYS OF THE FEE BEING LEVIED SAVINGS AND BENEFITS SECTION FOR THIS STATEMENT FOR THIS YEAR FROM THE CARD ISSUE DATE OFFER CASHBACK 0 00 0 00 0 00 PETROL SURCHARGE WAIVER 0 00 0 00 0 00 CARD CASHBACK 144 580 20799 WITH EFFECT FROM TRANSACTIONS DATED 17 NOV 2011 TREATMENT OF EMI BENEFITS SERVICES AVAILED BY THE CARDHOLDER INSTANT INFORMATION 24X7 BY JUST SENDING AN SMS TO 5676791 ONCE THE ACCOUNT TURNS NPA A DAY AFTER THE STATEMENT IS GENERATED POST ACCOUNT SIMPLY BALANCE ENQUIRY AVAILABLE CREDIT CASH LIMIT CLASSIFICATION AS NPA ALL EMI PLANS EXCLUDING RESTRUCTURED PLANS SMS BAL XXXX AVAIL XXXX AVAILABLE ON THE ACCOUNT SHALL BE CLOSED THE PRINCIPAL OUTSTANDING ALONG WITH THE OUTSTANDING INTEREST ACCRUED TILL THE HOTLIST LOST STOLEN CARD LAST PAYMENT STATUS DATE OF SUCH EMI PLANS SHALL BE DEBITED TO THE CREDIT CARD BLOCK XXXX PAYMENT XXXX ACCOUNT APPEAR IN THE SUBSEQUENT MONTHLY STATEMENT SBI CARD REWARD POINT SUMMARY SUBSCRIBE TO ESTATEMENT SHALL BE ENTITLED TO DEMAND IMMEDIATE REPAYMENT OF SUCH REWARD XXXX ESTMT XXXX CONSOLIDATED OUTSTANDING AMOUNTS AS A PART OF THE CREDIT CARD DUPLICATE STATEMENT ACCOUNT THIS BALANCE WILL ATTRACT ALL APPLICABLE CHARGES INCLUDING DSTMT XXXX STATEMENT PERIOD IN MMYY FINANCE CHARGES AT APPLICABLE INTEREST RATE AS OUTLINED IN THE MITC XXXX LAST 4 DIGITS OF THE CARD NO W E F 15 SEP 2025 A REVISED CHEQUE PROCESSING FEE OF RS IMPORTANT INFORMATION ON DISPUTED TRANSACTION S 200 WILL BE APPLICABLE ON OUTSTANDING PAYMENTS MADE VIA CHEQUE THIS REVISION IS REFLECTIVE OF THE INCREASED OPERATIONAL KINDLY NOTE THAT THIS TEMPORARY CREDIT T HAS BEEN RENDERED TO COST ASSOCIATED WITH OFFLINE PAYMENT MODES PAYMENTS MADE YOU IN THE INTERIM AND THOUGH THE AMOUNT IS INCLUDED IN YOUR THROUGH DIGITAL CHANNELS SUCH AS UPI BBPS NEFT ETC WILL AVAILABLE CREDIT LIMIT YOU WILL NOT BE ABLE TO SPEND THE AMOUNT CONTINUE TO BE FREE OF ANY ADDITIONAL CHARGES WE ENCOURAGE OUR WHILE THE DISPUTE IS STILL UNDER INVESTIGATION CARDHOLDERS TO EXPLORE DIGITAL MODES FOR HASSLE FREE PAYMENTS AS WE ARE DEPENDENT ON FEEDBACK FROM EXTERNAL PARTIES SUCH AS FASTER CREDITS ACQUIRING BANK CLOSURE OF SUCH DISPUTES MAY TAKE UP TO A MAXIMUM OF 120 DAYS FROM DATE OF INITIATION OF INVESTIGATION IMPORTANT NOTES POST COMPLETION OF THE INVESTIGATION IN CASE THE DISPUTE IS DESCRIPTION OF SERVICES CREDIT CARD SERVICES NOT CLOSED IN CARDHOLDER S FAVOR THE TEMPORARY CREDIT SHALL BE HSN CODE 997113 REVERSED AND CORRESPONDING DEBIT ENTRY SHALL REFLECT ON THE DECLARATION WE HEREBY DECLARE THAT THE TAX IN RELATION TO THIS CARD ACCOUNT HOWEVER IN CASE THE DISPUTE GETS RESOLVED IN STATEMENT IS NOT PAYABLE UNDER REVERSE CHARGE MECHANISM FAVOR OF THE CARDHOLDER THE TEMPORARY CREDIT SHALL BE NAME AND THE ADDRESS OF THE SUPPLIER SBI CARDS AND PAYMENT REGULARIZED AND REPLACED BY A PERMANENT CREDIT REWARD POINTS SERVICES LIMITED SBI CARD DLF CYBER CITY TOWER C FOR THE DISPUTED TRANSACTION WILL BE DEBITED IN CASE THE DISPUTE IS BLOCK 2 BUILDING 3 DLF INFINITY TOWERS 12TH FLOOR GURUGRAM CLOSED IN CARDHOLDERS FAVOR FURTHER ANY CHARGES LEVIED ON THE HR 122002 DISPUTED TRANSACTION DURING THE PERIOD OF INVESTIGATION WILL BE REVERSED HOWEVER SAME WILL BE BILLED IN THE SUBSEQUENT CARD STATEMENT INCASE THE DISPUTE IS NOT CLOSED IN CARDHOLDERS FAVOR LOG ONTO SBICARD COM TO VIEW THE MOST IMPORTANT TERMS ALL TRANSACTION DISPUTES ARE RESOLVED AS PER THE NETWORK CONDITIONS UPDATED INFORMATION ON ALL ONGOING OFFERS VISA MASTERCARD RUPAY AMEX GUIDELINES YOU WILL RECEIVE SBI CARD SBICPSL IS A CORPORATE AGENT OF ROYAL SUNDARAM CONTINUOUS UPDATES ON STATUS OF THE DISPUTE GENERAL INSURANCE CO LIMITED SBI GENERAL INSURANCE THE INTEREST AMOUNT CHARGEABLE IN THE 1ST EMI WILL BE CALCULATED COMPANY LIMITED AND SBI LIFE INSURANCE COMPANY LIMITED FOR THE PERIOD BETWEEN PLAN OPEN DATE ENCASH ENCASH INLINE BT VIDE IRDAI REGISTRATION CODE CA0075 INSURANCE IS THE ON EMI FLEXIPAY BOOKING CONFIRMATION DATE MERCHANT EMI SUBJECT MATTER OF SOLICITATION AND THE PAYMENT DUE DATE PDD AS PER THE CREDIT CARD STATEMENT CYCLE FROM 2ND EMI ONWARDS INTEREST WILL BE LEVIED FOR A 30 DAY PERIOD FROM ONE PDD TO THE NEXT PDD HENCE THE 1ST EMI AMOUNT MAY BE DIFFERENT FROM SUBSEQUENT EMIS SAFETY FIRST SBI CARD HAS NOW INTRODUCED OTP FOR 3D SECURE AUTHENTICATION OF ALL ONLINE CREDIT CARD TRANSACTIONS PLEASE ENSURE YOUR CURRENT MOBILE NO IS REGISTERED WITH US PLEASE DO NOT SHARE THIS 6 DIGITS OTP WITH ANYONE SBI CARD NEVER ASKS FOR SUCH INFORMATION IMPORTANT INFORMATION IMPORTANT TERMS CONDITIONS CHARGES CARDHOLDER AGREEMENT PRIVACY POLICY REACH US PAYMENT OPTIONS CKYC CKYC CENTRAL KNOW YOUR CUSTOMER IS A CENTRALIZED DATABASE OF KYC RECORDS OF CUSTOMERS TAKING FINANCIAL SERVICES FROM BANKS NBFCS ETC CKYC IDENTIFIER IS A UNIQUE NUMBER GENERATED FOR AN INDIVIDUAL ON COMPLETING KYC FORMALITIES AT THE TIME OF ACCOUNT OPENING UPDATION TRANSACTIONS THAT REMAIN UNBILLED ON THE STATEMENT DATE WILL REFLECT IN THE NEXT CYCLE YOU CAN CHECK TRANSACTION STATUS AT HTTPS SBICARD COM MOBILE APP OR HTTPS ILA SBICARD COM W E F 1ST NOV 25 THE FOLLOWING CHARGES WILL BE LEVIED ON THE BELOW MENTIONED TRANSACTIONS FOR MORE DETAILS PLEASE REFER THE MOST IMPORTANT TERMS AND CONDITIONS MITC ON WWW SBICARD COM FEE OF 1 OF THE TRANSACTION AMOUNT APPLICABLE ON EDUCATION PAYMENTS MADE THROUGH THIRD PARTY APPS HOWEVER PAYMENTS MADE DIRECTLY TO COLLEGES OR SCHOOLS VIA THEIR WEBSITES OR POS MACHINES WILL NOT ATTRACT ANY FEE FEE OF 1 OF THE TRANSACTION AMOUNT APPLICABLE ON EVERY WALLET LOAD TRANSACTION EXCEEDING RS 1000 DECLARATION I WE HEREBY DECLARE THAT THOUGH OUR AGGREGATE TURNOVER IN ANY PRECEDING FINANCIAL YEAR FROM 2017 18 ONWARDS IS MORE THAN THE AGGREGATE TURNOVER NOTIFIED UNDER SUB RULE 4 OF RULE 48 WE ARE NOT REQUIRED TO PREPARE AN INVOICE IN TERMS OF THE PROVISIONS OF THE SAID SUB RULE VERSION 1 1 OCT 2025 FOR SBI CARDS AND PAYMENT SERVICES LIMITED SBI CARD AUTHORIZED SIGNATORY SCHEDULE OF CHARGES ANNUAL CREDIT CARD NAME RENEWAL FEE RS FEE RS 9 999 WAIVED OFF ON ANNUAL SPENDS OF 12 LAKH OR MORE AURUM 9 999 IN THE PRECEDING YEAR KRISFLYER SBI CARD APEX 9 999 9 999 KRISFLYER SBI CARD 2 999 2 999 2 999 WAIVED OFF ON ANNUAL SPENDS OF 3 LAKH OR MORE SBI CARD PRIME 2 999 IN THE PRECEDING YEAR 2 999 WAIVED OFF ON ANNUAL SPENDS OF 3 LAKH OR MORE SBI CARD PRIME ADVANTAGE 2 999 IN THE PRECEDING YEAR 1 499 WAIVED OFF ON ANNUAL SPENDS OF 2 LAKH OR MORE DOCTOR S SBI CARD 1 499 IN THE PRECEDING YEAR 1 499 WAIVED OFF ON ANNUAL SPENDS OF 1 5 LAKH OR MORE SHAURYA SELECT SBI CARD 1 499 IN THE PRECEDING YEAR 250 WAIVED OFF ON ANNUAL SPENDS OF 50 000 OR MORE SHAURYA SBI CARD 250 IN THE PRECEDING YEAR 1 499 WAIVED OFF ON ANNUAL SPENDS OF 2 LAKH OR MORE IN SBI CARD PULSE 1 499 THE PRECEDING YEAR 999 WAIVED OFF ON ANNUAL SPENDS OF 2 LAKH OR MORE 999 CASHBACK SBI CARD IN THE PRECEDING YEAR 499 WAIVED OFF ON ANNUAL SPENDS OF 1 LAKH OR MORE SIMPLYCLICK SBI CARD 499 IN THE PRECEDING YEAR 499 WAIVED OFF ON ANNUAL SPENDS OF 1 LAKH OR MORE IN SIMPLYCLICK ADVANTAGE SBI CARD 499 THE PRECEDING YEAR 499 WAIVED OFF ON ANNUAL SPENDS OF 1 LAKH OR MORE SIMPLYSAVE SBI CARD 499 IN THE PRECEDING YEAR 499 WAIVED OFF ON ANNUAL SPENDS OF 1 LAKH OR MORE SIMPLYSAVE ADVANTAGE SBI CARD 499 IN THE PRECEDING YEAR SBI CARD UNNATI NIL 499 5TH YEAR ONWARDS 499 WAIVED OFF ON ANNUAL SPENDS OF 30 000 OR MORE IN KRISHAK UNNATI SBI CARD NIL THE PRECEDING YEAR ADITYA BIRLA SBI CARD 499 499 ADITYA BIRLA SBI CARD SELECT 1 499 1 499 AIR INDIA SBI PLATINUM CARD 1 499 1 499 AIR INDIA SBI SIGNATURE CARD 4 999 4 999 499 WAIVED OFF ON ANNUAL SPENDS OF 1 LAKH OR MORE APOLLO SBI CARD 499 IN THE PRECEDING YEAR 499 WAIVED OFF ON ANNUAL SPENDS OF 50000 OR MORE IN BPCL SBI CARD 499 THE PRECEDING YEAR 1 499 WAIVED OFF ON ANNUAL SPENDS OF 2 LAKH OR MORE BPCL SBI CARD OCTANE 1 499 IN THE PRECEDING YEAR CLUB VISTARA SBI CARD PRIME 2 999 2 999 CLUB VISTARA SBI CARD 1 499 1 499 499 WAIVED OFF ON ANNUAL SPENDS OF 1 LAKH OR MORE DELHI METRO SBI CARD 499 IN THE PRECEDING YEAR ETIHAD GUEST SBI CARD 1 499 1 499 ETIHAD GUEST SBI PREMIER CARD 4 999 4 999 499 WAIVED OFF ON ANNUAL SPENDS OF 1 LAKH OR MORE FABINDIA SBI CARD 499 IN THE PRECEDING YEAR 1 499 WAIVED OFF ON ANNUAL SPENDS OF 2 LAKH OR MORE FABINDIA SBI CARD SELECT 1 499 IN THE PRECEDING YEAR IRCTC SBI CARD 500 500 1 499 WAIVED OFF ON ANNUAL SPENDS OF 2 LAKH OR MORE IRCTC SBI CARD PREMIER 1 499 IN THE PRECEDING YEAR LIFESTYLE HOME CENTRE SBI CARD MAX SBI 499 499 CARD SPAR SBI CARD LIFESTYLE HOME CENTRE SBI CARD PRIME 2 999 2 999 MAX SBI CARD PRIME SPAR SBI CARD PRIME LIFESTYLE HOME CENTRE SBI CARD SELECT 1 499 1 499 MAX SBI CARD SELECT SPAR SBI CARD SELECT 1 499 WAIVED OFF ON ANNUAL SPENDS OF 2 LAKH OR MORE NATURE S BASKET SBI CARD 1 499 IN THE PRECEDING YEAR 4 999 WAIVED OFF ON ANNUAL SPENDS OF 10 LAKH OR MORE NATURE S BASKET SBI CARD ELITE 4 999 IN THE PRECEDING YEAR 499 WAIVED OFF ON ANNUAL SPENDS OF 1 LAKH OR MORE IN OLA MONEY SBI CARD NIL THE PRECEDING YEAR PAYTM SBI CARD 499 499 1 499 WAIVED OFF ON ANNUAL SPENDS OF 2 LAKH OR MORE IN PAYTM SBI CARD SELECT 1 499 THE PRECEDING YEAR 499 WAIVED OFF ON ANNUAL SPENDS OF 1 LAKH OR MORE IN YATRA SBI CARD 499 THE PRECEDING YEAR 2 999 WAIVED OFF ON ANNUAL SPENDS OF 3 LAKH OR MORE CITY UNION BANK SBI CARD PRIME 2 999 IN THE PRECEDING YEAR CITY UNION BANK SIMPLYSAVE SBI 499 499 WAIVED OFF ON ANNUAL SPENDS OF 1 LAKH OR MORE CARD IN THE PRECEDING YEAR 2999 WAIVED OFF ON ANNUAL SPENDS OF 3 LAKH OR MORE KARNATAKA BANK SBI CARD PRIME 2 999 IN THE PRECEDING YEAR KARNATAKA BANK SIMPLYSAVE SBI 499 WAIVED OFF ON ANNUAL SPENDS OF 1 LAKH OR MORE 499 CARD IN THE PRECEDING YEAR 2 999 WAIVED OFF ON ANNUAL SPENDS OF 3 LAKH OR MORE PSB SBI CARD PRIME 2 999 IN THE PRECEDING YEAR 4 999 WAIVED OFF ON ANNUAL SPENDS OF 10 LAKH OR MORE PSB SBI CARD ELITE 4 999 IN THE PRECEDING YEAR 499 WAIVED OFF ON ANNUAL SPENDS OF 1 LAKH OR MORE PSB SIMPLYSAVE SBI CARD 499 IN THE PRECEDING YEAR UCO BANK SIMPLYSAVE SBI CARD 499 499 WAIVED OFF ON ANNUAL SPENDS OF 1 LAKH OR MORE IN THE PRECEDING YEAR 2 999 WAIVED OFF ON ANNUAL SPENDS OF 3 LAKH OR MORE UCO BANK SBI CARD PRIME 2 999 IN THE PRECEDING YEAR 4 999 WAIVED OFF ON ANNUAL SPENDS OF 10 LAKH OR MORE 4 999 UCO BANK SBI CARD ELITE IN THE PRECEDING YEAR SIMPLYSAVE MERCHANT SBI CARD NIL NIL 499 WAIVED OFF ON ANNUAL SPENDS OF 1 LAKH OR MORE RELIANCE SBI CARD 499 IN THE PRECEDING YEAR 2 999 WAIVED OFF ON ANNUAL SPENDS OF 3 LAKH OR MORE 2 999 RELIANCE SBI CARD PRIME IN THE PRECEDING YEAR 2 999 WAIVED OFF ON ANNUAL SPENDS OF 3 LAKH OR MORE TITAN SBI CARD 2 999 IN THE PRECEDING YEAR 1 499 WAIVED OFF ON ANNUAL SPENDS OF 6 LAKH OR MORE SBI CARD MILES 1 499 IN THE PRECEDING YEAR 2 999 WAIVED OFF ON ANNUAL SPENDS OF 10 LAKH OR MORE SBI CARD MILES PRIME 2 999 IN THE PRECEDING YEAR SBI CARD MILES ELITE 4 999 4 999 WAIVED OFF ON ANNUAL SPENDS OF 15 LAKH OR MORE IN THE PRECEDING YEAR SHAURYA SELECT NIL NIL SOUTH INDIAN BANK SBI PLATINUM 2 999 2 999 CREDIT CARD SOUTH INDIAN BANK SIMPLYSAVE SBI 499 WAIVED OFF ON ANNUAL SPENDS OF RS 1 LAKH OR MORE 499 CARD IN THE PRECEDING YEAR KVB SBI SIGNATURE CARD 4 999 4 999 KARUR VYSYA BANK SBI PLATINUM 2 999 2 999 CREDIT CARD 499 WAIVED OFF ON ANNUAL SPENDS OF RS 1 LAKH OR MORE KARUR VYSYA BANK SBI CARD 499 IN THE PRECEDING YEAR CENTRAL SBI SELECT CARD 750 750 CENTRAL SBI SELECT CARD 2999 2999 FBB SBI STYLEUP CARD 499 499 IRCTC SBI PLATINUM CARD 500 500 2 999 WAIVED OFF ON ANNUAL SPENDS OF 3 LAKH OR MORE IN SOUTH INDIAN BANK SBI CARD PRIME 2 999 THE PRECEDING YEAR 4 999 WAIVED OFF ON ANNUAL SPENDS OF 10 LAKH OR MORE KVB SBI CARD ELITE 4 999 IN THE PRECEDING YEAR 2 999 WAIVED OFF ON ANNUAL SPENDS OF 3 LAKH OR MORE IN KVB SBI CARD PRIME 2 999 THE PRECEDING YEAR 499 WAIVED OFF ON ANNUAL SPENDS OF 1 LAKH OR MORE KVB SIMPLYSAVE SBI CARD 499 IN THE PRECEDING YEAR SBI CARD ELITE 4 999 4 999 WAIVED OFF ON ANNUAL SPENDS OF 10 LAKH OR MORE IN THE PRECEDING YEAR 4 999 WAIVED OFF ON ANNUAL SPENDS OF 10 LAKH OR MORE 4 999 SBI CARD ELITE ADVANTAGE IN THE PRECEDING YEAR SBI CARD PRIME NRI SECURED 1 500 1 500 499 WAIVED OFF ON ANNUAL SPENDS OF RS 1 LAKH OR MORE TATA NEU PLUS SBI CREDIT CARD 499 IN THE PRECEDING YEAR 1 499 WAIVED OFF ON ANNUAL SPENDS OF RS 3 LAKH OR TATA NEU INFINITY SBI CREDIT CARD 1 499 MORE IN THE PRECEDING YEAR 1 499 WAIVED OFF ON ANNUAL SPENDS OF RS 3 LAKH OR APOLLO SBI CARD SELECT 1 499 MORE IN THE PRECEDING YEAR BANK OF MAHARASHTRA SBI CARD 4 999 4 999 WAIVED OFF ON ANNUAL SPENDS OF RS 10 LAKH OR ELITE MORE IN THE PRECEDING YEAR BANK OF MAHARASHTRA SBI CARD 2 999 WAIVED OFF ON ANNUAL SPENDS OF RS 3 LAKH OR 2 999 PRIME MORE IN THE PRECEDING YEAR BANK OF MAHARASHTRA SIMPLYSAVE 499 WAIVED OFF ON ANNUAL SPENDS OF RS 1 LAKH OR MORE 499 SBI CARD IN THE PRECEDING YEAR 499 WAIVED OFF ON ANNUAL SPENDS OF RS 1 LAKH OR MORE PHONEPE SBI CARD PURPLE 499 IN THE PRECEDING YEAR PHONEPE SBI CARD SELECT 1 499 1 499 WAIVED OFF ON ANNUAL SPENDS OF RS 3 LAKH OR BLACK MORE IN THE PRECEDING YEAR 500 500 WAIVED OFF ON ANNUAL SPENDS OF RS 3 5 LAKH OR FLIPKART SBI CARD MORE IN THE PRECEDING YEAR 4 999 4 999 INDIGO SBI CARD ELITE 1 499 1 499 INDIGO SBI CARD EXTENDED CREDIT INTEREST FREE CREDIT PERIOD 20 50 DAYS APPLICABLE ONLY ON RETAIL PURCHASES AND IF PREVIOUS MONTH S OUTSTANDING BALANCE IS PAID IN FULL FINANCE CHARGES 3 75 P M 45 P A FOR UNSECURED CARDS 2 75 P M 33 P A FOR SHAURYA DEFENCE CARDS AND SECURED CARDS MINIMUM FINANCE CHARGES 25 MINIMUM AMOUNT DUE 100 OF GST 100 OF EMI AMOUNT 100 OF FEES CHARGES 100 OF FINANCE CHARGES OVERLIMIT AMOUNT IF ANY 2 OF REMAINING BALANCE OUTSTANDING CASH ADVANCE CASH ADVANCE LIMIT CASH ADVANCE LIMIT IS A PART OF THE OVERALL CREDIT LIMIT CASH ADVANCE LIMIT IS INDICATED IN THE MONTHLY CARD STATEMENT MAX CASH WITHDRAWAL LIMIT IS RS 15 000 PER DAY ON MCC 6011 ATM WITHDRAWALS SUBJECT TO CASH ADVANCE LIMIT AVAILABILITY CASH ADVANCE IS NOT AVAILABLE FOR MCC 6010 OVER THE COUNTER CASH DISBURSEMENT FREE CREDIT PERIOD NIL FINANCE CHARGES 3 75 P M 45 P A FOR UNSECURED CARDS 2 75 P M 33 P A FOR SHAURYA DEFENCE CARDS AND SECURED CARDSTHE ABOVE MENTIONED CHARGES WILL BE APPLICABLE FROM THE DATE OF CASH WITHDRAWAL MINIMUM FINANCE CHARGES 25 CASH ADVANCE FEES 2 5 OF TRANSACTION AMOUNT SUBJECT TO A MINIMUM OF 500 SBI ATMS OTHER DOMESTIC ATMS 2 5 OF TRANSACTION AMOUNT SUBJECT TO A MINIMUM OF 500 INTERNATIONAL ATMS OTHER CHARGES FEES 250 CASH PAYMENT FEE 2 OF PAYMENT AMOUNT SUBJECT TO A MINIMUM OF 500 PAYMENT DISHONOR FEE CHEQUE PAYMENT FEE 200 LATE PAYMENT NIL FOR OUTSTANDING AMOUNT DUE FROM 0 500 400 FOR OUTSTANDING AMOUNT DUE GREATER THAN 500 UPTO 1000 750 FOR OUTSTANDING AMOUNT DUE GREATER THAN 1000 UPTO 10 000 950 FOR OUTSTANDING AMOUNT DUE GREATER THAN 10 000 UPTO 25 000 1100 FOR OUTSTANDING AMOUNT DUE GREATER THAN 25 000 UPTO 50 000 1300 FOR OUTSTANDING AMOUNT DUE GREATER THAN 50 000 ADDITIONAL LATE PAYMENT CHARGES 100 LATE PAYMENT CHARGES ON RE 500 FOR OUTSTANDING AMOUNT DUE GREATER THAN 1000 OVERLIMIT FEE 2 5 OF OVERLIMIT AMOUNT SUBJECT TO A MINIMUM OF RS 600 OVERLIMIT FEE WILL NOT BE REVERSED IN CASE OF TRANSACTION REVERSAL CANCELLATION REFUND CARD REPLACEMENT 100 250 1500 FOR AURUM EMERGENCY CARD REPLACEMENT WHEN ACTUAL COST SUBJECT TO A MINIMUM OF 175 FOR VISA AND 148 ABROAD FOR MASTERCARD FOREIGN CURRENCY TRANSACTION FEE 3 5 FOR ALL CARDS EXCEPT ELITE AURUM AND SBI CARD MILES SBI CARD MILES PRIME SBI CARD MILES ELITE AND TATA NEU INFINITY SBI CREDIT CARD 3 FOR SBI CARD MILES 2 5 FOR SBI CARD MILES PRIME AND 1 99 FOR ELITE AURUM SBI CARD MILES ELITE AND TATA NEU INFINITY SBI CREDIT CARD 3 5 FOR ALL CARDS EXCEPT ELITE AURUM AND SBI CARD MILES DYNAMIC CURRENCY CONVERSION FEE SBI CARD MILES PRIME SBI CARD MILES ELITE AND TATA NEU INFINITY SBI CREDIT CARD 3 FOR SBI CARD MILES 2 5 FOR SBI CARD MILES PRIME AND 1 99 FOR ELITE AURUM SBI CARD MILES ELITE AND TATA NEU INFINITY SBI CREDIT CARD REWARDS REDEMPTION FEE 99 APPLICABLE ONLY ON PHYSICAL PRODUCT STATEMENT FEE CREDIT ON VOUCHERS THAT ARE SENT PHYSICALLY AS SPECIFIED IN THE INDIVIDUAL PRODUCT TERMS CONDITIONS FOR ALL CARDS EXCEPT AURUM W E F 1ST DEC 2024 1 OF TOTAL AMOUNT OF UTILITY PAYMENTS IF UTILITY PAYMENTS FEE THE TOTAL AMOUNT EXCEEDS RS 50 000 IN A BILLING CYCLE W E F 1ST NOV 25 1 OF THE TRANSACTION AMOUNT APPLICABLE ON FEE ON EDUCATION PAYMENT TRANSACTIONS EDUCATION PAYMENTS MADE THROUGH THIRD PARTY APPS HOWEVER PAYMENTS MADE DIRECTLY TO COLLEGES OR SCHOOLS VIA THEIR WEBSITES OR POS MACHINES WILL NOT ATTRACT ANY FEE W E F 1ST NOV 25 1 OF THE TRANSACTION AMOUNT APPLICABLE ON FEE ON WALLET LOAD TRANSACTIONS EVERY WALLET LOAD TRANSACTION EXCEEDING RS 1000 PROCESSING FEE ON ALL RENT PAYMENT 199 PROCESSING FEE WILL NOT BE REVERSED IN CASE OF TRANSACTIONS TRANSACTION REVERSAL CANCELLATION REFUND LOUNGECHARGES ALL AIRPORT LOUNGE VISITS WITHIN INDIA THROUGH INTERNATIONAL LOUNGE ACCESS PROGRAMS LIKE PRIORITY PASS PROGRAM WILL BE CHARGED A USAGE FEE OF UP TO USD 27 PER VISIT APPLICABLE TAXES FOR DETAILS PLEASE VISIT SBICARD COM ALL AIRPORT LOUNGE VISITS OUTSIDE INDIA THROUGH INTERNATIONAL LOUNGE ACCESS PROGRAMS LIKE PRIORITY PASS PROGRAM AFTER EXHAUSTING THE COMPLIMENTARY VISITS WILL BE CHARGED WITH A USAGE FEE OF UP TO USD 27 PER VISIT APPLICABLE TAXES FOR DETAILS PLEASE VISIT SBICARD COM GRACE PERIOD GRACE PERIOD OF 3 DAYS IS ALLOWED FROM THE PAYMENT DUE DATE ON CREDIT CARD ACCOUNTS WHERE PAYMENTS ARE NOT OVERDUE FROM PREVIOUS BILLING CYCLE S THE PAYMENT DUE DATE AS MENTIONED ON THE CREDIT CARD STATEMENT IS THE DATE BY WHICH CLEAR FUNDS MUST BE CREDITED TO THE CREDIT CARD HOWEVER 3 GRACE DAYS ARE PROVIDED TO ACCOMMODATE FOR PROCESSING TIME OF PAYMENTS SURCHARGE RAILWAY TICKETS WWW IRCTC CO IN AS PRESCRIBED BY IRCTC INDIAN RAILWAYS PETROL ALL PRODUCTS SERVICES SOLD 1 OF TRANSACTION AMOUNT ALL APPLICABLE TAXES AT PETROL PUMPS FUEL SURCHARGE IS LEVIED BY ACQUIRING BANK PROVIDING THE TERMINAL TO THE MERCHANT THE TRANSACTION VALUE ON CHARGE SLIP WILL DIFFER FROM CREDIT CARD STATEMENT SINCE THE SURCHARGE GST IS LEVIED BY ACQUIRING BANK ON THE TRANSACTION VALUE 1 FUEL SURCHARGE WAIVER EXCLUDING GST SHALL BE PROVIDED FOR ELIGIBLE TRANSACTION VALUE ON SELECT CARDS FUEL SURCHARGE WAIVER TERMS AND CONDITIONS MAY VARY REFER PRODUCT T CS FOR DETAILS FOR REWARD POINT REDEMPTION YOUR SBI CARD MUST NOT BE OVERDUE SUSPENDED BLOCKED CANCELLED OR TERMINATED BY SBICPSL AT THE TIME OF REDEMPTION REQUEST APPLICABLE TAXES MEANS FOR THE CARDHOLDERS HAVING STATE OF RESIDENCE IN THE RECORDS OF SBI CARD ON THE STATEMENT DATE AS HARYANA CENTRAL TAX 9 AND STATE TAX 9 FOR THE CARDHOLDERS HAVING STATE OF RESIDENCE IN THE RECORDS OF SBI CARD ON THE STATEMENT DATE AS OTHER THAN HARYANA INTEGRATED TAX 18 ALL TRANSACTIONS TOWARDS PAYMENT OF RENT THROUGH ANY MERCHANT WILL BE LEVIED RS 199 APPLICABLE TAXES AS PROCESSING FEE ALL THE TRANSACTIONS IDENTIFIED UNDER MERCHANT CATEGORY CODE MCC 6513 WILL BE CONSIDERED AS RENT PAYMENT TRANSACTIONS IMPORTANT POINTS PAYMENT OF ANY AMOUNT LESSER THAN THE TOTAL AMOUNT DUE IN ANY MONTH RESULTS IN INTEREST ACCRUAL ON THE BALANCE OUTSTANDING AMOUNT INCLUDING ANY NEW PURCHASES AND CASH ADVANCES TO ENJOY THE BENEFIT OF INTEREST FREE PERIOD PLEASE PAY THE TOTAL AMOUNT DUE TAD BEFORE THE PAYMENT DUE DATE PDD FURTHER MAKING ONLY THE MINIMUM PAYMENT EVERY MONTH WOULD RESULT IN THE REPAYMENT STRETCHING OVER MONTHS YEARS WITH CONSEQUENTIAL COMPOUNDED INTEREST PAYMENT ON YOUR OUTSTANDING BALANCE SMA NPA SPECIAL MENTION ACCOUNTS SMA IN FURTHERANCE TO REGULATORY REQUIREMENTS SBI CARD IS REQUIRED TO IDENTIFY INCIPIENT STRESS IN THE ACCOUNT BY CREATING A SUB ASSET CATEGORY VIZ SPECIAL MENTION ACCOUNTS SMA WITH THE THREE SUB CATEGORIES AS GIVEN IN THE TABLE BELOW CREDIT CARDS ARE TREATED AS LOANS OTHER THAN REVOLVING FACILITIES SMA SUB CATEGORIES BASIS FOR CLASSIFICATION PRINCIPAL OR INTEREST PAYMENT OR ANY OTHER AMOUNT WHOLLY OR PARTLY OVERDUE SMA 0 UPTO 30 DAYS FROM PAYMENT DUE DATE PDD SMA 1 MORE THAN 30 DAYS UPTO 60 DAYS FROM PDD SMA 2 MORE THAN 60 DAYS UPTO 90 DAYS FROM PDD EXAMPLE REGARDING CLASSIFICATION OF SMA IF PAYMENT DUE DATE PDD OF A CREDIT CARD ACCOUNT IS 31ST MARCH 2021 AND MINIMUM AMOUNT DUE MAD IS NOT RECEIVED BEFORE THIS DATE THEN AFTER THE DUE DATE THE ACCOUNT WILL BE MENTIONED AS SMA 0 IF THE ACCOUNT CONTINUES TO REMAIN OVERDUE BEYOND 30 DAYS FROM PDD I E BEYOND 30TH APRIL 2021 THEN THIS ACCOUNT SHALL GET TAGGED AS SMA 1 SIMILARLY IF THE ACCOUNT CONTINUES TO REMAIN OVERDUE BEYOND 60 DAYS FROM PDD I E BEYOND 30TH MAY 2021 THEN THIS ACCOUNT SHALL GET TAGGED AS SMA 2 NON PERFORMING ASSET NPA A CREDIT CARD ACCOUNT WILL BE TREATED AS NON PERFORMING ASSET NPA IF THE MINIMUM AMOUNT DUE AS MENTIONED IN THE STATEMENT IS NOT PAID FULLY WITHIN NINETY 90 DAYS FROM THE PDD MENTIONED IN THE STATEMENT FURTHER ANY ACCOUNT WHERE A SETTLEMENT OR RESTRUCTURING ARRANGEMENT HAS BEEN AVAILED WILL BE CLASSIFIED AS NPA AN ACCOUNT CONTINUES TO BE CLASSIFIED AS NPA TILL THE ENTIRE ARREARS OF INTEREST AND PRINCIPAL ARE PAID SETTLEMENT AND RESTRUCTURED ACCOUNTS DO NOT QUALIFY FOR AN UPGRADE FINALLY IF ANY CUSTOMER HAS EVEN ONE CREDIT CARD WITH SBICARD TAGGED AS NPA ALL CARDS OF THE CUSTOMER WILL BE CLASSIFIED AS NPA EXAMPLE REGARDING CLASSIFICATION OF AN ACCOUNT AS NPA IF PAYMENT DUE DATE PDD OF A CREDIT CARD ACCOUNT IS 31ST MARCH 2021 AND MINIMUM AMOUNT DUE AS MENTIONED IN THE STATEMENT HAS NOT BEEN FULLY PAID BY THE CUSTOMER WITHIN A PERIOD OF 90 DAYS FROM THE PDD I E TILL 29TH JUNE 2021 THEN THE LENDER SHALL CONSIDER THE CREDIT CARD ACCOUNT AS NPA AS PER RECENT RBI GUIDELINES CHEQUES SHOULD HAVE NO CORRECTIONS ON THE PAYEE NAME AMOUNT EITHER IN WORDS OR FIGURES HENCE WE REQUEST YOU TO TAKE CARE AT THE TIME OF ISSUING CHEQUES AGAINST YOUR SBI CARD DUES IN ORDER TO AVOID ANY INCONVENIENCE CHARGES INCASE OF ANY TRANSACTION DISPUTE PLEASE SEND A SIGNED DISPUTE FORM WITHIN 25 DAYS FROM DATE OF TRANSACTION TO CHARGEBACK SBICARD COM NO NEW STATEMENT WILL BE SENT IN CASE OF CREDIT BALANCE AND NO NEW TRANSACTION ON THE ACCOUNT WITHIN 30 DAYS OF THE LAST STATEMENT SBI CARDS MAY NOT APPROVE HIGH RISK TRANSACTIONS E G JEWELLERY ETC TO PREVENT MISUSE OR POTENTIAL FRAUD ON YOUR SBI CARD SBI CARD DISCLOSES INFORMATION REGARDING YOUR ACCOUNT TO CREDIT INFORMATION BUREAUS AGENCIES ON A REGULAR BASIS AS MANDATED BY RBI IN THE EVENT OF NON PAYMENT OF AT LEAST THE MINIMUM AMOUNT DUE BY THE PAYMENT DUE DATE YOUR CARD ACCOUNT WILL BE REPORTED AS DEFAULT TO CREDIT INFORMATION BUREAUS AGENCIES CARDHOLDERS WITH ACTIVE CREDIT CARDS WITH IDENTICAL BILLING CYCLE WILL BE ASSIGNED THE SAME BILLING CYCLE FOR ANY NEW CARD ISSUANCE BILLING CYCLE OF NEW CREDIT CARD S FOR CARDHOLDERS WITH ONLY ONE ACTIVE CREDIT CARD WILL BE SAME AS THE EXISTING CARD LET S CONNECT LET S SIMPLIFY FOR ALL CARD EXCEPT AURUM 39 02 02 02 PREFIX LOCAL STD CODE OR 1860 180 1290 BY PHONE BY E MAIL FOR ALL CARD EXCEPT AURUM CUSTOMERCARE SBICARD COM BY WEB FOR ALL CARD EXCEPT AURUM LOG ON TO WWW SBICARD COM AND REGISTER BY LETTER WRITE TO US AT MANAGER CUSTOMER CORRESPONDENCE UNIT DLF INFINITY TOWERS TOWERC 12TH FLOOR BLOCK 2 BUILDING 3 DLF CYBER CITY GURUGRAM 122002 HARYANA INDIA OR POST BAG NO 28 GPO NEW DELHI 110001 CUSTOMER GRIEVANCE REDRESSAL ALL GRIEVANCE ESCALATIONS SHOULD BE MARKED TO MR PROSENJIT DHAR NODAL OFFICER SBI CARDS AT ABOVE ADDRESS OR VIA EMAIL AT NODALOFFICER SBICARD COM IF CONCERN NOT RESOLVED WITHIN 15 DAYS YOU MAY APPROACH MR MANISH DEWAN HEAD CUSTOMER SERVICES AT CUSTOMERSERVICEHEAD SBICARD COM BILLING AND STATEMENT SBICPSL WILL SEND THE CARDHOLDER A MONTHLY STATEMENT SHOWING THE PAYMENTS CREDITED AND THE TRANSACTIONS DEBITED TO THE CARDHOLDER S ACCOUNT SINCE THE LAST STATEMENT PROVIDED THE CARD HAS BEEN ACTIVE DURING THE SAID PERIOD SBICPSL WILL EITHER MAIL A STATEMENT OF TRANSACTIONS IN THE CARD ACCOUNT TO THE MAILING ADDRESS IT HAS ON RECORD OR SEND A STATEMENT THROUGH EMAIL TO THE EMAIL ID ON RECORD ON A PRE DETERMINED DATE WAYS TO MAKE PAYMENT FOR YOUR SBI CREDIT CARD PAY VIA STANDING INSTRUCTION E NACH ENROLL FOR E NACH FOR AUTOMATED AND HASSLE FREE BILL PAYMENTS EVERY MONTH YOUR CARD DUES WILL BE DEDUCTED DIRECTLY FROM YOUR BANK ACCOUNT ON THE PAYMENT DUE DATE FOR MORE DETAILS VISIT WWW SBICARD COM PAY VIA UPI YOU CAN PAY YOUR BILL FASTER VIA UPI PAYMENT MODE ON SBI CREDIT CARD APP OR ON WEBSITE USING QR CODE NEFT NATIONAL ELECTRONIC FUNDS TRANSFER PAY YOUR SBI CREDIT CARD OUTSTANDING USING NEFT AND GET INSTANT CREDIT TO YOUR CARD ACCOUNT 24X7 USE YOUR 15 16 DIGIT CREDIT CARD NUMBER AS BENEFICIARY A C IFSC CODE SBIN00CARDS TO REGISTER YONO BY SBI PAY YOUR SBI CREDIT CARD BILLS WITH YONO BY SBI APP AND GET INSTANT CREDIT IN YOUR SBI CARD ACCOUNT PAYNET CLICK ON PAYNET AT WWW SBICARD COM TO MAKE YOUR PAYMENT ONLINE THROUGH NETBANKING OR YOUR SBI ATM CUM DEBIT CARD PAYMENT WILL REFLECT INSTANTLY ON YOUR SBI CREDIT CARD ACCOUNT FOR BANK DETAILS PLEASE LOG ONTO WWW SBICARD COM DEBIT CARD PAYMENT PAY ONLINE USING SELECTED BANKS DEBIT CARD PAYMENT WILL REFLECT INSTANTLY ON YOUR SBI CREDIT CARD ACCOUNT FOR MORE DETAILS VISIT WWW SBICARD COM VISA CREDIT CARD PAY USE VISA CREDIT CARD PAY TO PAY YOUR SBI CREDIT CARD BILL YOUR PAYMENT WILL BE CREDITED INSTANTLY AUTO DEBIT AUTHORIZE SBI CARD TO DEBIT YOUR BANK ACCOUNT SAVINGS CURRENT BY FILLING THE AUTO DEBIT MANDATE AVAILABLE AT SELECTED BANKS FOR MORE DETAILS VISIT WWW SBICARD COM MASTERCARD MONEYSEND DOWNLOAD ANY AUTHORIZED THIRD PARTY PAYMENT APP USE A PLATFORM THAT SUPPORTS THE MASTERCARD MONEYSEND PAYMENT MODE YOUR PAYMENT WILL BE CREDITED INSTANTLY TO YOUR CREDIT CARD ACCOUNT BBPS VISIT THE SBI UNIPAY WEBSITE TO PAY YOUR CREDIT CARD BILL CONVENIENTLY AND SECURELY THROUGH BHARAT BILL PAYMENT SYSTEM OTC PAY YOUR SBI CREDIT CARD DUES OVER THE COUNTER AT ANY SBI BRANCH IN INDIA ATM PAY AT ANY SBI ATM WITH YOUR SBI DEBIT CARD THIS SERVICE IS AVAILABLE AT ALL SBI ATMS ACROSS INDIA CHEQUE PAY YOUR SBI CREDIT CARD DUES THROUGH CHEQUE YOU CAN DROP YOUR CHEQUE AT ANY OF THE SBI CARD DROP BOXES AVAILABLE ACROSS INDIA IMPS PAY YOUR SBI CREDIT CARD OUTSTANDING USING IMPS AND GET INSTANT CREDIT TO YOUR CARD ACCOUNT 24X7 USE COUNTRY CODE 91 REGISTERED MOBILE NUMBER ALONG LAST 4 DIGIT OF CARD NUMBER WITH IFSC CODE SBIN00CARDS NOTE FOR SMOOTH PROCESSING OF PAYMENT MADE TOWARDS YOUR CARD OUTSTANDING PLEASE AVOID USING PAYMENT MODES NOT ADVISED BY SBI CARD TO KNOW MORE ABOUT THE WAYS TO MAKE PAYMENT PLEASE VISIT HTTPS SBICARD COM EN PERSONAL PAY PAGE IMPORTANT COMMUNICATION ON PAYMENT DECLINE AS PER SBI CARD INTERNAL POLICY PAYMENTS MADE BY CUSTOMER THROUGH ANY INSTANT CHANNEL NEFT VISA MONEY TRANSFER MASTERCARD MONEYSEND BBPS PAYNET DEBIT CARD OR UPI WILL BE DECLINED IF THE AMOUNT PAID IS MORE THAN THE CURRENT OUTSTANDING HENCE CUSTOMERS ARE ADVISED NOT TO MAKE EXCESS PAYMENT TOWARDS THEIR CREDIT CARD AN ILLUSTRATION OF THE FINANCE CHARGE CALCULATION STATEMENT DATE IS 2ND OF EVERY MONTH AND PAYMENT DUE DATE IS 22ND OF EVERY MONTH THE INTEREST FREE PERIOD IS FROM THE 3RD OF EVERY MONTH TO 22ND OF THE NEXT MONTH PROVIDED THE PREVIOUS OUTSTANDING BALANCE IS PAID IN FULL MAKING ONLY THE MINIMUM PAYMENT EVERY MONTH WOULD RESULT IN THE REPAYMENT STRETCHING OVER YEARS WITH CONSEQUENT INTEREST PAYMENT ON YOUR OUTSTANDING BALANCE CARDHOLDER MAKES A RETAIL PURCHASE OF 1 200 ON 30TH APRIL THEREFORE THE TOTAL AMOUNT DUE ON THE STATEMENT DATED 2ND MAY IS 1 200 TO BE PAID BEFORE 22ND MAY ON 21ST MAY THE CARDHOLDER PAYS MINIMUM AMOUNT DUE OF 200 ON 25TH MAY CARDHOLDER MAKES A FRESH PURCHASE OF 1 000 STATEMENT DATED 2ND JUNE WOULD SHOW THE FOLLOWING COMPONENTS A FINANCE CHARGE CALCULATED OUTSTANDING AMOUNT X 3 75 X 12 MONTHS X NO OF DAYS 365 FINANCE CHARGE ON 1 200 FROM 30TH APRIL TO 20TH MAY 21 DAYS 31 07 FINANCE CHARGE ON 1 000 FROM 21ST MAY TO 2ND JUNE 13 DAYS 16 03 FINANCE CHARGE ON 1 000 OF FRESH PURCHASE FROM 25TH MAY TO 2ND JUNE 9 DAYS 11 10 TOTAL FINANCE CHARGE FOR 2ND JUNE CYCLE 58 19 B TOTAL PRINCIPAL AMOUNT OUTSTANDING 2 000 BALANCE 1 000 OUTSTANDING FROM LAST MONTH S BILLING PERIOD 1 000 FRESH PURCHASE HENCE TOTAL AMOUNT DUE A B APPLICABLE TAXES IF MINIMUM AMOUNT DUE OF 200 IS NOT PAID BY DUE DATE OF 22ND MAY LATE PAYMENT CHARGES AS APPLICABLE WOULD BE LEVIED KRISHAK UNNATI SBI CARD CUSTOMERS PLEASE REFER TO BELOW TABLE PLEASE NOTE THAT THE FOLLOWING FEES AND CHARGES ARE NOT APPLICABLE FOR KRISHAK UNNATI SBI CARD CASH ADVANCE FEE NO CASH LIMIT ALLOCATED FOREX MARKUP INTERNATIONAL USAGE NOT ALLOWED CASH PAYMENT FEE FINANCE CHARGES LATE PAYMENT CHARGES PAYMENT DISHONOR FEE CARD REPLACEMENT FEE CHEQUE FEE CHEQUE PICKUP FEE STATEMENT RETRIEVAL FEE OVERLIMIT FEE REWARD REDEMPTION FEE SURCHARGES AND OTHER DUTIES ALONG WITH APPLICABLE TAXES WILL BE APPLICABLE THIS CARD DOES NOT OFFER CARDHOLDER A REVOLVING CREDIT FACILITY CARDHOLDER HAS TO PAY TOTAL AMOUNT DUE PRINTED ON THE STATEMENT SIMPLYSAVE MERCHANT SBI CARD IS A CHARGE CARD THIS CARD DOES NOT OFFER CARDHOLDER A REVOLVING CREDIT FACILITY CARDHOLDER HAS TO PAY TOTAL AMOUNT DUE PRINTED ON THE STATEMENT FOR THE PURPOSES OF SIMPLYSAVE MERCHANT SBI CARD ONLY THE TOTAL AMOUNT DUE TAD WILL BE CONSTRUED TO BE EQUAL TO THE MINIMUM AMOUNT DUE MAD ORDER OF PAYMENT SETTLEMENT PAYMENT RECEIVED AGAINST THE CARDHOLDER S OUTSTANDING WILL BE ADJUSTED AGAINST 100 OF GST 100 OF EMI AMOUNT 100 OF FEES CHARGES 100 OF FINANCE CHARGES BALANCE TRANSFER RETAIL SPENDS AND CASH ADVANCE IN THAT ORDER UTILITY PAYMENTS SHALL BE IDENTIFIED UNDER MERCHANT CATEGORY CODE MCC 4900 ON BEST EFFORT BASIS THE MCCS ARE DEFINED BY THE NETWORK PARTNERS AND ARE SUBJECT TO CHANGE BASIS THEIR DISCRETION AND SUCH CHANGES SHALL BE IMPLEMENTED BASIS COMMUNICATION FROM THE NETWORKS WITHOUT ANY REQUIREMENT FOR INTIMATION INFORMATION TO THE CUSTOMERS IDENTIFIED UNDER MERCHANT CATEGORY CODE MCC 8211 8220 8241 8244 8249 AND 8299 ON BEST EFFORT BASIS THIRD PARTY APPS LIKE BUT NOT LIMITED TO CRED CHEQ MOBIKWIK ETC IDENTIFIED UNDER MERCHANT CATEGORY CODE MCC 6540 AND 6541 ON BEST EFFORT BASIS THE MCCS ARE DEFINED BY THE NETWORK PARTNERS AND ARE SUBJECT TO CHANGE BASIS THEIR DISCRETION AND SUCH CHANGES SHALL BE IMPLEMENTED BASIS COMMUNICATION FROM THE NETWORKS WITHOUT ANY REQUIREMENT FOR INTIMATION INFORMATION TO THE CUSTOMERS,"Swiggy Limited Bangalore IN Transactions highlighted in grey color, if any, do not form part of Purchases & Other Debits; #Transactions fully/partially converted to Flexipay/Encash/Merchant EMI. C=Credit ; D=Debit; EN=Encash; FP=Flexipay; EMD=Easy Money Draft; BT=Balance Transfer; M=Monthly Installments; TAD=Total Amount Due; T=Temporary Credit. Important Messages *Total Amount Due (TAD) needs to be paid by payment due date to avoid levy of finance charges on new transactions done after the statement date.The difference, if any, between the Total Amount Due and the Total Outstanding is the balance on the Flexipay/Encash/Installments as applicable.** To keep your credit card in good standing,you have the option of paying atleast the minimum amount due on or before the due date.The Minimum Amount Due includes the EMI on Flexipay/Encash/Installment amounts & 100% of all applicable taxes. Content of this statement will be considered correct if no error is reported within 20 days. Subject to meeting the eligible spend milestone, the Annual Fee reversal will reflect in your SBI Card account within 7 days of the fee being levied. SAVINGS AND BENEFITS SECTION For this statement For this year From the card issue date Offer Cashback ( ` )# 0.00 0.00 0.00 Petrol Surcharge Waiver( ` )# 0.00 0.00 0.00 Card Cashback ( ` )# 144 580 20799 # with effect from transactions dated 17-Nov-2011. Treatment of EMI benefits / services availed by the cardholder Instant information 24X7, by just sending an SMS to 5676791 once the account turns NPA : A day after the statement is generated post account Simply Balance Enquiry: Available Credit & Cash limit: classification as NPA, all EMI plans (excluding restructured plans) SMS BAL XXXX AVAIL XXXX available on the account shall be closed & the principal outstanding along with the outstanding interest accrued till the Hotlist Lost/Stolen Card: Last Payment Status: date of such EMI plans shall be debited to the Credit Card BLOCK XXXX PAYMENT XXXX Account & appear in the subsequent monthly statement. SBI Card Reward Point Summary: Subscribe to Estatement: shall be entitled to demand immediate repayment of such REWARD XXXX ESTMT XXXX consolidated outstanding amounts. As a part of the Credit Card Duplicate Statement: Account, this balance will attract all applicable charges (including DSTMT XXXX Statement Period in MMYY finance charges at applicable interest rate) as outlined in the MITC. XXXX = Last 4 Digits of the Card No. W.e.f. 15 Sep 2025, a revised ‘Cheque Processing Fee’ of Rs. Important Information on Disputed Transaction(s): 200 will be applicable on outstanding payments made via Cheque. This revision is reflective of the increased operational •Kindly note that this temporary credit (T) has been rendered to cost associated with offline payment modes. Payments made you in the interim and though the amount is included in your through digital channels such as UPI, BBPS, NEFT, etc will available credit limit, you will not be able to spend the amount continue to be free of any additional charges. We encourage our while the dispute is still under investigation. cardholders to explore digital modes for hassle-free payments & •As we are dependent on feedback from external parties such as faster credits. acquiring bank, closure of such disputes may take up to a maximum of 120 days from date of initiation of investigation. Important Notes •Post completion of the investigation, in case the dispute is •Description of Services :- Credit Card Services not closed in cardholder’s favor, the temporary credit shall be •HSN Code : 997113 reversed and corresponding debit entry shall reflect on the •Declaration : We hereby declare that the tax in relation to this card account. However, in case the dispute gets resolved in statement is not payable under reverse charge mechanism favor of the cardholder, the temporary credit shall be •Name and the address of the supplier : SBI Cards and Payment regularized and replaced by a permanent credit. Reward Points Services Limited (SBI Card) , DLF Cyber City, Tower C, for the disputed transaction will be debited in case the dispute is Block 2, Building 3 DLF Infinity Towers,12th Floor, Gurugram, closed in cardholders favor. Further any charges levied on the HR - 122002 disputed transaction during the period of investigation will be reversed,however same will be billed in the subsequent card statement, incase the dispute is not closed in cardholders favor. Log onto sbicard.com to view the “Most Important Terms & •All transaction disputes are resolved as per the Network Conditions” & updated information on all ongoing offers. (VISA, MasterCard, Rupay, Amex) Guidelines. You will receive SBI Card (SBICPSL) is a Corporate Agent of Royal Sundaram continuous updates on status of the dispute. General Insurance Co. Limited, SBI General Insurance The interest amount chargeable in the 1st EMI will be calculated Company Limited and SBI Life Insurance Company Limited for the period between Plan Open Date (Encash, Encash Inline, BT Vide IRDAI Registration Code CA0075. Insurance is the on EMI & Flexipay)/Booking Confirmation Date (Merchant EMI) subject matter of solicitation. and the payment due date (PDD), as per the credit card statement cycle. From 2nd EMI onwards, interest will be levied for a 30-day period, from one PDD to the next PDD. Hence, the 1st EMI amount may be different from subsequent EMIs. SAFETY FIRST •SBI Card has now introduced OTP for 3D secure authentication of all Online Credit Card transactions •Please ensure your current mobile no. is registered with us •Please do not share this 6 digits OTP with anyone. SBI Card never asks for such information IMPORTANT INFORMATION . . . . . Important Terms & Conditions Charges & Cardholder Agreement Privacy Policy Reach Us Payment Options CKYC CKYC (Central Know Your Customer) is a centralized database of KYC records of customers taking financial services from Banks, NBFCs etc. CKYC Identifier is a unique number generated for an individual on completing KYC formalities at the time of account opening/updation. Transactions that remain unbilled on the statement date will reflect in the next cycle. You can check transaction status at https://sbicard.com , Mobile App or https://ila.sbicard.com/. W.e.f. 1st Nov’25, the following charges will be levied on the below mentioned transactions. For more details, please refer the Most Important Terms and Conditions (MITC) on www.sbicard.com. • Fee of 1% of the transaction amount applicable on Education Payments made through third-party apps. However, payments made directly to colleges or schools via their websites or POS machines will not attract any fee. • Fee of 1% of the transaction amount applicable on every wallet load transaction exceeding Rs.1000. •Declaration : I/We hereby declare that though our aggregate turnover in any preceding financial year from 2017-18 onwards is more than the aggregate turnover notified under sub-rule (4) of rule 48, we are not required to prepare an invoice in terms of the provisions of the said sub-rule. Version 1.1 / OCT, 2025 For SBI Cards and Payment Services Limited (SBI Card). Authorized Signatory Schedule of Charges Annual Credit Card Name Renewal Fee (Rs.) Fee (Rs.) 9,999 (Waived off on annual spends of 12 Lakh or more AURUM 9,999 in the preceding year) KrisFlyer SBI Card Apex 9,999 9,999 KrisFlyer SBI Card 2,999 2,999 2,999 (Waived off on annual spends of 3 Lakh or more SBI Card PRIME 2,999 in the preceding year) 2,999 (Waived off on annual spends of 3 Lakh or more SBI Card PRIME Advantage 2,999 in the preceding year) 1,499 (Waived off on annual spends of 2 Lakh or more Doctor's SBI Card 1,499 in the preceding year) 1,499 (Waived off on annual spends of 1.5 Lakh or more Shaurya Select SBI Card 1,499 in the preceding year) 250 (Waived off on annual spends of 50,000 or more Shaurya SBI Card 250 in the preceding year) 1,499 (Waived off on annual spends of 2 Lakh or more in SBI Card PULSE 1,499 the preceding year) 999 (Waived off on annual spends of 2 Lakh or more 999 CASHBACK SBI Card in the preceding year) 499 (Waived off on annual spends of 1 Lakh or more SimplyCLICK SBI Card 499 in the preceding year) 499 (Waived off on annual spends of 1 Lakh or more in SimplyCLICK Advantage SBI Card 499 the preceding year) 499 (Waived off on annual spends of 1 Lakh or more SimplySAVE SBI Card 499 in the preceding year) 499 (Waived off on annual spends of 1 Lakh or more SimplySAVE Advantage SBI Card 499 in the preceding year) SBI Card Unnati NIL 499 (5th Year Onwards) 499 (Waived off on annual spends of 30,000 or more in Krishak Unnati SBI Card NIL the preceding year) Aditya Birla SBI Card 499 499 Aditya Birla SBI Card SELECT 1,499 1,499 Air India SBI Platinum Card 1,499 1,499 Air India SBI Signature Card 4,999 4,999 499 (Waived off on annual spends of 1 Lakh or more Apollo SBI Card 499 in the preceding year) 499 (Waived off on annual spends of 50000 or more in BPCL SBI Card 499 the preceding year) 1,499 (Waived off on annual spends of 2 Lakh or more BPCL SBI Card Octane 1,499 in the preceding year) Club Vistara SBI Card PRIME 2,999 2,999 Club Vistara SBI Card 1,499 1,499 499 (Waived off on annual spends of 1 Lakh or more Delhi Metro SBI Card 499 in the preceding year) Etihad Guest SBI Card 1,499 1,499 Etihad Guest SBI Premier Card 4,999 4,999 499 (Waived off on annual spends of 1 Lakh or more Fabindia SBI Card 499 in the preceding year) 1,499 (Waived off on annual spends of 2 Lakh or more Fabindia SBI Card SELECT 1,499 in the preceding year) IRCTC SBI card 500 500 1,499 (Waived off on annual spends of 2 Lakh or more IRCTC SBI Card Premier 1,499 in the preceding year) ""Lifestyle Home Centre SBI Card , MAX SBI 499 499 Card, SPAR SBI Card"" ""Lifestyle Home Centre SBI Card PRIME, 2,999 2,999 MAX SBI Card PRIME, SPAR SBI Card PRIME"" ""Lifestyle Home Centre SBI Card SELECT, 1,499 1,499 MAX SBI Card SELECT, SPAR SBI Card SELECT"" 1,499 (Waived off on annual spends of 2 Lakh or more Nature's Basket SBI Card 1,499 in the preceding year) 4,999 (Waived off on annual spends of 10 Lakh or more Nature's Basket SBI Card ELITE 4,999 in the preceding year) 499 (Waived off on annual spends of 1 Lakh or more in OLA Money SBI Card NIL the preceding year) Paytm SBI Card 499 499 1,499 (Waived off on annual spends of 2 Lakh or more in Paytm SBI Card SELECT 1,499 the preceding year) 499 (Waived off on annual spends of 1 Lakh or more in Yatra- SBI Card 499 the preceding year) 2,999 (Waived off on annual spends of 3 Lakh or more City Union Bank SBI Card PRIME 2,999 in the preceding year) City Union Bank SimplySAVE SBI 499 499 (Waived off on annual spends of 1 Lakh or more Card in the preceding year) 2999 (Waived off on annual spends of 3 Lakh or more Karnataka Bank SBI Card PRIME 2,999 in the preceding year) Karnataka Bank SimplySAVE SBI 499 (Waived off on annual spends of 1 Lakh or more 499 Card in the preceding year) 2,999 (Waived off on annual spends of 3 Lakh or more PSB SBI Card PRIME 2,999 in the preceding year) 4,999 (Waived off on annual spends of 10 Lakh or more PSB SBI Card ELITE 4,999 in the preceding year) 499 (Waived off on annual spends of 1 Lakh or more PSB SimplySAVE SBI Card 499 in the preceding year) UCO Bank SimplySAVE SBI Card 499 499 (Waived off on annual spends of 1 Lakh or more in the preceding year) 2,999 (Waived off on annual spends of 3 Lakh or more UCO Bank SBI Card PRIME 2,999 in the preceding year) 4,999 (Waived off on annual spends of 10 Lakh or more 4,999 UCO Bank SBI Card ELITE in the preceding year) SimplySAVE Merchant SBI Card NIL NIL 499 (Waived off on annual spends of 1 Lakh or more Reliance SBI Card 499 in the preceding year) 2,999 (Waived off on annual spends of 3 Lakh or more 2,999 Reliance SBI Card PRIME in the preceding year) 2,999 (Waived off on annual spends of 3 Lakh or more Titan SBI card 2,999 in the preceding year) 1,499 (Waived off on annual spends of 6 Lakh or more SBI Card MILES 1,499 in the preceding year) 2,999 (Waived off on annual spends of 10 Lakh or more SBI Card MILES PRIME 2,999 in the preceding year) SBI Card MILES ELITE 4,999 4,999 (Waived off on annual spends of 15 Lakh or more in the preceding year) Shaurya Select NIL NIL South Indian Bank SBI Platinum 2,999 2,999 Credit Card South Indian Bank SimplySAVE SBI 499 (Waived off on annual spends of Rs. 1 lakh or more 499 Card in the preceding Year) KVB SBI Signature Card 4,999 4,999 Karur Vysya Bank SBI Platinum 2,999 2,999 Credit Card 499 (Waived off on annual spends of Rs. 1 lakh or more Karur Vysya Bank SBI Card 499 in the preceding Year) Central SBI Select Card 750 750 Central SBI Select+ Card 2999 2999 FBB SBI Styleup Card 499 499 IRCTC SBI Platinum Card 500 500 2,999 (Waived off on annual spends of 3 lakh or more in South Indian Bank SBI Card PRIME 2,999 the preceding Year) 4,999 (Waived off on annual spends of 10 lakh or more KVB SBI Card ELITE 4,999 in the preceding Year) 2,999 (Waived off on annual spends of 3 lakh or more in KVB SBI Card PRIME 2,999 the preceding Year) 499 (Waived off on annual spends of 1 lakh or more KVB SimplySAVE SBI Card 499 in the preceding Year) SBI Card ELITE 4,999 4,999 (Waived off on annual spends of 10 lakh or more in the preceding Year) 4,999 (Waived off on annual spends of 10 lakh or more 4,999 SBI Card ELITE Advantage in the preceding Year) SBI Card PRIME NRI Secured 1,500 1,500 499 (Waived off on annual spends of Rs.1 Lakh or more Tata Neu Plus SBI Credit Card 499 in the preceding year) 1,499 (Waived off on annual spends of Rs.3 Lakh or Tata Neu Infinity SBI Credit Card 1,499 more in the preceding year) 1,499 (Waived off on annual spends of Rs. 3 lakh or Apollo SBI Card SELECT 1,499 more in the preceding year) Bank of Maharashtra SBI Card 4,999 4,999 (Waived off on annual spends of Rs.10 Lakh or ELITE more in the preceding year) Bank of Maharashtra SBI Card 2,999 (Waived off on annual spends of Rs.3 Lakh or 2,999 PRIME more in the preceding year) Bank of Maharashtra SimplySAVE 499 (Waived off on annual spends of Rs.1 Lakh or more 499 SBI Card in the preceding year) 499 (Waived off on annual spends of Rs.1 Lakh or more PhonePe SBI Card PURPLE 499 in the preceding year) PhonePe SBI Card SELECT 1,499 1,499 (Waived off on annual spends of Rs.3 Lakh or BLACK more in the preceding year) 500 500 ( Waived off on Annual Spends of Rs 3.5 Lakh or Flipkart SBI Card more in the preceding year ) 4,999 4,999 IndiGo SBI Card ELITE 1,499 1,499 IndiGo SBI Card Extended Credit Interest Free Credit Period 20-50 days (applicable only on retail purchases and if previous month’s outstanding balance is paid in full) Finance Charges 3.75% p.m. (45% p.a.) for Unsecured Cards; 2.75% p.m. (33% p.a.) for Shaurya, Defence Cards and Secured cards Minimum Finance Charges `25 Minimum Amount Due 100% of GST + 100% of EMI amount + 100% of Fees/Charges + 100% of finance charges + Overlimit Amount (if any) + 2% of remaining balance outstanding. Cash Advance Cash Advance Limit Cash Advance Limit is a part of the overall Credit Limit. Cash Advance Limit is indicated in the monthly card statement. Max. cash withdrawal limit is Rs.15,000 per day on MCC - 6011(ATM Withdrawals), subject to Cash Advance Limit availability.Cash Advance is not available for MCC - 6010 (""over-the-counter"" cash disbursement). Free Credit Period Nil Finance Charges 3.75% p.m. (45% p.a.) for Unsecured Cards; 2.75% p.m. (33% p.a.) for Shaurya, Defence Cards and Secured cardsThe above-mentioned charges will be applicable from the date of Cash withdrawal. Minimum Finance Charges `25 Cash Advance Fees 2.5% of transaction amount (subject to a minimum of `500) SBI ATMs/Other Domestic ATMs 2.5% of transaction amount (subject to a minimum of `500) International ATMs Other Charges & Fees `250 Cash Payment fee 2% of Payment amount (subject to a minimum of `500) Payment Dishonor fee Cheque Payment Fee `200 Late Payment Nil for Outstanding Amount due from `0 -`500; `400 for Outstanding Amount due greater than `500 & upto `1000 `750 for Outstanding Amount due greater than `1000 & upto `10,000; `950 for Outstanding Amount due greater than `10,000 & upto `25,000; `1100 for Outstanding Amount due greater than `25,000 & upto `50,000; `1300 for Outstanding Amount due greater than `50,000 Additional late payment charges `100 Late Payment Charges on RE `500 for Outstanding Amount due greater than `1000 Overlimit Fee 2.5% of Overlimit Amount (subject to a minimum of Rs 600). Overlimit Fee will not be reversed in case of transaction reversal / cancellation /refund Card Replacement `100 - `250 (`1500 for Aurum) Emergency Card Replacement (When Actual cost (subject to a minimum of $175 for VISA and $ 148 Abroad) for Mastercard) Foreign Currency Transaction Fee 3.5% (For all cards Except Elite, Aurum and SBI Card Miles. SBI Card Miles Prime, SBI Card Miles Elite and Tata Neu Infinity SBI Credit Card), 3% for SBI Card Miles, 2.5% for SBI Card Miles Prime and 1.99% (For ELITE, Aurum, SBI Card Miles Elite and Tata Neu Infinity SBI Credit Card) 3.5% (For all cards Except Elite, Aurum and SBI Card Miles. Dynamic Currency Conversion Fee SBI Card Miles Prime, SBI Card Miles Elite and Tata Neu Infinity SBI Credit Card), 3% for SBI Card Miles, 2.5% for SBI Card Miles Prime and 1.99% (For ELITE, Aurum, SBI Card Miles Elite and Tata Neu Infinity SBI Credit Card). Rewards Redemption Fee `99. Applicable only on physical product, Statement Fee Credit & on vouchers that are sent physically as specified in the individual product Terms & Conditions, for all cards except AURUM. w.e.f. 1st Dec 2024, 1% of total amount of Utility Payments, if Utility Payments Fee**** the total amount exceeds Rs. 50,000 in a billing cycle. W.e.f. 1st Nov’25, 1% of the transaction amount applicable on Fee on Education Payment Transactions^ Education Payments made through third-party apps.^^ However, payments made directly to colleges or schools via their websites or POS machines will not attract any fee. W.e.f. 1st Nov’25, 1% of the transaction amount applicable on Fee on Wallet Load Transactions^^^ every wallet load transaction exceeding Rs.1000. Processing Fee on all Rent Payment `199. Processing Fee will not be reversed in case of Transactions*** transaction reversal / cancellation / refund LoungeCharges All Airport Lounge visits within India through International Lounge Access Programs(like Priority Pass program) will be charged a usage fee of up to USD 27 per visit + applicable taxes. For details, please visit sbicard.com All Airport Lounge visits outside India through International Lounge Access Programs(like Priority Pass program) , after exhausting the complimentary visits, will be charged with a usage fee of up to USD 27 per visit + applicable taxes. For details, please visit sbicard.com Grace period Grace period of 3 days is allowed from the payment due date on credit card accounts, where payments are not overdue from previous billing cycle(s). The payment due date as mentioned on the credit card statement is the date by which clear funds must be credited to the credit card, however 3 grace days are provided to accommodate for processing time of payments. Surcharge Railway Tickets - www.irctc.co.in As prescribed by IRCTC / Indian Railways Petrol & all products/services sold 1% of transaction amount + all applicable taxes at petrol pumps Fuel surcharge is levied by acquiring bank providing the terminal to the merchant.The transaction value on charge slip will differ from credit card statement since the surcharge & GST is levied by acquiring bank on the transaction value. 1% fuel surcharge waiver (excluding GST) shall be provided for eligible transaction value on select cards.Fuel surcharge waiver terms and conditions may vary.Refer product T&Cs for details. For Reward Point redemption, your SBI Card must not be overdue, suspended, blocked,cancelled or terminated by SBICPSL at the time of redemption request. **Applicable taxes means:- For the cardholders having state of residence in the records of SBI Card on the statement date as ""Haryana"" - Central Tax @ 9% and State Tax @ 9% - For the cardholders having state of residence in the records of SBI Card on the statement date as other than ""Haryana"" - Integrated Tax @ 18%.***All transactions towards payment of rent through any merchant will be levied Rs.199+Applicable Taxes as processing fee. All the transactions identified under Merchant Category Code (MCC) 6513 will be considered as rent payment transactions. Important Points ""Payment of any amount lesser than the Total Amount Due in any month results in interest accrual on the balance outstanding amount including any new purchases and cash advances. To enjoy the benefit of interest free period, please pay the Total Amount Due (TAD) before the Payment Due Date (PDD). Further, making only the minimum payment every month would result in the repayment stretching over months/years with consequential compounded interest payment on your outstanding balance."" SMA & NPA •Special Mention Accounts (‘SMA’): In furtherance to Regulatory requirements, SBI Card is required to identify incipient stress in the account by creating a sub-asset category viz. ‘Special Mention Accounts (‘SMA’)"" with the three sub-categories as given in the table below. Credit cards are treated as ""Loans other than revolving facilities"". SMA Sub-categories Basis for classification [Principal or interest payment or any other amount wholly or partly overdue] SMA – 0 Upto 30 days from Payment Due Date (‘PDD’). SMA – 1 More than 30 days &upto 60 days from PDD SMA – 2 More than 60 days &upto 90 days from PDD Example regarding classification of SMA: If Payment Due Date (‘PDD’) of a Credit Card account is 31st March 2021, and ’Minimum Amount Due (‘MAD’) is not received before this date then after the due date, the account will be mentioned as SMA-0. If the account continues to remain overdue beyond 30 days from PDD i.e., beyond 30th April 2021 then this account shall get tagged as SMA-1. Similarly, if the account continues to remain overdue, beyond 60 days from PDD i.e., beyond 30th May 2021 then this account shall get tagged as SMA-2. •Non-Performing Asset (‘NPA’): A credit card account will be treated as non-performing asset (‘NPA’) if the Minimum Amount Due, as mentioned in the statement, is not paid fully within ninety (90) days from the PDD mentioned in the statement. Further, any account where a settlement or restructuring arrangement has been availed will be classified as NPA. An account continues to be classified as NPA till the entire arrears of interest and principal are paid. Settlement and restructured accounts do not qualify for an upgrade. Finally, if any customer has even one credit card with SBICard tagged as NPA, all cards of the customer will be classified as NPA. Example regarding classification of an account as NPA: If Payment Due Date (‘PDD’) of a Credit Card account is 31st March 2021, and Minimum Amount Due as mentioned in the statement has not been fully paid by the customer within a period of 90 days from the PDD i.e., till 29th June 2021, then the lender shall consider the credit card account as NPA. As per recent RBI Guidelines, cheques should have no corrections on the payee name, amount either in words or figures. Hence, we request you to take care at the time of issuing cheques against your SBI Card dues in order to avoid any inconvenience / charges. Incase of any transaction dispute please send a signed dispute form within 25 days from date of transaction to chargeback@sbicard.com No new statement will be sent, in case of credit balance and no new transaction on the account within 30 days of the last statement. SBI Cards may not approve High Risk Transactions (e.g. Jewellery etc.) to prevent misuse or potential fraud on your SBI Card. SBI Card discloses information regarding your account to credit information bureaus / agencies on a regular basis, as mandated by RBI. In the event of non-payment of at least the Minimum Amount Due by the Payment Due Date, your card account will be reported as ‘Default’ to credit information bureaus / agencies. Cardholders with active credit cards with identical billing cycle will be assigned the same billing cycle for any new card issuance. Billing cycle of new credit card(s), for cardholders with only one active credit card, will be same as the existing card. Let’s Connect! Let’s Simplify! For All Card (except AURUM) : 39 02 02 02 (prefix local STD code) or 1860 180 1290 By Phone By E-mail For All Card (except AURUM) : customercare@sbicard.com By Web For All Card (except AURUM) : Log on to www.sbicard.com and register By Letter Write to us at Manager, Customer Correspondence Unit DLF Infinity Towers, TowerC, 12th Floor, Block 2, Building 3, DLF Cyber City, Gurugram – 122002 (Haryana)India or Post Bag No.28, GPO, New Delhi – 110001 CUSTOMER GRIEVANCE REDRESSAL: All grievance escalations should be marked to Mr. Prosenjit Dhar (Nodal Officer), SBI Cards at above address or via email at nodalofficer@sbicard.com. If concern not resolved within 15 days, you may approach Mr. Manish Dewan - Head, Customer Services at CustomerServiceHead@sbicard.com BILLING AND STATEMENT SBICPSL will send the Cardholder a monthly statement showing the payments credited and the transactions debited to the Cardholder's Account since the last statement, provided the card has been active during the said period. SBICPSL will either mail a statement of transactions in the card account to the mailing address it has on record, or send a statement through email to the email id on record, on a pre- determined date. Ways to make payment for your SBI Credit Card Pay via Standing Instruction (e-NACH) Enroll for e-NACH for automated and hassle-free bill payments, every month. Your card dues will be deducted directly from your bank account on the Payment Due Date. For more details visit www.sbicard.com Pay via UPI You can pay your bill faster via UPI payment mode on SBI Credit Card app or on website using QR code. NEFT (National Electronic Funds Transfer) Pay your SBI Credit Card outstanding using NEFT and get instant credit to your card account, 24X7. Use your 15/16-digit credit card number as Beneficiary A/c & IFSC Code SBIN00CARDS to register YONO by SBI Pay your SBI Credit Card bills with YONO by SBI App and get instant credit in your SBI Card account. PayNet Click on PayNet at www.sbicard.com to make your payment online through netbanking or your SBI ATM cum debit card. Payment will reflect instantly on your SBI Credit Card account. For bank details, please log onto www.sbicard.com Debit Card Payment Pay online using selected banks debit card. Payment will reflect instantly on your SBI Credit Card account. For more details, visit www.sbicard.com VISA Credit Card Pay Use VISA Credit Card Pay to pay your SBI Credit Card bill. Your payment will be credited instantly. Auto Debit Authorize SBI Card to debit your bank account (savings/current) by filling the Auto Debit mandate available at selected banks. For more details, visit www.sbicard.com Mastercard MoneySend Download any authorized third-party payment app / use a platform that supports the Mastercard MoneySend payment mode. Your payment will be credited instantly to your credit card account. BBPS Visit the SBI Unipay website to pay your credit card bill conveniently and securely through Bharat Bill Payment System. OTC Pay your SBI Credit Card dues over the counter at any SBI Branch in India. ATM Pay at any SBI ATM with your SBI Debit Card.This service is available at all SBI ATMs across India. Cheque Pay your SBI Credit Card dues through cheque. You can drop your cheque at any of the SBI Card drop boxes available across India. IMPS Pay your SBI Credit Card outstanding using IMPS and get instant credit to your card account, 24X7. Use country code (91), Registered Mobile Number along & last 4-digit of Card Number with IFSC Code SBIN00CARDS Note: For smooth processing of payment made towards your card outstanding, please avoid using payment modes not advised by SBI Card. To know more about the ways to make payment, please visit https://sbicard.com/en/personal/pay.page. Important Communication on Payment Decline: As per SBI Card internal policy, payments made by customer through any instant channel (NEFT, Visa Money Transfer, MasterCard MoneySend, BBPS, Paynet, Debit Card or UPI) will be declined if the amount paid is more than the current outstanding. Hence, customers are advised not to make excess payment towards their credit card. An illustration of the Finance Charge Calculation: •Statement Date is 2nd of every Month and Payment Due Date is 22nd of every month. •The interest free period is from the 3rd of every month to 22nd of the next month provided the previous outstanding balance is paid in full. Making only the minimum payment every month would result in the repayment stretching over years with consequent interest payment on your outstanding balance. •Cardholder makes a retail purchase of `1,200 on 30th April, therefore the Total Amount Due on the statement dated 2nd May is ` 1,200 to be paid before 22nd May. •On 21st May, the Cardholder pays Minimum Amount Due of ` 200. •On 25th May, Cardholder makes a fresh purchase of ` 1,000. Statement dated 2nd June would show the following components A) Finance Charge calculated= (Outstanding Amount X 3.75% X 12 Months X No. of Days) /365 Finance Charge on `1,200 from 30th April to 20th May (21 Days) ` 31.07 Finance Charge on `1,000 from 21st May to 2nd June (13 Days) ` 16.03 Finance Charge on `1,000 of fresh purchase from 25th May to 2nd June ( 9 Days) ` 11.10 Total Finance Charge for 2nd June cycle ` 58.19 B) Total Principal Amount Outstanding = `2,000 (Balance `1,000 outstanding from last month’s billing period + `1,000 fresh purchase) Hence Total Amount Due = (A) + (B) + Applicable taxes If Minimum Amount Due of ` 200 is not paid by due date of 22nd May, Late Payment charges as applicable would be levied *Krishak Unnati SBI Card customers, please refer to below Table • Please note that the following fees and charges are not applicable for Krishak Unnati SBI Card:Cash Advance Fee (No Cash Limit Allocated), Forex Markup (International usage not allowed),Cash Payment Fee, Finance Charges, Late Payment Charges, Payment Dishonor Fee, Card Replacement Fee, Cheque Fee, Cheque Pickup Fee, Statement Retrieval Fee, Overlimit Fee,Reward Redemption Fee. Surcharges and other duties (along with applicable taxes) will be applicable. • This Card does not offer Cardholder a revolving credit facility. Cardholder has to pay Total Amount Due printed on the Statement. • SimplySAVE Merchant SBI Card is a charge Card. • This card does not offer Cardholder a revolving credit facility.Cardholder has to pay Total Amount Due Printed on the Statement. • For the purposes of SimplySAVE Merchant SBI Card only,the Total Amount Due (TAD) will be construed to be equal to the Minimum Amount Due (MAD). Order of payment settlement -Payment received against the Cardholder's outstanding will be adjusted against 100% of GST, 100% of EMI amount, 100% of Fees/Charges, 100% of Finance charges, Balance transfer, Retail Spends and Cash Advance, in that order. **** Utility payments shall be identified under Merchant Category Code (MCC) 4900, on best effort basis. The MCCs are defined by the network partners and are subject to change basis their discretion and such changes shall be implemented basis communication from the networks without any requirement for intimation/information to the customers. ^ Identified under Merchant Category Code (MCC) 8211, 8220, 8241, 8244, 8249 and 8299, on best effort basis. ^^Third Party Apps like (but not limited to) CRED, Cheq, MobiKwik etc. ^^^Identified under Merchant Category Code (MCC) 6540 and 6541, on best effort basis. The MCCs are defined by the network partners and are subject to change basis their discretion and such changes shall be implemented basis communication from the networks without any requirement for intimation/information to the customers.",424.0,debit,0.0,SBI_CASHBACK,02,2026,00be66e8bea26067b65b4d4ba18ba3be380ea6bf0bd583d7122c4792f8c03342,CC Bill Payment,1.0,rule,pending,,,,Not Available
2026-03-02,2026-03-02,K581 KFC NATURA WALK 560086 IN,K581 KFC NATURA WALK 560086 IN,403.2,debit,0.0,ICICI_CC,03,2026,8c6fbbfd8b7fcea9359854b743a3405c342e0007eb785c72331ceb75b8f4b465,Food & Dining,1.0,rule,pending,,,,12974155551
2026-03-05,2026-03-05,INFINITY PAYMENT RECEIVED THANK YOU,"INFINITY PAYMENT RECEIVED, THANK YOU",6873.0,credit,0.0,ICICI_CC,03,2026,fe9e3dbd9eadbbb7cd1a7e51cfb005af03a89434260991d6c5e37f93711ec7ec,CC Bill Payment,1.0,rule,pending,,,,12987170563
2026-03-07,2026-03-07,K581 KFC NATURA WALK 560086 IN,K581 KFC NATURA WALK 560086 IN,529.2,debit,0.0,ICICI_CC,03,2026,1142e04d582ca4a85df4b300643049db16731f8ba7f9b9ec1bf08f1c91a5957d,Food & Dining,1.0,rule,pending,,,,13003958112
2026-03-15,2026-03-15,BILLDESK AMAZON MUM IN,Billdesk*AMAZON MUM IN,999.0,debit,0.0,ICICI_CC,03,2026,df7f1372f3a3d48b5fec0cac62cf7dc38a56854ca389df6b4696df20f3d174cb,Shopping,1.0,rule,pending,,,,13054142694
2026-03-16,2026-03-16,PAYU MEESHO TECHNOLOGIES BANGALORE IN,PayU*Meesho Technologies Bangalore IN,738.0,debit,0.0,ICICI_CC,03,2026,4c22a14f2d807d8908c2d79bcbfaff8777837bb778a43eb390313bbb3a7d9f99,Shopping,1.0,rule,pending,,,,13061274517
2026-03-16,2026-03-16,AIRPLAZA RETAIL HOLDINGS BENGALURU 17 URB IN,AIRPLAZA RETAIL HOLDINGS BENGALURU 17% URB IN,1394.43,debit,0.0,ICICI_CC,03,2026,40870665806d340ff1225b3f8ac0648c8568b5000d9fa14e631c6e141b04902e,Shopping,1.0,ml_exact,pending,,,,13061275014
2026-03-18,2026-03-18,PAYU BLINK COMMERCE PRIVA FARIDABAD IN INTERNATIONAL SPENDS APPAREL GROCERY 65 OTHERS 18 DINING 17 ICICL BANK REWARDS TOTAL POINTS EARNED 107 POINTS EARNED ON ISHOP 0 FOR FURTHER INFORMATION ASK IPAL ON OUR WEBSITE AND MOBILE APP YOU MAY ALSO CONTACT OUR CUSTOMER CARE YOUR THE TOTAL POINTS EARNED ARE RM OR VISIT ANY ICICI BANK BRANCH INCLUSIVE OF POINTS EARNED ON ISHOP IMPORTANT MESSAGES L SAFE BANKING TIPS ICICI BANK CREDIT CARD GST NUMBER 27AAACI1195H3ZK L OUR REGISTERED OFFICE ADDRESS ICICI BANK TOWER NEAR CHAKLI CIRCLE OLD PADRA ROAD VADODARA HSN CODE 997113 CREDIT GRANTING SERVICES INCLUDING L MAKING ONLY MINIMUM PAYMENT EVERY MONTH CAN LEAD TO REPAYMENT STRETCHING OVER YEARS WITH CONSEQUENT INTEREST PAYMENT ON STAND BY COMMITMENT GUARANTEES SECURITIES OUTSTANDING BALANCE PLACE OF SUPPLY KARNATAKA L FOR ANY CLARIFICATION OR MORE INFORMATION YOU MAY CONTACT US THROUGH THE GET IN TOUCH OPTION AT WWW ICICIBANK COM L FOR RUPAY AMERICAN EXPRESS VISA MASTERCARD CREDIT CARDS FUEL SURCHARGE AND CORRESPONDING GOODS AND SERVICES TAX GST L PAYMENT THROUGH UPI IS SUBJECT TO THE LIMITS SET BY RESPECTIVE PAYMENT SERVICE PROVIDERS INVOICE NO 1574280300237012 CIN NO L65190GJ1994PLC021012 00005 04023 CREDIT CARD STATEMENT CID 106 CID 29 CID 4 CID 21 CID 27 CID 101 CID 64 CID 20 CID 100 CID 21 CID 41 CID 9 CID 107 28032026 32040 DOWNLOAD THE IMOBILE PAY APP TO VIEW STATEMENT INSTANTLY BLOCK UNBLOCK ATM WITHDRAWAL ONLINE TRANSACTIONS INTERNATIONAL TRANSACTIONS IN A SINGLE CLICK SMS IMOBILE TO 5676766 TO GET THE DOWNLOAD LINK OR GIVE A MISSED CALL ON 9222299998 TO ASSISTANCE ON CALL ACE YOUR DIGITAL BANKING WITH IPLAY VIDEOS SCAN THE OR CODE TO KNOW ABOUT THE CREDIT CARD SERVICES ON ICICI BANK S IMOBILE PAY SCAN TO WATCH IPLAY VIDEO T C APPLY ALL COMMUNICATIONS ARE BEING SENT TO YOUR REGISTERED E MAIL ID AND MOBILE NUMBER SERVICE REQUESTS CREDIT CARD REQUEST FOR ADDRESS CHANGE OR VISIT THE NEAREST ICICI BANK BRANCH CID 151 CID 110 CID 119 CID 160 CID 150 CID 155 CID 150 CID 153 CID 170 CID 110 CID 201 CID 228 CID 213 CID 166 CID 130 CID 117 CID 179 CID 117 CID 178 CID 169 CID 174 CID 164 CID 146 CID 168 CID 225 CID 177 CID 159 CID 164 CID 151 CID 169 CID 154 CID 159 CID 206 CID 169 CID 118 CID 114 CID 164 CID 136 CID 165 CID 151 CID 160 L CLICK HERE TO ACCESS YOUR CREDIT CARD ONE VIEW STATEMENT SCAN TO PAY USING CID 130 CID 165 CID 110 CID 222 CID 145 CID 122 CID 193 CID 202 CID 235 CID 195 CID 208 CID 186 CID 154 CID 184 CID 177 CID 210 CID 134 CID 142 CID 110 CID 166 CID 133 CID 209 CID 187 CID 127 CID 168 CID 133 CID 135 CID 155 CID 183 CID 226 CID 223 CID 137 CID 175 CID 157 CID 112 CID 201 CID 213 CID 115 CID 219 CID 233 CID 235 ANY UPI APPLICATION CID 217 CID 229 CID 191 CID 205 CID 124 CID 111 CID 150 CID 165 CID 183 CID 180 CID 116 CID 192 CID 157 CID 120 CID 149 CID 123 CID 234 CID 202 CID 223 CID 233 CID 210 CID 143 CID 138 CID 120 CID 221 CID 147 CID 220 CID 186 CID 173 CID 190 CID 172 CID 150 CID 229 CID 154 CID 121 CID 124 CID 143 CID 155 CID 153 CID 199 CID 123 CID 169 CID 233 CID 217 CID 125 CID 229 CID 125 CID 193 CID 156 CID 211 CID 110 CID 140 CID 194 CID 108 CID 210 CID 225 CID 132 CID 223 CID 209 CID 203 CID 200 CID 123 CID 162 CID 131 CID 217 CID 190 CID 212 CID 197 CID 194 CID 162 CID 187 CID 186 CID 126 CID 211 CID 120 CID 217 CID 232 CID 139 CID 137 CID 139 CID 163 CID 218 CID 234 CID 110 CID 166 CID 166 CID 166 CID 110 CID 234 CID 108 CID 222 CID 226 CID 168 CID 132 CID 232 CID 150 CID 130 CID 148 CID 140 CID 230 CID 148 CID 118 CID 136 CID 226 CID 182 CID 182 CID 198 CID 166 CID 208 CID 160 CID 148 CID 140 CID 232 CID 116 CID 228 CID 156 CID 144 CID 162 CID 216 CID 132 CID 202 CID 164 CID 216 6 469 80 5 533 83 0 00 6 873 00 MAINTAIN SUFFICIENT FUNDS IN YOUR LINKED SAVINGS ACCOUNT XX2206 ANY CHANGES TO THE STANDING CARD WILL BE ADDED TO YOUR REWARDS ACCOUNT WITHIN 5 BUSINESS DAYS OF MONTHLY CREDIT CARD STATEMENT GENERATION AS PER THE EXISTING CYCLE IF YOUR ACCOUNT IS NOT DELINQUENT OR CANCELLED AT THE TIME OF SUCH CREDIT MOST IMPORTANT TERMS AND CONDITIONS MITC TO GET THE COMPLETE VERSION OF CREDIT CARDS MOST IMPORTANT TERMS AND CONDITIONS MITC PLEASE VISIT ICICI BANK WEBSITE PRODUCTS CREDIT CARDS TERMS AND CONDITIONS AND FAQS MOST IMPORTANT TERMS AND CONDITIONS OR VISIT THE LINK HTTPS WWW ICICI BANK IN MANAGED ASSETS DOCS PERSONAL CARDS MITC CC PDF GREAT OFFERS ON YOUR CARD 00005 04023 IMPORTANT INFORMATION ON YOUR CREDIT CARD IF A NO COST EMI OFFER IS COMMUNICATED BY THE MERCHANT DURING THE PURCHASE THE INTEREST BENEFIT PERTAINING TO THIS OFFER WILL BE PASSED ON TO THE CARD HOLDER THROUGH AN INSTANT DISCOUNT MODE OR CASHBACK MODE AS PER THE OFFER DETAILS DEFINED BY THE MERCHANT BANK CHARGES INTEREST ON EVERY EMI TRANSACTION GRIEVANCES REDRESSAL COMPLAINTS ESCALATIONS IN THE EVENT THAT YOU ARE NOT SATISFIED WITH OUR SERVICES YOU MAY REGISTER YOUR GRIEVANCE BY I VISITING COMPLAINT FORM AT WWW ICICI BANK IN OR II CALLING AT OUR CUSTOMER CARE NUMBER OR WRITING TO MS SHARLET MALVANKAR THE PRINCIPAL NODAL OFFICER ICICI BANK LTD BANDRA KURLA COMPLEX MUMBAI 400051 POSTAL ADDRESS TELEPHONE NO 022 39337979 MONDAY TO FRIDAY 10 00 A M TO 5 00 P M EXCLUDING BANK HOLIDAYS EMAIL PNO ICICIBANK COM THIS IS AN AUTHENTICATED INTIMATION STATEMENT CUSTOMERS ARE REQUESTED TO IMMEDIATELY NOTIFY THE BANK OF ANY DISCREPANCY IN THE STATEMENT 00005 04023 TO REPORT THE LOSS THEFT OR UNAUTHORISED USE OF CARD OR PIN OF CREDIT CARD YOU CAN USE ANY OF THE BELOW MENTIONED THREE MEDIUMS TO BLOCK THE CARD L SEND SMS BLOCK SPACE LAST 4 DIGIT OF CARD NUMBER TO 9215676766 FROM YOUR REGISTERED MOBILE NUMBER L IF YOU ARE WITHIN INDIA CALL ON 18002662 AND IF YOU ARE OUTSIDE INDIA CALL ON 04071403333 L GO TO MOBILE BANKING APP TO BLOCK THE CARD UNDER MANAGE CARD IN CASE YOU REQUIRE ANY FURTHER INFORMATION YOU MAY CALL OUR CUSTOMER CARE 1800 1080 OR WRITE TO US AT CUSTOMER CARE ICICIBANK COM METHOD OF PAYMENT PAYMENTS TOWARDS THE CREDIT CARD ACCOUNT TO BE MADE THROUGH ANY OF THE BELOW MODES 1 SCAN TO PAY 2 UPI 3 NATIONAL ELECTRONIC FUNDS TRANSFER NEFT 4 CASH 5 INTERNET BANKING 6 AUTO DEBIT 7 CLICK TO PAY 8 IMOBILE PAY APP 9 ICICI BANK ATMS BENEFITS OF UPDATING MOBILE NUMBER AND E MAIL ID L RECEIVE INSTANT ALERTS OF ANY SUSPICIOUS OR UNAUTHORISED TRANSACTIONS THAT ARE CARRIED OUT USING YOUR CREDIT CARD L RECEIVE ALERTS FROM THE BANK WHENEVER INFORMATION REGARDING YOUR EXISTING ACCOUNT IS REPORTED BY THE BANK TO THE CREDIT INFORMATION COMPANIES CICS CICS WILL SEND ALERTS THROUGH SMS E MAIL WHEN YOUR CREDIT INFORMATION REPORT CIR IS ACCESSED INTEREST CALCULATION THE FOLLOWING ILLUSTRATION WILL INDICATE THE METHOD OF CALCULATING INTEREST CHARGES GIVEN THESE ASSUMPTIONS INTEREST WILL BE CALCULATED AS BELOW SL NO TRANSACTION 1 PURCHASE ON SEP 20 5 PURCHASE ON OCT 15 2023 RENT PAY 2 000 00 6 CONVENIENCE FEE ON RENT PAY ON OCT 15 7 TAX ON CONVENIENCE FEE 3 60 8 LPC CHARGED ON OCT 29 9 TAX ON LPC 108 00 A INTEREST ON 20TH SEP 2023 TRANSACTION 123 29 B INTEREST ON 15TH OCT 2023 TRANSACTION 61 65 11 TOTAL INTEREST CHARGED A B 184 94 12 GST ON INTEREST 33 29 GST WILL BE APPLICABLE ON INTEREST CHARGES THE ABOVE ILLUSTRATION HAS BEEN PREPARED ASSUMING THAT CUSTOMER IS NOT DELINQUENT PRIOR TO THE STATEMENT GENERATED ON OCT 10 2023 FOLLOWING ARE THE TWO SCENARIOS FOR MAD CALCULATION SCENARIO A IF 5 OF FINANCE CHARGE RETAIL SPENDS CASH ADVANCE IS HIGHER THAN THE FINANCE CHARGE THEN FROM THE PREVIOUS STATEMENT 5 OF RETAIL SPENDS CASH ADVANCE FINANCE CHARGE CREDIT LIMIT 35 000 00 RETAIL SPENDS CASH ADVANCE 30 000 00 5 1 500 00 FINANCE CHARGE IF ANY EXCLUDING GST 1 000 00 5 50 00 EMI PRINCIPAL EMI INTEREST 5 500 00 100 5 500 00 FEES CHARGES INCLUDING GST 18 1 180 00 100 1 180 00 UNPAID MAD FROM THE PREVIOUS STATEMENT 150 00 100 150 00 MAD 5 OF A B C D E F 11 210 00 FINANCE CHARGE IS LEVIED IN THE CASE OF ATM TRANSACTIONS CASH WITHDRAWAL THROUGH CREDIT CARD AND DELAYED NON PAYMENT OF DUES AS APPLICABLE IN THE ILLUSTRATION ABOVE 5 OF FINANCE CHARGE RETAIL SPENDS CASH ADVANCE 1 550 WHICH IS HIGHER THAN THE FINANCE CHARGE EXCLUDING GST 1 000 MAD FROM THE PREVIOUS STATEMENT 5 OF RETAIL SPENDS CASH ADVANCE FINANCE CHARGE 180 5 500 2 830 1 000 150 1 550 11 210 SCENARIO B IF 5 OF FINANCE CHARGE RETAIL SPENDS CASH ADVANCE IS LESS THAN THE FINANCE CHARGE THEN FROM THE PREVIOUS STATEMENT 5 OF RETAIL SPENDS CASH ADVANCE THE FOLLOWING ILLUSTRATION WILL INDICATE THE METHOD OF CALCULATING THE MAD IN THIS SCENARIO CREDIT LIMIT 1 15 000 00 RETAIL SPENDS CASH ADVANCE 1 00 000 00 5 5 000 00 FINANCE CHARGE IF ANY EXCLUDING GST 7 800 00 100 7 800 00 EMI PRINCIPAL EMI INTEREST 5 500 00 100 5 500 00 FEES CHARGES INCLUDING GST 18 2 360 00 100 2 360 00 UNPAID MAD FROM THE PREVIOUS STATEMENT 150 00 100 150 00 MAD 5 OF A B C D E F 21 620 00 FINANCE CHARGE IS LEVIED IN THE CASE OF ATM TRANSACTIONS CASH WITHDRAWAL THROUGH CREDIT CARD AND DELAYED NON PAYMENT OF DUES AS APPLICABLE IN THE ILLUSTRATION ABOVE 5 OF FINANCE CHARGE RETAIL SPENDS CASH ADVANCE 5 390 WHICH IS LESS THAN THE FINANCE CHARGE 7 800 HENCE FINANCE CHARGE IS CONSIDERED AT 100 IN THE MAD CALCULATION MAD 5 OF RETAIL SPENDS CASH ADVANCE FINANCE CHARGE EMI PRINCIPAL EMI INTEREST FEES AND CHARGES 810 21 620 THE FOLLOWING ILLUSTRATION WILL INDICATE THE METHOD OF CALCULATING MAD AS PER SCENARIO A SL NO TRANSACTION 1 CREDIT LIMIT 26 000 00 2 PURCHASE ON SEP 20 6 PURCHASE ON OCT 15 7 EMI CONVERSION OF PURCHASE ON OCT 15 2025 2 000 00 8 EMI PRINCIPAL 200 00 9 EMI INTEREST 20 00 10 TAX ON EMI INTEREST 3 60 11 PROCESSING FEE 20 00 12 TAX ON PROCESSING FEE 3 60 13 LATE PAYMENT FEE ON OCT 30 14 TAX ON LATE PAYMENT FEE 162 00 15 PURCHASE ON OCT 30 16 OVER LIMIT FEE 550 00 SL NO TRANSACTION 17 TAX ON OVER LIMIT FEE 99 00 18 CLOSING BALANCE 26 958 20 A OVERDUE OF PREVIOUS STATEMENT 1 200 00 B EMI INSTALMENT PRINCIPAL INTEREST 220 00 C GST ON EMI INTEREST 3 60 E LATE PAYMENT FEE POST DEPLOYMENT 900 00 F GST ON LATE PAYMENT FEE POST DEPLOYMENT 162 00 G OVER LIMIT FEE TRANSACTION POST DEPLOYMENT 550 00 H GST ON OVER LIMIT FEE TRANSACTION POST DEPLOYMENT 99 00 I PROCESSING FEE POST DEPLOYMENT 20 00 J GST ON PROCESSING FEE POST DEPLOYMENT 3 60 K 5 ON REMAINING BALANCE 1 142 09 THE ABOVE ILLUSTRATION HAS BEEN PREPARED ASSUMING THAT CUSTOMER IS NOT DELINQUENT PRIOR TO THE STATEMENT GENERATED ON OCT 10 2023 AND INTEREST CHARGES ARE ALSO APPLICABLE IN NOV 08 2023 STATEMENT LATE PAYMENT CHARGES CALCULATION LESS THAN 100 NIL BETWEEN 100 500 100 BETWEEN 501 1 000 500 BETWEEN 1001 5 000 600 BETWEEN 5 001 10 000 750 BETWEEN 10 001 25 000 900 BETWEEN 25 001 50 000 1 100 MORE THAN 50 000 1 300 THE FOLLOWING ILLUSTRATION WILL INDICATE THE METHOD OF CALCULATING LATE PAYMENT CHARGES SL NO TRANSACTION 1 PURCHASE ON SEP 20 5 PAYMENT ON OCT 28 6 LATE PAYMENT FEE ON OCT 30 2023 BASED ON 1 5 900 7 GST ON LATE PAYMENT FEE 162,"PayU*BLINK COMMERCE PRIVA Faridabad IN # International Spends Apparel/Grocery-65% Others-18% Dining-17% ICICl Bank Rewards Total Points earned* 107 Points earned on iShop 0 For further information, 'ask iPal' on our website and mobile app. You may also contact our Customer Care, your *The total points earned are RM or visit any ICICI Bank Branch. inclusive of points earned on iShop IMPORTANT MESSAGES l Safe Banking Tips - ICICI Bank Credit Card GST Number: 27AAACI1195H3ZK l Our registered office address: ICICI Bank Tower, Near Chakli Circle, Old Padra Road, Vadodara, HSN Code: 997113 Credit Granting Services including l Making only minimum payment every month can lead to repayment stretching over years with consequent interest payment on stand-by commitment, guarantees & securities outstanding balance. Place of supply: Karnataka l For any clarification or more information, you may contact us through the ‘Get in Touch’ option at www.icicibank.com l For RuPay/American Express/ Visa/Mastercard Credit Cards: Fuel surcharge and corresponding Goods and Services Tax (GST) l Payment through UPI is subject to the limits set by respective payment service providers. Invoice No: 1574280300237012 CIN No. L65190GJ1994PLC021012 00005/04023 CREDIT CARD STATEMENT (cid:106)(cid:29)(cid:4)(cid:21)(cid:27)(cid:101)(cid:64)(cid:20)(cid:100)(cid:21)(cid:41)(cid:9)(cid:107) 28032026_32040 Download the iMobile Pay app to - View statement instantly Block/unblock ATM withdrawal, online transactions & international transactions in a single click SMS iMobile to 5676766 to get the download link or give a missed call on 9222299998 to assistance on call. Ace your Digital Banking, with iPlay videos Scan the OR Code, to know about the Credit Card services, on ICICI Bank’s iMobile Pay. Scan to watch iPlay video T&C Apply All communications are being sent to your registered e-mail ID and mobile number Service Requests > Credit Card > Request for address change or visit the nearest ICICI Bank branch (cid:151)(cid:110)(cid:119)(cid:160)(cid:150)(cid:155)(cid:150)(cid:153)(cid:170)(cid:110)(cid:201)(cid:228)(cid:213)(cid:166)(cid:130)(cid:117)(cid:179)(cid:117)(cid:178)(cid:169)(cid:174)(cid:164)(cid:146)(cid:168)(cid:225)(cid:177)(cid:159)(cid:164)(cid:151)(cid:169)(cid:154)(cid:159)(cid:206)(cid:169)(cid:118)(cid:114)(cid:164)(cid:136)(cid:165)(cid:151)(cid:160) l Click here to access your Credit Card One View Statement Scan to Pay using (cid:130)(cid:165)(cid:110)(cid:222)(cid:145)(cid:122)(cid:193)(cid:202)(cid:235)(cid:195)(cid:208)(cid:186)(cid:154)(cid:184)(cid:177)(cid:210)(cid:134)(cid:142)(cid:110)(cid:166)(cid:133)(cid:209)(cid:187)(cid:127)(cid:168)(cid:133)(cid:135)(cid:155)(cid:183)(cid:226)(cid:223)(cid:137)(cid:175)(cid:157)(cid:112)(cid:201)(cid:213)(cid:115)(cid:219)(cid:233)(cid:235) any UPI Application (cid:217)(cid:229)(cid:191)(cid:205)(cid:124)(cid:111)(cid:150)(cid:165)(cid:183)(cid:180)(cid:116)(cid:192)(cid:157)(cid:120)(cid:149)(cid:123)(cid:234)(cid:202)(cid:223)(cid:233)(cid:210)(cid:143)(cid:138)(cid:120)(cid:221)(cid:147)(cid:220)(cid:186)(cid:173)(cid:190)(cid:172)(cid:150)(cid:229)(cid:154)(cid:121)(cid:124)(cid:143)(cid:155)(cid:153)(cid:199)(cid:123) (cid:169)(cid:233)(cid:217)(cid:125)(cid:229)(cid:125)(cid:193)(cid:156)(cid:211)(cid:110)(cid:140)(cid:194)(cid:108)(cid:210)(cid:225)(cid:132)(cid:223)(cid:209)(cid:203)(cid:200)(cid:123)(cid:162)(cid:131)(cid:217)(cid:190)(cid:212)(cid:197)(cid:194)(cid:162)(cid:187)(cid:186)(cid:126)(cid:211)(cid:120)(cid:217)(cid:232)(cid:139)(cid:137)(cid:139)(cid:163)(cid:218) (cid:234)(cid:110)(cid:166)(cid:166)(cid:166)(cid:110)(cid:234)(cid:108)(cid:222)(cid:226)(cid:168)(cid:132)(cid:232)(cid:150)(cid:130)(cid:148)(cid:140)(cid:230)(cid:148)(cid:118)(cid:136)(cid:226)(cid:182)(cid:182)(cid:198)(cid:166)(cid:208)(cid:160)(cid:148)(cid:140)(cid:232)(cid:116)(cid:228)(cid:156)(cid:144)(cid:162)(cid:216)(cid:132)(cid:202)(cid:164)(cid:216) `6,469.80 `5,533.83 `0.00 `6,873.00 maintain sufficient funds in your linked savings account XX2206. Any changes to the standing Card will be added to your Rewards account within 5 Business Days of monthly Credit Card statement generation as per the existing cycle, if your account is not delinquent or cancelled at the time of such credit. MOST IMPORTANT TERMS AND CONDITIONS (MITC) To get the complete version of Credit Cards – Most Important Terms and Conditions (MITC), please visit: ICICI Bank Website>Products>Credit Cards>Terms and Conditions and FAQs>Most Important Terms and Conditions Or visit the link: https://www.icici.bank.in/managed-assets/docs/personal/cards/mitc_cc.pdf GREAT OFFERS ON YOUR CARD 00005/04023 IMPORTANT INFORMATION ON YOUR CREDIT CARD If a No Cost EMI offer is communicated by the merchant during the purchase, the interest benefit pertaining to this offer will be passed on to the card holder through an instant discount mode or cashback mode, as per the offer details defined by the merchant. Bank charges interest on every EMI transaction. Grievances Redressal/Complaints/ Escalations: In the event that you are not satisfied with our services, you may register your grievance by (i) visiting “Complaint Form” at www.icici.bank.in or (ii) calling at our Customer Care number or writing to Ms. Sharlet Malvankar, The Principal Nodal Officer, ICICI Bank Ltd Bandra Kurla Complex Mumbai 400051, (Postal Address), Telephone No.: 022-39337979 (Monday to Friday, 10:00 a.m. to 5:00 p.m. excluding Bank holidays), Email: pno@icicibank.com. This is an authenticated intimation/statement. Customers are requested to immediately notify the Bank of any discrepancy in the statement. 00005/04023 To report the loss, theft or unauthorised use of card or PIN of credit card, you can use any of the below mentioned three mediums to block the card l Send SMS BLOCK space <last 4 digit of card number> to 9215676766 from your registered mobile number l If you are within India, call on 18002662 and if you are outside India, call on 04071403333 l Go to mobile banking app to block the card (under manage card) In case you require any further information, you may call our Customer Care (1800 1080) or write to us at customer.care@icicibank.com Method of Payment : Payments towards the Credit Card Account to be made through any of the below modes: 1. Scan to Pay 2. UPI 3. National Electronic Funds Transfer (NEFT) 4. Cash 5. Internet Banking 6. Auto Debit 7. Click to Pay 8. iMobile Pay app 9. ICICI Bank ATMs Benefits of updating mobile number and e-mail ID: l Receive instant alerts of any suspicious or unauthorised transactions that are carried out using your Credit Card l Receive alerts from the Bank whenever information regarding your existing account is reported by the Bank to the Credit Information Companies (CICs). CICs will send alerts through SMS/ e-mail when your Credit Information Report (CIR) is accessed. Interest calculation The following illustration will indicate the method of calculating interest charges: Given these assumptions, interest will be calculated as below: SL. No Transaction ₹ 1 Purchase on Sep 20, 5 Purchase on Oct 15, 2023, Rent Pay 2,000.00 6 Convenience Fee on Rent Pay on Oct 15, 7 Tax on Convenience Fee 3.60 8 LPC charged on Oct 29, 9 Tax on LPC 108.00 a) Interest on 20th Sep 2023 Transaction 123.29 b) Interest on 15th Oct 2023 Transaction 61.65 11 Total Interest charged (a + b) 184.94 12 GST on Interest 33.29 GST will be applicable on interest charges. ** The above illustration has been prepared assuming that customer is not delinquent prior to the statement generated on Oct 10, 2023 Following are the two scenarios for MAD calculation Scenario A: If 5% of (Finance Charge + Retail Spends + Cash Advance) is higher than the Finance Charge, then: from the previous statement + 5% of (Retail Spends + Cash Advance + Finance Charge). Credit Limit 35,000.00 Retail Spends + Cash Advance 30,000.00 5% 1,500.00 Finance Charge (if any) excluding GST 1,000.00 5% 50.00 EMI Principal + EMI Interest 5,500.00 100% 5,500.00 Fees & Charges including GST (18%) 1,180.00 100% 1,180.00 Unpaid MAD from the previous statement* 150.00 100% 150.00 MAD (<5%> of (A+B)) + (C)+(D)+(E)+(F) 11,210.00 Finance Charge is levied in the case of ATM transactions, cash withdrawal through Credit Card and delayed/non-payment of dues, as applicable. In the illustration above 5% of (Finance Charge + Retail Spends + Cash Advance) = ₹1,550 which is higher than the Finance Charge (excluding GST) = ₹1,000. MAD from the previous statement + 5% of (Retail Spends + Cash Advance + Finance Charge) = 180 + 5,500 + 2,830 + + 1,000 + 150 + 1,550 = ₹11,210 Scenario B: If 5% of (Finance Charge + Retail Spends + Cash Advance) is less than the Finance Charge, then: from the previous statement + 5% of (Retail Spends + Cash Advance). The following illustration will indicate the method of calculating the MAD in this scenario Credit Limit 1,15,000.00 Retail Spends + Cash Advance 1,00,000.00 5% 5,000.00 Finance Charge (if any) excluding GST 7,800.00 100% 7,800.00 EMI Principal + EMI Interest 5,500.00 100% 5,500.00 Fees & Charges including GST (18%) 2,360.00 100% 2,360.00 Unpaid MAD from the previous statement* 150.00 100% 150.00 MAD (<5%> of (A+B)) + (C)+(D)+(E)+(F) 21,620.00 Finance Charge is levied in the case of ATM transactions, cash withdrawal through Credit Card and delayed/non-payment of dues, as applicable. In the illustration above 5% of (Finance Charge + Retail Spends + Cash Advance) = ₹5,390 which is less than the Finance Charge = ₹7,800. Hence, Finance Charge is considered at 100% in the MAD calculation. MAD = (5% of Retail Spends + Cash Advance) + Finance Charge + EMI Principal + EMI Interest + Fees and Charges 810 = ₹21,620 The following illustration will indicate the method of calculating MAD as per Scenario A: SL. No Transaction ₹ 1 Credit Limit 26,000.00 2 Purchase on Sep 20, 6 Purchase on Oct 15, 7 EMI Conversion of Purchase on Oct 15, 2025 -2,000.00 8 EMI Principal 200.00 9 EMI Interest 20.00 10 Tax on EMI Interest 3.60 11 Processing Fee 20.00 12 Tax on Processing Fee 3.60 13 Late Payment Fee on Oct 30, 14 Tax on Late Payment Fee 162.00 15 Purchase on Oct 30, 16 Over limit Fee 550.00 SL. No Transaction ₹ 17 Tax on Over-limit Fee 99.00 18 Closing Balance 26,958.20 a) Overdue of previous statement 1,200.00 b) EMI Instalment (Principal + Interest) 220.00 c) GST on EMI Interest 3.60 e) Late Payment Fee - Post deployment 900.00 f) GST on Late Payment Fee - Post deployment 162.00 g) Over limit Fee Transaction - Post deployment 550.00 h) GST on Over limit Fee Transaction - Post deployment 99.00 i) Processing Fee - Post deployment 20.00 j) GST on Processing Fee - Post deployment 3.60 k) 5% on remaining Balance 1,142.09 ** The above illustration has been prepared assuming that customer is not delinquent prior to the statement generated on Oct 10, 2023 and interest charges are also applicable in Nov 08, 2023 statement. Late payment Charges Calculation Less than ₹100 Nil Between ₹100-₹500 ₹ 100 Between ₹501- ₹1,000 ₹ 500 Between ₹1001- ₹5,000 ₹ 600 Between ₹5,001-₹10,000 ₹ 750 Between ₹10,001-₹25,000 ₹ 900 Between ₹25,001- ₹50,000 ₹ 1,100 More than ₹50,000 ₹ 1,300 The following illustration will indicate the method of calculating Late Payment charges: SL. No Transaction ₹ 1 Purchase on Sep 20, 5 Payment on Oct 28, 6 Late Payment Fee on Oct 30, 2023 (based on 1 - 5) 900 7 GST on Late Payment Fee 162",1100.0,debit,0.0,ICICI_CC,03,2026,65d2a654e8f328fcd94ee627076ac77bc3b88d0c75c48867b9772b2009f009c2,Self Transfer,1.0,rule,pending,,,,13073352372
2026-03-03,2026-03-03,CARD CASHBACK CREDIT,CARD CASHBACK CREDIT,144.0,credit,0.0,SBI_CASHBACK,03,2026,0347e4b65e8a76ec2e7b553303fb422ace21cf5960a981f0f6aa13f08a498abb,Cashback & Rewards,1.0,ml_exact,pending,,,,Not Available
2026-03-04,2026-03-04,PAYMENT RECEIVED 000DP01606306335306WAKI TRANSACTIONS FOR R GANESH NAG,PAYMENT RECEIVED 000DP01606306335306WAkI TRANSACTIONS FOR R Ganesh Nag,2511.0,credit,0.0,SBI_CASHBACK,03,2026,73e13bc766c7534ef4b941df050bd772df5c978a6ad8f41c17a39fd63e4aa713,CC Bill Payment,1.0,rule,pending,,,,Not Available
2026-03-04,2026-03-04,LIFE INSURANCE CORPORA NOIDA IN PAY IN EMIS,LIFE INSURANCE CORPORA NOIDA IN (Pay in EMIs),32153.0,debit,0.0,SBI_CASHBACK,03,2026,6ebb3cc41af0f44b9a63cd29d3e35ef8f12b0d113abda883b866a30aad094bb2,EMI,1.0,rule,pending,,,,Not Available
2026-03-08,2026-03-08,SWIGGY LIMITED BANGALORE IN,Swiggy Limited Bangalore IN,322.0,debit,0.0,SBI_CASHBACK,03,2026,6bec3660ab38794750b7b591d96b4a7bac04f7ac64340c4ef113ae775e512967,Food & Dining,1.0,rule,pending,,,,Not Available
2026-03-09,2026-03-09,BLINKIT GURGAON IN,BLINKIT GURGAON IN,303.0,debit,0.0,SBI_CASHBACK,03,2026,1778973cbd24b8a6e19baf41ff9895bf8669ebcd22886e171ea349a67cb19962,Groceries & Supermarket,1.0,rule,pending,,,,Not Available
2026-03-11,2026-03-11,FLIPKART BENGALURU IN,Flipkart Bengaluru IN,389.0,debit,0.0,SBI_CASHBACK,03,2026,8588b3de7978c24b0ff49e84b20ed46c93c50ff0abd1c98103f1e1fec2440ed1,Shopping,1.0,rule,pending,,,,Not Available
2026-03-12,2026-03-12,AMAZON PAY INDIA PRIVA BANGALORE IN,AMAZON PAY INDIA PRIVA Bangalore IN,645.0,debit,0.0,SBI_CASHBACK,03,2026,b86c7056fecfc758387629581b76df9e8749eac538739a3d5497ab44a185b372,Shopping,1.0,rule,pending,,,,Not Available
2026-03-12,2026-03-12,BLINKIT GURGAON IN,BLINKIT GURGAON IN,342.0,debit,0.0,SBI_CASHBACK,03,2026,1c30cf2a1d324235904beb252257a50156e0480df578dfe54be6efce1f07286e,Groceries & Supermarket,1.0,rule,pending,,,,Not Available
2026-03-13,2026-03-13,BLINKIT GURGAON IN,BLINKIT GURGAON IN,216.0,debit,0.0,SBI_CASHBACK,03,2026,3ab5802a82246cbdafc96a18c8957ab179ade761df548d8c33cedcc531174e5e,Groceries & Supermarket,1.0,rule,pending,,,,Not Available
2026-04-02,2026-04-02,ZOMATO LIMITED GURUGRAM IN TRANSACTIONS HIGHLIGHTED IN GREY COLOR IF ANY DO NOT FORM PART OF PURCHASES OTHER DEBITS TRANSACTIONS FULLY PARTIALLY CONVERTED TO FLEXIPAY ENCASH MERCHANT EMI C CREDIT D DEBIT EN ENCASH FP FLEXIPAY EMD EASY MONEY DRAFT BT BALANCE TRANSFER M MONTHLY INSTALLMENTS TAD TOTAL AMOUNT DUE T TEMPORARY CREDIT IMPORTANT MESSAGES W E F 1ST MAY 2026 LATE PAYMENT CHARGES LPC WILL BE REVISED TO RS 100 FOR OUTSTANDING AMOUNT DUE GREATER THAN RS 100 UP TO RS 500 AND RS 500 FOR OUTSTANDING AMOUNT DUE GREATER THAN RS 500 UP TO RS 1 000 TOTAL AMOUNT DUE TAD NEEDS TO BE PAID BY PAYMENT DUE DATE TO AVOID LEVY OF FINANCE CHARGES ON NEW TRANSACTIONS DONE AFTER THE STATEMENT DATE THE DIFFERENCE IF ANY BETWEEN THE TOTAL AMOUNT DUE AND THE TOTAL OUTSTANDING IS THE BALANCE ON THE FLEXIPAY ENCASH INSTALLMENTS AS APPLICABLE TO KEEP YOUR CREDIT CARD IN GOOD STANDING YOU HAVE THE OPTION OF PAYING ATLEAST THE MINIMUM AMOUNT DUE ON OR BEFORE THE DUE DATE THE MINIMUM AMOUNT DUE INCLUDES THE EMI ON FLEXIPAY ENCASH INSTALLMENT AMOUNTS 100 OF ALL APPLICABLE TAXES CONTENT OF THIS STATEMENT WILL BE CONSIDERED CORRECT IF NO ERROR IS REPORTED WITHIN 20 DAYS SUBJECT TO MEETING THE ELIGIBLE SPEND AMOUNT THE ANNUAL FEE REVERSAL WILL REFLECT IN YOUR SBI CARD ACCOUNT WITHIN 10 DAYS OF THE FEE BEING LEVIED SAVINGS AND BENEFITS SECTION FOR THIS STATEMENT FOR THIS YEAR FROM THE CARD ISSUE DATE OFFER CASHBACK 0 00 0 00 0 00 PETROL SURCHARGE WAIVER 0 00 0 00 0 00 CARD CASHBACK 130 710 20929 WITH EFFECT FROM TRANSACTIONS DATED 17 NOV 2011 TREATMENT OF EMI BENEFITS SERVICES AVAILED BY THE CARDHOLDER INSTANT INFORMATION 24X7 BY JUST SENDING AN SMS TO 5676791 ONCE THE ACCOUNT TURNS NPA A DAY AFTER THE STATEMENT IS GENERATED POST ACCOUNT SIMPLY BALANCE ENQUIRY AVAILABLE CREDIT CASH LIMIT CLASSIFICATION AS NPA ALL EMI PLANS EXCLUDING RESTRUCTURED PLANS SMS BAL XXXX AVAIL XXXX AVAILABLE ON THE ACCOUNT SHALL BE CLOSED THE PRINCIPAL OUTSTANDING ALONG WITH THE OUTSTANDING INTEREST ACCRUED TILL THE HOTLIST LOST STOLEN CARD LAST PAYMENT STATUS DATE OF SUCH EMI PLANS SHALL BE DEBITED TO THE CREDIT CARD BLOCK XXXX PAYMENT XXXX ACCOUNT APPEAR IN THE SUBSEQUENT MONTHLY STATEMENT SBI CARD REWARD POINT SUMMARY SUBSCRIBE TO ESTATEMENT SHALL BE ENTITLED TO DEMAND IMMEDIATE REPAYMENT OF SUCH REWARD XXXX ESTMT XXXX CONSOLIDATED OUTSTANDING AMOUNTS AS A PART OF THE CREDIT CARD DUPLICATE STATEMENT ACCOUNT THIS BALANCE WILL ATTRACT ALL APPLICABLE CHARGES INCLUDING FINANCE CHARGES AT APPLICABLE INTEREST RATE AS OUTLINED IN THE DSTMT XXXX STATEMENT PERIOD IN MMYY MITC XXXX LAST 4 DIGITS OF THE CARD NO W E F 15 SEP 2025 A REVISED CHEQUE PROCESSING FEE OF RS 200 WILL BE APPLICABLE ON OUTSTANDING PAYMENTS MADE VIA IMPORTANT INFORMATION ON DISPUTED TRANSACTION S CHEQUE THIS REVISION IS REFLECTIVE OF THE INCREASED OPERATIONAL KINDLY NOTE THAT THIS TEMPORARY CREDIT T HAS BEEN RENDERED TO COST ASSOCIATED WITH OFFLINE PAYMENT MODES PAYMENTS MADE YOU IN THE INTERIM AND THOUGH THE AMOUNT IS INCLUDED IN YOUR THROUGH DIGITAL CHANNELS SUCH AS UPI BBPS NEFT ETC WILL AVAILABLE CREDIT LIMIT YOU WILL NOT BE ABLE TO SPEND THE AMOUNT CONTINUE TO BE FREE OF ANY ADDITIONAL CHARGES WE ENCOURAGE OUR WHILE THE DISPUTE IS STILL UNDER INVESTIGATION CARDHOLDERS TO EXPLORE DIGITAL MODES FOR HASSLE FREE PAYMENTS AS WE ARE DEPENDENT ON FEEDBACK FROM EXTERNAL PARTIES SUCH AS FASTER CREDITS ACQUIRING BANK CLOSURE OF SUCH DISPUTES MAY TAKE UP TO A MAXIMUM OF 120 DAYS FROM DATE OF INITIATION OF INVESTIGATION IMPORTANT NOTES POST COMPLETION OF THE INVESTIGATION IN CASE THE DISPUTE IS NOT CLOSED IN CARDHOLDER S FAVOR THE TEMPORARY CREDIT SHALL BE DESCRIPTION OF SERVICES CREDIT CARD SERVICES REVERSED AND CORRESPONDING DEBIT ENTRY SHALL REFLECT ON THE HSN CODE 997113 CARD ACCOUNT HOWEVER IN CASE THE DISPUTE GETS RESOLVED IN DECLARATION WE HEREBY DECLARE THAT THE TAX IN RELATION TO THIS FAVOR OF THE CARDHOLDER THE TEMPORARY CREDIT SHALL BE STATEMENT IS NOT PAYABLE UNDER REVERSE CHARGE MECHANISM REGULARIZED AND REPLACED BY A PERMANENT CREDIT REWARD POINTS NAME AND THE ADDRESS OF THE SUPPLIER SBI CARDS AND PAYMENT FOR THE DISPUTED TRANSACTION WILL BE DEBITED IN CASE THE DISPUTE IS SERVICES LIMITED SBI CARD DLF CYBER CITY TOWER C CLOSED IN CARDHOLDERS FAVOR FURTHER ANY CHARGES LEVIED ON THE BLOCK 2 BUILDING 3 DLF INFINITY TOWERS 12TH FLOOR GURUGRAM DISPUTED TRANSACTION DURING THE PERIOD OF INVESTIGATION WILL BE HR 122002 REVERSED HOWEVER SAME WILL BE BILLED IN THE SUBSEQUENT CARD STATEMENT INCASE THE DISPUTE IS NOT CLOSED IN CARDHOLDERS FAVOR LOG ONTO SBICARD COM TO VIEW THE MOST IMPORTANT TERMS ALL TRANSACTION DISPUTES ARE RESOLVED AS PER THE NETWORK CONDITIONS UPDATED INFORMATION ON ALL ONGOING OFFERS VISA MASTERCARD RUPAY AMEX GUIDELINES YOU WILL RECEIVE CONTINUOUS UPDATES ON STATUS OF THE DISPUTE SBI CARD SBICPSL IS A CORPORATE AGENT OF ROYAL SUNDARAM GENERAL INSURANCE CO LIMITED SBI GENERAL INSURANCE THE INTEREST AMOUNT CHARGEABLE IN THE 1ST EMI WILL BE CALCULATED COMPANY LIMITED AND SBI LIFE INSURANCE COMPANY LIMITED FOR THE PERIOD BETWEEN PLAN OPEN DATE ENCASH ENCASH INLINE BT VIDE IRDAI REGISTRATION CODE CA0075 INSURANCE IS THE ON EMI FLEXIPAY BOOKING CONFIRMATION DATE MERCHANT EMI SUBJECT MATTER OF SOLICITATION AND THE PAYMENT DUE DATE PDD AS PER THE CREDIT CARD STATEMENT CYCLE FROM 2ND EMI ONWARDS INTEREST WILL BE LEVIED FOR A 30 DAY PERIOD FROM ONE PDD TO THE NEXT PDD HENCE THE 1ST EMI AMOUNT MAY BE DIFFERENT FROM SUBSEQUENT EMIS SAFETY FIRST SBI CARD HAS NOW INTRODUCED OTP FOR 3D SECURE AUTHENTICATION OF ALL ONLINE CREDIT CARD TRANSACTIONS PLEASE ENSURE YOUR CURRENT MOBILE NO IS REGISTERED WITH US PLEASE DO NOT SHARE THIS 6 DIGITS OTP WITH ANYONE SBI CARD NEVER ASKS FOR SUCH INFORMATION IMPORTANT INFORMATION IMPORTANT TERMS CONDITIONS CHARGES CARDHOLDER AGREEMENT PRIVACY POLICY REACH US PAYMENT OPTIONS CKYC CKYC CENTRAL KNOW YOUR CUSTOMER IS A CENTRALIZED DATABASE OF KYC RECORDS OF CUSTOMERS TAKING FINANCIAL SERVICES FROM BANKS NBFCS ETC CKYC IDENTIFIER IS A UNIQUE NUMBER GENERATED FOR AN INDIVIDUAL ON COMPLETING KYC FORMALITIES AT THE TIME OF ACCOUNT OPENING UPDATION TRANSACTIONS THAT REMAIN UNBILLED ON THE STATEMENT DATE WILL REFLECT IN THE NEXT CYCLE YOU CAN CHECK TRANSACTION STATUS AT HTTPS SBICARD COM MOBILE APP OR HTTPS ILA SBICARD COM W E F 1ST NOV 25 THE FOLLOWING CHARGES WILL BE LEVIED ON THE BELOW MENTIONED TRANSACTIONS FOR MORE DETAILS PLEASE REFER THE MOST IMPORTANT TERMS AND CONDITIONS MITC ON WWW SBICARD COM FEE OF 1 OF THE TRANSACTION AMOUNT APPLICABLE ON EDUCATION PAYMENTS MADE THROUGH THIRD PARTY APPS HOWEVER PAYMENTS MADE DIRECTLY TO COLLEGES OR SCHOOLS VIA THEIR WEBSITES OR POS MACHINES WILL NOT ATTRACT ANY FEE FEE OF 1 OF THE TRANSACTION AMOUNT APPLICABLE ON EVERY WALLET LOAD TRANSACTION EXCEEDING RS 1000 DECLARATION I WE HEREBY DECLARE THAT THOUGH OUR AGGREGATE TURNOVER IN ANY PRECEDING FINANCIAL YEAR FROM 2017 18 ONWARDS IS MORE THAN THE AGGREGATE TURNOVER NOTIFIED UNDER SUB RULE 4 OF RULE 48 WE ARE NOT REQUIRED TO PREPARE AN INVOICE IN TERMS OF THE PROVISIONS OF THE SAID SUB RULE VERSION 1 1 OCT 2025 FOR SBI CARDS AND PAYMENT SERVICES LIMITED SBI CARD AUTHORIZED SIGNATORY SCHEDULE OF CHARGES ANNUAL CREDIT CARD NAME RENEWAL FEE RS FEE RS 9 999 WAIVED OFF ON ANNUAL SPENDS OF 12 LAKH OR MORE AURUM 9 999 IN THE PRECEDING YEAR KRISFLYER SBI CARD APEX 9 999 9 999 KRISFLYER SBI CARD 2 999 2 999 2 999 WAIVED OFF ON ANNUAL SPENDS OF 3 LAKH OR MORE SBI CARD PRIME 2 999 IN THE PRECEDING YEAR 2 999 WAIVED OFF ON ANNUAL SPENDS OF 3 LAKH OR MORE SBI CARD PRIME ADVANTAGE 2 999 IN THE PRECEDING YEAR 1 499 WAIVED OFF ON ANNUAL SPENDS OF 2 LAKH OR MORE DOCTOR S SBI CARD 1 499 IN THE PRECEDING YEAR 1 499 WAIVED OFF ON ANNUAL SPENDS OF 1 5 LAKH OR MORE SHAURYA SELECT SBI CARD 1 499 IN THE PRECEDING YEAR 250 WAIVED OFF ON ANNUAL SPENDS OF 50 000 OR MORE SHAURYA SBI CARD 250 IN THE PRECEDING YEAR 1 499 WAIVED OFF ON ANNUAL SPENDS OF 2 LAKH OR MORE IN SBI CARD PULSE 1 499 THE PRECEDING YEAR 999 WAIVED OFF ON ANNUAL SPENDS OF 2 LAKH OR MORE 999 CASHBACK SBI CARD IN THE PRECEDING YEAR 499 WAIVED OFF ON ANNUAL SPENDS OF 1 LAKH OR MORE SIMPLYCLICK SBI CARD 499 IN THE PRECEDING YEAR 499 WAIVED OFF ON ANNUAL SPENDS OF 1 LAKH OR MORE IN SIMPLYCLICK ADVANTAGE SBI CARD 499 THE PRECEDING YEAR 499 WAIVED OFF ON ANNUAL SPENDS OF 1 LAKH OR MORE SIMPLYSAVE SBI CARD 499 IN THE PRECEDING YEAR 499 WAIVED OFF ON ANNUAL SPENDS OF 1 LAKH OR MORE SIMPLYSAVE ADVANTAGE SBI CARD 499 IN THE PRECEDING YEAR SBI CARD UNNATI NIL 499 5TH YEAR ONWARDS 499 WAIVED OFF ON ANNUAL SPENDS OF 30 000 OR MORE IN KRISHAK UNNATI SBI CARD NIL THE PRECEDING YEAR ADITYA BIRLA SBI CARD 499 499 ADITYA BIRLA SBI CARD SELECT 1 499 1 499 AIR INDIA SBI PLATINUM CARD 1 499 1 499 AIR INDIA SBI SIGNATURE CARD 4 999 4 999 499 WAIVED OFF ON ANNUAL SPENDS OF 1 LAKH OR MORE APOLLO SBI CARD 499 IN THE PRECEDING YEAR 499 WAIVED OFF ON ANNUAL SPENDS OF 1 LAKH OR MORE IN BPCL SBI CARD 499 THE PRECEDING YEAR 1 499 WAIVED OFF ON ANNUAL SPENDS OF 2 LAKH OR MORE BPCL SBI CARD OCTANE 1 499 IN THE PRECEDING YEAR CLUB VISTARA SBI CARD PRIME 2 999 2 999 CLUB VISTARA SBI CARD 1 499 1 499 499 WAIVED OFF ON ANNUAL SPENDS OF 1 LAKH OR MORE DELHI METRO SBI CARD 499 IN THE PRECEDING YEAR ETIHAD GUEST SBI CARD 1 499 1 499 ETIHAD GUEST SBI PREMIER CARD 4 999 4 999 499 WAIVED OFF ON ANNUAL SPENDS OF 1 LAKH OR MORE FABINDIA SBI CARD 499 IN THE PRECEDING YEAR 1 499 WAIVED OFF ON ANNUAL SPENDS OF 2 LAKH OR MORE FABINDIA SBI CARD SELECT 1 499 IN THE PRECEDING YEAR IRCTC SBI CARD 500 500 1 499 WAIVED OFF ON ANNUAL SPENDS OF 2 LAKH OR MORE IRCTC SBI CARD PREMIER 1 499 IN THE PRECEDING YEAR LIFESTYLE HOME CENTRE SBI CARD MAX SBI 499 499 CARD SPAR SBI CARD LIFESTYLE HOME CENTRE SBI CARD PRIME 2 999 2 999 MAX SBI CARD PRIME SPAR SBI CARD PRIME LIFESTYLE HOME CENTRE SBI CARD SELECT 1 499 1 499 MAX SBI CARD SELECT SPAR SBI CARD SELECT 1 499 WAIVED OFF ON ANNUAL SPENDS OF 2 LAKH OR MORE NATURE S BASKET SBI CARD 1 499 IN THE PRECEDING YEAR 4 999 WAIVED OFF ON ANNUAL SPENDS OF 10 LAKH OR MORE NATURE S BASKET SBI CARD ELITE 4 999 IN THE PRECEDING YEAR 499 WAIVED OFF ON ANNUAL SPENDS OF 1 LAKH OR MORE IN OLA MONEY SBI CARD NIL THE PRECEDING YEAR PAYTM SBI CARD 499 499 1 499 WAIVED OFF ON ANNUAL SPENDS OF 2 LAKH OR MORE IN PAYTM SBI CARD SELECT 1 499 THE PRECEDING YEAR 499 WAIVED OFF ON ANNUAL SPENDS OF 1 LAKH OR MORE IN YATRA SBI CARD 499 THE PRECEDING YEAR 2 999 WAIVED OFF ON ANNUAL SPENDS OF 3 LAKH OR MORE CITY UNION BANK SBI CARD PRIME 2 999 IN THE PRECEDING YEAR CITY UNION BANK SIMPLYSAVE SBI 499 499 WAIVED OFF ON ANNUAL SPENDS OF 1 LAKH OR MORE CARD IN THE PRECEDING YEAR 2999 WAIVED OFF ON ANNUAL SPENDS OF 3 LAKH OR MORE KARNATAKA BANK SBI CARD PRIME 2 999 IN THE PRECEDING YEAR 499 WAIVED OFF ON ANNUAL SPENDS OF 1 LAKH OR MORE KARNATAKA BANK SIMPLYSAVE SBI 499 IN THE PRECEDING YEAR CARD 2 999 WAIVED OFF ON ANNUAL SPENDS OF 3 LAKH OR MORE PSB SBI CARD PRIME 2 999 IN THE PRECEDING YEAR 4 999 WAIVED OFF ON ANNUAL SPENDS OF 10 LAKH OR MORE PSB SBI CARD ELITE 4 999 IN THE PRECEDING YEAR 499 WAIVED OFF ON ANNUAL SPENDS OF 1 LAKH OR MORE PSB SIMPLYSAVE SBI CARD 499 IN THE PRECEDING YEAR 499 499 WAIVED OFF ON ANNUAL SPENDS OF 1 LAKH OR MORE UCO BANK SIMPLYSAVE SBI CARD IN THE PRECEDING YEAR 2 999 WAIVED OFF ON ANNUAL SPENDS OF 3 LAKH OR MORE 2 999 UCO BANK SBI CARD PRIME IN THE PRECEDING YEAR UCO BANK SBI CARD ELITE 4 999 4 999 WAIVED OFF ON ANNUAL SPENDS OF 10 LAKH OR MORE IN THE PRECEDING YEAR SIMPLYSAVE MERCHANT SBI CARD NIL NIL 499 WAIVED OFF ON ANNUAL SPENDS OF 1 LAKH OR MORE RELIANCE SBI CARD 499 IN THE PRECEDING YEAR 2 999 WAIVED OFF ON ANNUAL SPENDS OF 3 LAKH OR MORE RELIANCE SBI CARD PRIME 2 999 IN THE PRECEDING YEAR 2 999 WAIVED OFF ON ANNUAL SPENDS OF 3 LAKH OR MORE TITAN SBI CARD 2 999 IN THE PRECEDING YEAR 1 499 WAIVED OFF ON ANNUAL SPENDS OF 6 LAKH OR MORE SBI CARD MILES 1 499 IN THE PRECEDING YEAR 2 999 WAIVED OFF ON ANNUAL SPENDS OF 10 LAKH OR MORE SBI CARD MILES PRIME 2 999 IN THE PRECEDING YEAR 4 999 WAIVED OFF ON ANNUAL SPENDS OF 15 LAKH OR MORE 4 999 SBI CARD MILES ELITE IN THE PRECEDING YEAR SHAURYA SELECT NIL NIL SOUTH INDIAN BANK SBI PLATINUM 2 999 2 999 CREDIT CARD SOUTH INDIAN BANK SIMPLYSAVE SBI 499 WAIVED OFF ON ANNUAL SPENDS OF RS 1 LAKH OR MORE 499 CARD IN THE PRECEDING YEAR KVB SBI SIGNATURE CARD 4 999 4 999 KARUR VYSYA BANK SBI PLATINUM 2 999 2 999 CREDIT CARD 499 WAIVED OFF ON ANNUAL SPENDS OF RS 1 LAKH OR MORE KARUR VYSYA BANK SBI CARD 499 IN THE PRECEDING YEAR CENTRAL SBI SELECT CARD 750 750 CENTRAL SBI SELECT CARD 2999 2999 FBB SBI STYLEUP CARD 499 499 IRCTC SBI PLATINUM CARD 500 500 2 999 WAIVED OFF ON ANNUAL SPENDS OF 3 LAKH OR MORE IN SOUTH INDIAN BANK SBI CARD PRIME 2 999 THE PRECEDING YEAR 4 999 WAIVED OFF ON ANNUAL SPENDS OF 10 LAKH OR MORE KVB SBI CARD ELITE 4 999 IN THE PRECEDING YEAR 2 999 WAIVED OFF ON ANNUAL SPENDS OF 3 LAKH OR MORE IN KVB SBI CARD PRIME 2 999 THE PRECEDING YEAR KVB SIMPLYSAVE SBI CARD 499 499 WAIVED OFF ON ANNUAL SPENDS OF 1 LAKH OR MORE IN THE PRECEDING YEAR SBI CARD ELITE 4 999 WAIVED OFF ON ANNUAL SPENDS OF 10 LAKH OR MORE 4 999 IN THE PRECEDING YEAR SBI CARD ELITE ADVANTAGE 4 999 4 999 WAIVED OFF ON ANNUAL SPENDS OF 10 LAKH OR MORE IN THE PRECEDING YEAR SBI CARD PRIME NRI SECURED 1 500 1 500 499 499 WAIVED OFF ON ANNUAL SPENDS OF RS 1 LAKH OR MORE TATA NEU PLUS SBI CREDIT CARD IN THE PRECEDING YEAR 1 499 WAIVED OFF ON ANNUAL SPENDS OF RS 3 LAKH OR 1 499 TATA NEU INFINITY SBI CREDIT CARD MORE IN THE PRECEDING YEAR 1 499 1 499 WAIVED OFF ON ANNUAL SPENDS OF RS 3 LAKH OR APOLLO SBI CARD SELECT MORE IN THE PRECEDING YEAR BANK OF MAHARASHTRA SBI CARD 4 999 WAIVED OFF ON ANNUAL SPENDS OF RS 10 LAKH OR 4 999 ELITE MORE IN THE PRECEDING YEAR BANK OF MAHARASHTRA SBI CARD 2 999 WAIVED OFF ON ANNUAL SPENDS OF RS 3 LAKH OR MORE 2 999 PRIME IN THE PRECEDING YEAR BANK OF MAHARASHTRA SIMPLYSAVE 499 WAIVED OFF ON ANNUAL SPENDS OF RS 1 LAKH OR MORE 499 SBI CARD IN THE PRECEDING YEAR 499 WAIVED OFF ON ANNUAL SPENDS OF RS 1 LAKH OR MORE PHONEPE SBI CARD PURPLE 499 IN THE PRECEDING YEAR PHONEPE SBI CARD SELECT 1 499 WAIVED OFF ON ANNUAL SPENDS OF RS 3 LAKH OR MORE 1 499 BLACK IN THE PRECEDING YEAR 500 WAIVED OFF ON ANNUAL SPENDS OF RS 3 5 LAKH OR 500 FLIPKART SBI CARD MORE IN THE PRECEDING YEAR INDIGO SBI CARD ELITE 4 999 4 999 INDIGO SBI CARD 1 499 1 499 EXTENDED CREDIT 20 50 DAYS APPLICABLE ONLY ON RETAIL PURCHASES AND INTEREST FREE CREDIT PERIOD IF PREVIOUS MONTH S OUTSTANDING BALANCE IS PAID IN FULL 3 75 P M 45 P A FOR UNSECURED CARDS 2 75 P M FINANCE CHARGES 33 P A FOR SHAURYA DEFENCE CARDS AND SECURED CARDS MINIMUM FINANCE CHARGES 25 MINIMUM AMOUNT DUE 100 OF GST 100 OF EMI AMOUNT 100 OF FEES CHARGES 100 OF FINANCE CHARGES OVERLIMIT AMOUNT IF ANY 2 OF REMAINING BALANCE OUTSTANDING CASH ADVANCE CASH ADVANCE LIMIT CASH ADVANCE LIMIT IS A PART OF THE OVERALL CREDIT LIMIT CASH ADVANCE LIMIT IS INDICATED IN THE MONTHLY CARD STATEMENT MAX CASH WITHDRAWAL LIMIT IS RS 15 000 PER DAY ON MCC 6011 ATM WITHDRAWALS SUBJECT TO CASH ADVANCE LIMIT AVAILABILITY CASH ADVANCE IS NOT AVAILABLE FOR MCC 6010 OVER THE COUNTER CASH DISBURSEMENT FREE CREDIT PERIOD NIL FINANCE CHARGES 3 75 P M 45 P A FOR UNSECURED CARDS 2 75 P M 33 P A FOR SHAURYA DEFENCE CARDS AND SECURED CARDSTHE ABOVE MENTIONED CHARGES WILL BE APPLICABLE FROM THE DATE OF CASH WITHDRAWAL MINIMUM FINANCE CHARGES 25 CASH ADVANCE FEES SBI ATMS OTHER DOMESTIC ATMS 2 5 OF TRANSACTION AMOUNT SUBJECT TO A MINIMUM OF 500 INTERNATIONAL ATMS 2 5 OF TRANSACTION AMOUNT SUBJECT TO A MINIMUM OF 500 OTHER CHARGES FEES CASH PAYMENT FEE 250 PAYMENT DISHONOR FEE 2 OF PAYMENT AMOUNT SUBJECT TO A MINIMUM OF 500 CHEQUE PAYMENT FEE 200 LATE PAYMENT NIL FOR OUTSTANDING AMOUNT DUE FROM 0 500 400 FOR OUTSTANDING AMOUNT DUE GREATER THAN 500 UPTO 1000 750 FOR OUTSTANDING AMOUNT DUE GREATER THAN 1000 UPTO 10 000 950 FOR OUTSTANDING AMOUNT DUE GREATER THAN 10 000 UPTO 25 000 1100 FOR OUTSTANDING AMOUNT DUE GREATER THAN 25 000 UPTO 50 000 1300 FOR OUTSTANDING AMOUNT DUE GREATER THAN 50 000 ADDITIONAL LATE PAYMENT CHARGES 100 LATE PAYMENT CHARGES ON RE 500 FOR OUTSTANDING AMOUNT DUE GREATER THAN 1000 OVERLIMIT FEE 2 5 OF OVERLIMIT AMOUNT SUBJECT TO A MINIMUM OF RS 600 OVERLIMIT FEE WILL NOT BE REVERSED IN CASE OF TRANSACTION REVERSAL CANCELLATION REFUND CARD REPLACEMENT 100 250 1500 FOR AURUM EMERGENCY CARD REPLACEMENT WHEN ACTUAL COST SUBJECT TO A MINIMUM OF 175 FOR VISA AND 148 ABROAD FOR MASTERCARD FOREIGN CURRENCY TRANSACTION FEE 3 5 FOR ALL CARDS EXCEPT ELITE AURUM AND SBI CARD MILES SBI CARD MILES PRIME SBI CARD MILES ELITE AND TATA NEU INFINITY SBI CREDIT CARD 3 FOR SBI CARD MILES 2 5 FOR SBI CARD MILES PRIME AND 1 99 FOR ELITE AURUM SBI CARD MILES ELITE AND TATA NEU INFINITY SBI CREDIT CARD DYNAMIC CURRENCY CONVERSION FEE 3 5 FOR ALL CARDS EXCEPT ELITE AURUM AND SBI CARD MILES SBI CARD MILES PRIME SBI CARD MILES ELITE AND TATA NEU INFINITY SBI CREDIT CARD 3 FOR SBI CARD MILES 2 5 FOR SBI CARD MILES PRIME AND 1 99 FOR ELITE AURUM SBI CARD MILES ELITE AND TATA NEU INFINITY SBI CREDIT CARD REWARDS REDEMPTION FEE 99 APPLICABLE ONLY ON PHYSICAL PRODUCT STATEMENT FEE CREDIT ON VOUCHERS THAT ARE SENT PHYSICALLY AS SPECIFIED IN THE INDIVIDUAL PRODUCT TERMS CONDITIONS FOR ALL CARDS EXCEPT AURUM UTILITY PAYMENTS FEE W E F 1ST DEC 2024 1 OF TOTAL AMOUNT OF UTILITY PAYMENTS IF THE TOTAL AMOUNT EXCEEDS RS 50 000 IN A BILLING CYCLE FEE ON EDUCATION PAYMENT TRANSACTIONS W E F 1ST NOV 25 1 OF THE TRANSACTION AMOUNT APPLICABLE ON EDUCATION PAYMENTS MADE THROUGH THIRD PARTY APPS HOWEVER PAYMENTS MADE DIRECTLY TO COLLEGES OR SCHOOLS VIA THEIR WEBSITES OR POS MACHINES WILL NOT ATTRACT ANY FEE FEE ON WALLET LOAD TRANSACTIONS W E F 1ST NOV 25 1 OF THE TRANSACTION AMOUNT APPLICABLE ON EVERY WALLET LOAD TRANSACTION EXCEEDING RS 1000 PROCESSING FEE ON ALL RENT PAYMENT 199 PROCESSING FEE WILL NOT BE REVERSED IN CASE OF TRANSACTIONS TRANSACTION REVERSAL CANCELLATION REFUND LOUNGECHARGES ALL AIRPORT LOUNGE VISITS WITHIN INDIA THROUGH INTERNATIONAL LOUNGE ACCESS PROGRAMS LIKE PRIORITY PASS PROGRAM WILL BE CHARGED A USAGE FEE OF UP TO USD 27 PER VISIT APPLICABLE TAXES FOR DETAILS PLEASE VISIT SBICARD COM ALL AIRPORT LOUNGE VISITS OUTSIDE INDIA THROUGH INTERNATIONAL LOUNGE ACCESS PROGRAMS LIKE PRIORITY PASS PROGRAM AFTER EXHAUSTING THE COMPLIMENTARY VISITS WILL BE CHARGED WITH A USAGE FEE OF UP TO USD 27 PER VISIT APPLICABLE TAXES FOR DETAILS PLEASE VISIT SBICARD COM GRACE PERIOD GRACE PERIOD OF 3 DAYS IS ALLOWED FROM THE PAYMENT DUE DATE ON CREDIT CARD ACCOUNTS WHERE PAYMENTS ARE NOT OVERDUE FROM PREVIOUS BILLING CYCLE S THE PAYMENT DUE DATE AS MENTIONED ON THE CREDIT CARD STATEMENT IS THE DATE BY WHICH CLEAR FUNDS MUST BE CREDITED TO THE CREDIT CARD HOWEVER 3 GRACE DAYS ARE PROVIDED TO ACCOMMODATE FOR PROCESSING TIME OF PAYMENTS SURCHARGE RAILWAY TICKETS WWW IRCTC CO IN AS PRESCRIBED BY IRCTC INDIAN RAILWAYS PETROL ALL PRODUCTS SERVICES SOLD 1 OF TRANSACTION AMOUNT ALL APPLICABLE TAXES AT PETROL PUMPS FUEL SURCHARGE IS LEVIED BY ACQUIRING BANK PROVIDING THE TERMINAL TO THE MERCHANT THE TRANSACTION VALUE ON CHARGE SLIP WILL DIFFER FROM CREDIT CARD STATEMENT SINCE THE SURCHARGE GST IS LEVIED BY ACQUIRING BANK ON THE TRANSACTION VALUE 1 FUEL SURCHARGE WAIVER EXCLUDING GST SHALL BE PROVIDED FOR ELIGIBLE TRANSACTION VALUE ON SELECT CARDS FUEL SURCHARGE WAIVER TERMS AND CONDITIONS MAY VARY REFER PRODUCT T CS FOR DETAILS FOR REWARD POINT REDEMPTION YOUR SBI CARD MUST NOT BE OVERDUE SUSPENDED BLOCKED CANCELLED OR TERMINATED BY SBICPSL AT THE TIME OF REDEMPTION REQUEST APPLICABLE TAXES MEANS FOR THE CARDHOLDERS HAVING STATE OF RESIDENCE IN THE RECORDS OF SBI CARD ON THE STATEMENT DATE AS HARYANA CENTRAL TAX 9 AND STATE TAX 9 FOR THE CARDHOLDERS HAVING STATE OF RESIDENCE IN THE RECORDS OF SBI CARD ON THE STATEMENT DATE AS OTHER THAN HARYANA INTEGRATED TAX 18 ALL TRANSACTIONS TOWARDS PAYMENT OF RENT THROUGH ANY MERCHANT WILL BE LEVIED RS 199 APPLICABLE TAXES AS PROCESSING FEE ALL THE TRANSACTIONS IDENTIFIED UNDER MERCHANT CATEGORY CODE MCC 6513 WILL BE CONSIDERED AS RENT PAYMENT TRANSACTIONS IMPORTANT POINTS PAYMENT OF ANY AMOUNT LESSER THAN THE TOTAL AMOUNT DUE IN ANY MONTH RESULTS IN INTEREST ACCRUAL ON THE BALANCE OUTSTANDING AMOUNT INCLUDING ANY NEW PURCHASES AND CASH ADVANCES TO ENJOY THE BENEFIT OF INTEREST FREE PERIOD PLEASE PAY THE TOTAL AMOUNT DUE TAD BEFORE THE PAYMENT DUE DATE PDD FURTHER MAKING ONLY THE MINIMUM PAYMENT EVERY MONTH WOULD RESULT IN THE REPAYMENT STRETCHING OVER MONTHS YEARS WITH CONSEQUENTIAL COMPOUNDED INTEREST PAYMENT ON YOUR OUTSTANDING BALANCE SMA NPA SPECIAL MENTION ACCOUNTS SMA IN FURTHERANCE TO REGULATORY REQUIREMENTS SBI CARD IS REQUIRED TO IDENTIFY INCIPIENT STRESS IN THE ACCOUNT BY CREATING A SUB ASSET CATEGORY VIZ SPECIAL MENTION ACCOUNTS SMA WITH THE THREE SUB CATEGORIES AS GIVEN IN THE TABLE BELOW CREDIT CARDS ARE TREATED AS LOANS OTHER THAN REVOLVING FACILITIES SMA SUB CATEGORIES BASIS FOR CLASSIFICATION PRINCIPAL OR INTEREST PAYMENT OR ANY OTHER AMOUNT WHOLLY OR PARTLY OVERDUE SMA 0 UPTO 30 DAYS FROM PAYMENT DUE DATE PDD SMA 1 MORE THAN 30 DAYS UPTO 60 DAYS FROM PDD SMA 2 MORE THAN 60 DAYS UPTO 90 DAYS FROM PDD EXAMPLE REGARDING CLASSIFICATION OF SMA IF PAYMENT DUE DATE PDD OF A CREDIT CARD ACCOUNT IS 31ST MARCH 2021 AND MINIMUM AMOUNT DUE MAD IS NOT RECEIVED BEFORE THIS DATE THEN AFTER THE DUE DATE THE ACCOUNT WILL BE MENTIONED AS SMA 0 IF THE ACCOUNT CONTINUES TO REMAIN OVERDUE BEYOND 30 DAYS FROM PDD I E BEYOND 30TH APRIL 2021 THEN THIS ACCOUNT SHALL GET TAGGED AS SMA 1 SIMILARLY IF THE ACCOUNT CONTINUES TO REMAIN OVERDUE BEYOND 60 DAYS FROM PDD I E BEYOND 30TH MAY 2021 THEN THIS ACCOUNT SHALL GET TAGGED AS SMA 2 NON PERFORMING ASSET NPA A CREDIT CARD ACCOUNT WILL BE TREATED AS NON PERFORMING ASSET NPA IF THE MINIMUM AMOUNT DUE AS MENTIONED IN THE STATEMENT IS NOT PAID FULLY WITHIN NINETY 90 DAYS FROM THE PDD MENTIONED IN THE STATEMENT FURTHER ANY ACCOUNT WHERE A SETTLEMENT OR RESTRUCTURING ARRANGEMENT HAS BEEN AVAILED WILL BE CLASSIFIED AS NPA AN ACCOUNT CONTINUES TO BE CLASSIFIED AS NPA TILL THE ENTIRE ARREARS OF INTEREST AND PRINCIPAL ARE PAID SETTLEMENT AND RESTRUCTURED ACCOUNTS DO NOT QUALIFY FOR AN UPGRADE FINALLY IF ANY CUSTOMER HAS EVEN ONE CREDIT CARD WITH SBICARD TAGGED AS NPA ALL CARDS OF THE CUSTOMER WILL BE CLASSIFIED AS NPA EXAMPLE REGARDING CLASSIFICATION OF AN ACCOUNT AS NPA IF PAYMENT DUE DATE PDD OF A CREDIT CARD ACCOUNT IS 31ST MARCH 2021 AND MINIMUM AMOUNT DUE AS MENTIONED IN THE STATEMENT HAS NOT BEEN FULLY PAID BY THE CUSTOMER WITHIN A PERIOD OF 90 DAYS FROM THE PDD I E TILL 29TH JUNE 2021 THEN THE LENDER SHALL CONSIDER THE CREDIT CARD ACCOUNT AS NPA AS PER RECENT RBI GUIDELINES CHEQUES SHOULD HAVE NO CORRECTIONS ON THE PAYEE NAME AMOUNT EITHER IN WORDS OR FIGURES HENCE WE REQUEST YOU TO TAKE CARE AT THE TIME OF ISSUING CHEQUES AGAINST YOUR SBI CARD DUES IN ORDER TO AVOID ANY INCONVENIENCE CHARGES INCASE OF ANY TRANSACTION DISPUTE PLEASE SEND A SIGNED DISPUTE FORM WITHIN 25 DAYS FROM DATE OF TRANSACTION TO CHARGEBACK SBICARD COM NO NEW STATEMENT WILL BE SENT IN CASE OF CREDIT BALANCE AND NO NEW TRANSACTION ON THE ACCOUNT WITHIN 30 DAYS OF THE LAST STATEMENT SBI CARDS MAY NOT APPROVE HIGH RISK TRANSACTIONS E G JEWELLERY ETC TO PREVENT MISUSE OR POTENTIAL FRAUD ON YOUR SBI CARD SBI CARD DISCLOSES INFORMATION REGARDING YOUR ACCOUNT TO CREDIT INFORMATION BUREAUS AGENCIES ON A REGULAR BASIS AS MANDATED BY RBI IN THE EVENT OF NON PAYMENT OF AT LEAST THE MINIMUM AMOUNT DUE BY THE PAYMENT DUE DATE YOUR CARD ACCOUNT WILL BE REPORTED AS DEFAULT TO CREDIT INFORMATION BUREAUS AGENCIES CARDHOLDERS WITH ACTIVE CREDIT CARDS WITH IDENTICAL BILLING CYCLE WILL BE ASSIGNED THE SAME BILLING CYCLE FOR ANY NEW CARD ISSUANCE BILLING CYCLE OF NEW CREDIT CARD S FOR CARDHOLDERS WITH ONLY ONE ACTIVE CREDIT CARD WILL BE SAME AS THE EXISTING CARD LET S CONNECT LET S SIMPLIFY BY PHONE FOR ALL CARD EXCEPT AURUM 39 02 02 02 PREFIX LOCAL STD CODE OR 1860 180 1290 FOR ALL CARD EXCEPT AURUM CUSTOMERCARE SBICARD COM BY E MAIL FOR ALL CARD EXCEPT AURUM LOG ON TO WWW SBICARD COM AND REGISTER BY WEB BY LETTER WRITE TO US AT MANAGER CUSTOMER CORRESPONDENCE UNIT DLF INFINITY TOWERS TOWERC 12TH FLOOR BLOCK 2 BUILDING 3 DLF CYBER CITY GURUGRAM 122002 HARYANA INDIA OR POST BAG NO 28 GPO NEW DELHI 110001 CUSTOMER GRIEVANCE REDRESSAL ALL GRIEVANCE ESCALATIONS SHOULD BE MARKED TO MR PROSENJIT DHAR NODAL OFFICER SBI CARDS AT ABOVE ADDRESS OR VIA EMAIL AT NODALOFFICER SBICARD COM IF CONCERN NOT RESOLVED WITHIN 15 DAYS YOU MAY APPROACH MR MANISH DEWAN HEAD CUSTOMER SERVICES AT CUSTOMERSERVICEHEAD SBICARD COM BILLING AND STATEMENT SBICPSL WILL SEND THE CARDHOLDER A MONTHLY STATEMENT SHOWING THE PAYMENTS CREDITED AND THE TRANSACTIONS DEBITED TO THE CARDHOLDER S ACCOUNT SINCE THE LAST STATEMENT PROVIDED THE CARD HAS BEEN ACTIVE DURING THE SAID PERIOD SBICPSL WILL EITHER MAIL A STATEMENT OF TRANSACTIONS IN THE CARD ACCOUNT TO THE MAILING ADDRESS IT HAS ON RECORD OR SEND A STATEMENT THROUGH EMAIL TO THE EMAIL ID ON RECORD ON A PRE DETERMINED DATE WAYS TO MAKE PAYMENT FOR YOUR SBI CREDIT CARD PAY VIA STANDING INSTRUCTION E NACH ENROLL FOR E NACH FOR AUTOMATED AND HASSLE FREE BILL PAYMENTS EVERY MONTH YOUR CARD DUES WILL BE DEDUCTED DIRECTLY FROM YOUR BANK ACCOUNT ON THE PAYMENT DUE DATE FOR MORE DETAILS VISIT WWW SBICARD COM PAY VIA UPI YOU CAN PAY YOUR BILL FASTER VIA UPI PAYMENT MODE ON SBI CREDIT CARD APP OR ON WEBSITE USING QR CODE NEFT NATIONAL ELECTRONIC FUNDS TRANSFER PAY YOUR SBI CREDIT CARD OUTSTANDING USING NEFT AND GET INSTANT CREDIT TO YOUR CARD ACCOUNT 24X7 USE YOUR 15 16 DIGIT CREDIT CARD NUMBER AS BENEFICIARY A C IFSC CODE SBIN00CARDS TO REGISTER YONO BY SBI PAY YOUR SBI CREDIT CARD BILLS WITH YONO BY SBI APP AND GET INSTANT CREDIT IN YOUR SBI CARD ACCOUNT PAYNET CLICK ON PAYNET AT WWW SBICARD COM TO MAKE YOUR PAYMENT ONLINE THROUGH NETBANKING OR YOUR SBI ATM CUM DEBIT CARD PAYMENT WILL REFLECT INSTANTLY ON YOUR SBI CREDIT CARD ACCOUNT FOR BANK DETAILS PLEASE LOG ONTO WWW SBICARD COM DEBIT CARD PAYMENT PAY ONLINE USING SELECTED BANKS DEBIT CARD PAYMENT WILL REFLECT INSTANTLY ON YOUR SBI CREDIT CARD ACCOUNT FOR MORE DETAILS VISIT WWW SBICARD COM VISA CREDIT CARD PAY USE VISA CREDIT CARD PAY TO PAY YOUR SBI CREDIT CARD BILL YOUR PAYMENT WILL BE CREDITED INSTANTLY AUTO DEBIT AUTHORIZE SBI CARD TO DEBIT YOUR BANK ACCOUNT SAVINGS CURRENT BY FILLING THE AUTO DEBIT MANDATE AVAILABLE AT SELECTED BANKS FOR MORE DETAILS VISIT WWW SBICARD COM MASTERCARD MONEYSEND DOWNLOAD ANY AUTHORIZED THIRD PARTY PAYMENT APP USE A PLATFORM THAT SUPPORTS THE MASTERCARD MONEYSEND PAYMENT MODE YOUR PAYMENT WILL BE CREDITED INSTANTLY TO YOUR CREDIT CARD ACCOUNT BBPS VISIT THE SBI UNIPAY WEBSITE TO PAY YOUR CREDIT CARD BILL CONVENIENTLY AND SECURELY THROUGH BHARAT BILL PAYMENT SYSTEM OTC PAY YOUR SBI CREDIT CARD DUES OVER THE COUNTER AT ANY SBI BRANCH IN INDIA ATM PAY AT ANY SBI ATM WITH YOUR SBI DEBIT CARD THIS SERVICE IS AVAILABLE AT ALL SBI ATMS ACROSS INDIA CHEQUE PAY YOUR SBI CREDIT CARD DUES THROUGH CHEQUE YOU CAN DROP YOUR CHEQUE AT ANY OF THE SBI CARD DROP BOXES AVAILABLE ACROSS INDIA IMPS PAY YOUR SBI CREDIT CARD OUTSTANDING USING IMPS AND GET INSTANT CREDIT TO YOUR CARD ACCOUNT 24X7 USE COUNTRY CODE 91 REGISTERED MOBILE NUMBER ALONG LAST 4 DIGIT OF CARD NUMBER WITH IFSC CODE SBIN00CARDS NOTE FOR SMOOTH PROCESSING OF PAYMENT MADE TOWARDS YOUR CARD OUTSTANDING PLEASE AVOID USING PAYMENT MODES NOT ADVISED BY SBI CARD TO KNOW MORE ABOUT THE WAYS TO MAKE PAYMENT PLEASE VISIT HTTPS SBICARD COM EN PERSONAL PAY PAGE IMPORTANT COMMUNICATION ON PAYMENT DECLINE AS PER SBI CARD INTERNAL POLICY PAYMENTS MADE BY CUSTOMER THROUGH ANY INSTANT CHANNEL NEFT VISA MONEY TRANSFER MASTERCARD MONEYSEND BBPS PAYNET DEBIT CARD OR UPI WILL BE DECLINED IF THE AMOUNT PAID IS MORE THAN THE CURRENT OUTSTANDING HENCE CUSTOMERS ARE ADVISED NOT TO MAKE EXCESS PAYMENT TOWARDS THEIR CREDIT CARD AN ILLUSTRATION OF THE FINANCE CHARGE CALCULATION STATEMENT DATE IS 2ND OF EVERY MONTH AND PAYMENT DUE DATE IS 22ND OF EVERY MONTH THE INTEREST FREE PERIOD IS FROM THE 3RD OF EVERY MONTH TO 22ND OF THE NEXT MONTH PROVIDED THE PREVIOUS OUTSTANDING BALANCE IS PAID IN FULL MAKING ONLY THE MINIMUM PAYMENT EVERY MONTH WOULD RESULT IN THE REPAYMENT STRETCHING OVER YEARS WITH CONSEQUENT INTEREST PAYMENT ON YOUR OUTSTANDING BALANCE CARDHOLDER MAKES A RETAIL PURCHASE OF 1 200 ON 30TH APRIL THEREFORE THE TOTAL AMOUNT DUE ON THE STATEMENT DATED 2ND MAY IS 1 200 TO BE PAID BEFORE 22ND MAY ON 21ST MAY THE CARDHOLDER PAYS MINIMUM AMOUNT DUE OF 200 ON 25TH MAY CARDHOLDER MAKES A FRESH PURCHASE OF 1 000 STATEMENT DATED 2ND JUNE WOULD SHOW THE FOLLOWING COMPONENTS A FINANCE CHARGE CALCULATED OUTSTANDING AMOUNT X 3 75 X 12 MONTHS X NO OF DAYS 365 FINANCE CHARGE ON 1 200 FROM 30TH APRIL TO 20TH MAY 21 DAYS 31 07 FINANCE CHARGE ON 1 000 FROM 21ST MAY TO 2ND JUNE 13 DAYS 16 03 FINANCE CHARGE ON 1 000 OF FRESH PURCHASE FROM 25TH MAY TO 2ND JUNE 9 DAYS 11 10 TOTAL FINANCE CHARGE FOR 2ND JUNE CYCLE 58 19 B TOTAL PRINCIPAL AMOUNT OUTSTANDING 2 000 BALANCE 1 000 OUTSTANDING FROM LAST MONTH S BILLING PERIOD 1 000 FRESH PURCHASE HENCE TOTAL AMOUNT DUE A B APPLICABLE TAXES IF MINIMUM AMOUNT DUE OF 200 IS NOT PAID BY DUE DATE OF 22ND MAY LATE PAYMENT CHARGES AS APPLICABLE WOULD BE LEVIED KRISHAK UNNATI SBI CARD CUSTOMERS PLEASE REFER TO BELOW TABLE PLEASE NOTE THAT THE FOLLOWING FEES AND CHARGES ARE NOT APPLICABLE FOR KRISHAK UNNATI SBI CARD CASH ADVANCE FEE NO CASH LIMIT ALLOCATED FOREX MARKUP INTERNATIONAL USAGE NOT ALLOWED CASH PAYMENT FEE FINANCE CHARGES LATE PAYMENT CHARGES PAYMENT DISHONOR FEE CARD REPLACEMENT FEE CHEQUE FEE CHEQUE PICKUP FEE STATEMENT RETRIEVAL FEE OVERLIMIT FEE REWARD REDEMPTION FEE SURCHARGES AND OTHER DUTIES ALONG WITH APPLICABLE TAXES WILL BE APPLICABLE THIS CARD DOES NOT OFFER CARDHOLDER A REVOLVING CREDIT FACILITY CARDHOLDER HAS TO PAY TOTAL AMOUNT DUE PRINTED ON THE STATEMENT SIMPLYSAVE MERCHANT SBI CARD IS A CHARGE CARD THIS CARD DOES NOT OFFER CARDHOLDER A REVOLVING CREDIT FACILITY CARDHOLDER HAS TO PAY TOTAL AMOUNT DUE PRINTED ON THE STATEMENT FOR THE PURPOSES OF SIMPLYSAVE MERCHANT SBI CARD ONLY THE TOTAL AMOUNT DUE TAD WILL BE CONSTRUED TO BE EQUAL TO THE MINIMUM AMOUNT DUE MAD ORDER OF PAYMENT SETTLEMENT PAYMENT RECEIVED AGAINST THE CARDHOLDER S OUTSTANDING WILL BE ADJUSTED AGAINST 100 OF GST 100 OF EMI AMOUNT 100 OF FEES CHARGES 100 OF FINANCE CHARGES BALANCE TRANSFER RETAIL SPENDS AND CASH ADVANCE IN THAT ORDER UTILITY PAYMENTS SHALL BE IDENTIFIED UNDER MERCHANT CATEGORY CODE MCC 4900 ON BEST EFFORT BASIS THE MCCS ARE DEFINED BY THE NETWORK PARTNERS AND ARE SUBJECT TO CHANGE BASIS THEIR DISCRETION AND SUCH CHANGES SHALL BE IMPLEMENTED BASIS COMMUNICATION FROM THE NETWORKS WITHOUT ANY REQUIREMENT FOR INTIMATION INFORMATION TO THE CUSTOMERS IDENTIFIED UNDER MERCHANT CATEGORY CODE MCC 8211 8220 8241 8244 8249 AND 8299 ON BEST EFFORT BASIS THIRD PARTY APPS LIKE BUT NOT LIMITED TO CRED CHEQ MOBIKWIK ETC IDENTIFIED UNDER MERCHANT CATEGORY CODE MCC 6540 AND 6541 ON BEST EFFORT BASIS THE MCCS ARE DEFINED BY THE NETWORK PARTNERS AND ARE SUBJECT TO CHANGE BASIS THEIR DISCRETION AND SUCH CHANGES SHALL BE IMPLEMENTED BASIS COMMUNICATION FROM THE NETWORKS WITHOUT ANY REQUIREMENT FOR INTIMATION INFORMATION TO THE CUSTOMERS PAYMENTS AND COMBINED CREDIT LIMIT IF A CUSTOMER HOLDS MULTIPLE SBI CREDIT CARDS THE CREDIT LIMIT MAY BE SHARED ACROSS THESE CARDS AT THE CUSTOMER LEVEL AS APPROVED BY THE SBI CARD AT ITS SOLE DISCRETION AND IN ACCORDANCE WITH ITS INTERNAL POLICIES THE COMBINED USAGE ACROSS ALL SBI CARD CREDIT CARDS WILL BE RESTRICTED TO THE SHARED CREDIT LIMIT ASSIGNED PAYMENTS AGAINST THE MONTHLY CARD STATEMENT MUST BE MADE SEPARATELY FOR EACH CARD BASED ON THE AMOUNT REFLECTED IN THE RESPECTIVE STATEMENT IF ONE CARD HAS A CREDIT BALANCE EXCESS PAYMENT IT WILL NOT BE SET OFF AGAINST THE OUTSTANDING BALANCE ON OTHER CARD S NON PAYMENT OF THE OUTSTANDING AMOUNT BY THE PAYMENT DUE DATE WILL ATTRACT APPLICABLE CHARGES IN ACCORDANCE WITH THE MOST IMPORTANT TERMS AND CONDITIONS MITC,"ZOMATO LIMITED Gurugram IN Transactions highlighted in grey color, if any, do not form part of Purchases & Other Debits; #Transactions fully/partially converted to Flexipay/Encash/Merchant EMI. C=Credit ; D=Debit; EN=Encash; FP=Flexipay; EMD=Easy Money Draft; BT=Balance Transfer; M=Monthly Installments; TAD=Total Amount Due; T=Temporary Credit. Important Messages W.e.f. 1st May 2026, Late Payment Charges (LPC) will be revised to Rs.100 for Outstanding Amount Due greater than Rs.100 up to Rs.500, and Rs.500 for Outstanding Amount Due greater than Rs.500 up to Rs.1,000. *Total Amount Due (TAD) needs to be paid by payment due date to avoid levy of finance charges on new transactions done after the statement date.The difference,if any, between the Total Amount Due and the Total Outstanding is the balance on the Flexipay/Encash/Installments as applicable.** To keep your credit card in good standing,you have the option of paying atleast the minimum amount due on or before the due date.The Minimum Amount Due includes the EMI on Flexipay/Encash/Installment amounts & 100% of all applicable taxes.Content of this statement will be considered correct if no error is reported within 20 days.Subject to meeting the eligible spend amount,the Annual Fee reversal will reflect in your SBI Card account within 10 days of the fee being levied. SAVINGS AND BENEFITS SECTION For this statement For this year From the card issue date Offer Cashback ( ` )# 0.00 0.00 0.00 Petrol Surcharge Waiver( ` )# 0.00 0.00 0.00 Card Cashback ( ` )# 130 710 20929 # with effect from transactions dated 17-Nov-2011. Treatment of EMI benefits / services availed by the cardholder Instant information 24X7, by just sending an SMS to 5676791 once the account turns NPA : A day after the statement is generated post account Simply Balance Enquiry: Available Credit & Cash limit: classification as NPA, all EMI plans (excluding restructured plans) SMS BAL XXXX AVAIL XXXX available on the account shall be closed & the principal outstanding along with the outstanding interest accrued till the Hotlist Lost/Stolen Card: Last Payment Status: date of such EMI plans shall be debited to the Credit Card BLOCK XXXX PAYMENT XXXX Account & appear in the subsequent monthly statement. SBI Card Reward Point Summary: Subscribe to Estatement: shall be entitled to demand immediate repayment of such REWARD XXXX ESTMT XXXX consolidated outstanding amounts. As a part of the Credit Card Duplicate Statement: Account, this balance will attract all applicable charges (including finance charges at applicable interest rate) as outlined in the DSTMT XXXX Statement Period in MMYY MITC. XXXX = Last 4 Digits of the Card No. W.e.f. 15 Sep 2025, a revised ‘Cheque Processing Fee’ of Rs. 200 will be applicable on outstanding payments made via Important Information on Disputed Transaction(s): Cheque. This revision is reflective of the increased operational •Kindly note that this temporary credit (T) has been rendered to cost associated with offline payment modes. Payments made you in the interim and though the amount is included in your through digital channels such as UPI, BBPS, NEFT, etc will available credit limit, you will not be able to spend the amount continue to be free of any additional charges. We encourage our while the dispute is still under investigation. cardholders to explore digital modes for hassle-free payments & •As we are dependent on feedback from external parties such as faster credits. acquiring bank, closure of such disputes may take up to a maximum of 120 days from date of initiation of investigation. Important Notes •Post completion of the investigation, in case the dispute is not closed in cardholder’s favor, the temporary credit shall be •Description of Services :- Credit Card Services reversed and corresponding debit entry shall reflect on the •HSN Code : 997113 card account. However, in case the dispute gets resolved in •Declaration : We hereby declare that the tax in relation to this favor of the cardholder, the temporary credit shall be statement is not payable under reverse charge mechanism regularized and replaced by a permanent credit. Reward Points •Name and the address of the supplier : SBI Cards and Payment for the disputed transaction will be debited in case the dispute is Services Limited (SBI Card) , DLF Cyber City, Tower C, closed in cardholders favor. Further any charges levied on the Block 2, Building 3 DLF Infinity Towers,12th Floor, Gurugram, disputed transaction during the period of investigation will be HR - 122002 reversed,however same will be billed in the subsequent card statement, incase the dispute is not closed in cardholders favor. Log onto sbicard.com to view the “Most Important Terms & •All transaction disputes are resolved as per the Network Conditions” & updated information on all ongoing offers. (VISA, MasterCard, Rupay, Amex) Guidelines. You will receive continuous updates on status of the dispute. SBI Card (SBICPSL) is a Corporate Agent of Royal Sundaram General Insurance Co. Limited, SBI General Insurance The interest amount chargeable in the 1st EMI will be calculated Company Limited and SBI Life Insurance Company Limited for the period between Plan Open Date (Encash, Encash Inline, BT Vide IRDAI Registration Code CA0075. Insurance is the on EMI & Flexipay)/Booking Confirmation Date (Merchant EMI) subject matter of solicitation. and the payment due date (PDD), as per the credit card statement cycle. From 2nd EMI onwards, interest will be levied for a 30-day period, from one PDD to the next PDD. Hence, the 1st EMI amount may be different from subsequent EMIs. SAFETY FIRST •SBI Card has now introduced OTP for 3D secure authentication of all Online Credit Card transactions •Please ensure your current mobile no. is registered with us •Please do not share this 6 digits OTP with anyone. SBI Card never asks for such information IMPORTANT INFORMATION . . . . . Important Terms & Conditions Charges & Cardholder Agreement Privacy Policy Reach Us Payment Options CKYC CKYC (Central Know Your Customer) is a centralized database of KYC records of customers taking financial services from Banks, NBFCs etc. CKYC Identifier is a unique number generated for an individual on completing KYC formalities at the time of account opening/updation. Transactions that remain unbilled on the statement date will reflect in the next cycle. You can check transaction status at https://sbicard.com , Mobile App or https://ila.sbicard.com/. W.e.f. 1st Nov’25, the following charges will be levied on the below mentioned transactions. For more details, please refer the Most Important Terms and Conditions (MITC) on www.sbicard.com. • Fee of 1% of the transaction amount applicable on Education Payments made through third-party apps. However, payments made directly to colleges or schools via their websites or POS machines will not attract any fee. • Fee of 1% of the transaction amount applicable on every wallet load transaction exceeding Rs.1000. •Declaration : I/We hereby declare that though our aggregate turnover in any preceding financial year from 2017-18 onwards is more than the aggregate turnover notified under sub-rule (4) of rule 48, we are not required to prepare an invoice in terms of the provisions of the said sub-rule. Version 1.1 / OCT, 2025 For SBI Cards and Payment Services Limited (SBI Card). Authorized Signatory Schedule of Charges Annual Credit Card Name Renewal Fee (Rs.) Fee (Rs.) 9,999 (Waived off on annual spends of 12 Lakh or more AURUM 9,999 in the preceding year) KrisFlyer SBI Card Apex 9,999 9,999 KrisFlyer SBI Card 2,999 2,999 2,999 (Waived off on annual spends of 3 Lakh or more SBI Card PRIME 2,999 in the preceding year) 2,999 (Waived off on annual spends of 3 Lakh or more SBI Card PRIME Advantage 2,999 in the preceding year) 1,499 (Waived off on annual spends of 2 Lakh or more Doctor's SBI Card 1,499 in the preceding year) 1,499 (Waived off on annual spends of 1.5 Lakh or more Shaurya Select SBI Card 1,499 in the preceding year) 250 (Waived off on annual spends of 50,000 or more Shaurya SBI Card 250 in the preceding year) 1,499 (Waived off on annual spends of 2 Lakh or more in SBI Card PULSE 1,499 the preceding year) 999 (Waived off on annual spends of 2 Lakh or more 999 CASHBACK SBI Card in the preceding year) 499 (Waived off on annual spends of 1 Lakh or more SimplyCLICK SBI Card 499 in the preceding year) 499 (Waived off on annual spends of 1 Lakh or more in SimplyCLICK Advantage SBI Card 499 the preceding year) 499 (Waived off on annual spends of 1 Lakh or more SimplySAVE SBI Card 499 in the preceding year) 499 (Waived off on annual spends of 1 Lakh or more SimplySAVE Advantage SBI Card 499 in the preceding year) SBI Card Unnati NIL 499 (5th Year Onwards) 499 (Waived off on annual spends of 30,000 or more in Krishak Unnati SBI Card NIL the preceding year) Aditya Birla SBI Card 499 499 Aditya Birla SBI Card SELECT 1,499 1,499 Air India SBI Platinum Card 1,499 1,499 Air India SBI Signature Card 4,999 4,999 499 (Waived off on annual spends of 1 Lakh or more Apollo SBI Card 499 in the preceding year) 499 (Waived off on annual spends of 1 Lakh or more in BPCL SBI Card 499 the preceding year) 1,499 (Waived off on annual spends of 2 Lakh or more BPCL SBI Card Octane 1,499 in the preceding year) Club Vistara SBI Card PRIME 2,999 2,999 Club Vistara SBI Card 1,499 1,499 499 (Waived off on annual spends of 1 Lakh or more Delhi Metro SBI Card 499 in the preceding year) Etihad Guest SBI Card 1,499 1,499 Etihad Guest SBI Premier Card 4,999 4,999 499 (Waived off on annual spends of 1 Lakh or more Fabindia SBI Card 499 in the preceding year) 1,499 (Waived off on annual spends of 2 Lakh or more Fabindia SBI Card SELECT 1,499 in the preceding year) IRCTC SBI card 500 500 1,499 (Waived off on annual spends of 2 Lakh or more IRCTC SBI Card Premier 1,499 in the preceding year) ""Lifestyle Home Centre SBI Card , MAX SBI 499 499 Card, SPAR SBI Card"" ""Lifestyle Home Centre SBI Card PRIME, 2,999 2,999 MAX SBI Card PRIME, SPAR SBI Card PRIME"" ""Lifestyle Home Centre SBI Card SELECT, 1,499 1,499 MAX SBI Card SELECT, SPAR SBI Card SELECT"" 1,499 (Waived off on annual spends of 2 Lakh or more Nature's Basket SBI Card 1,499 in the preceding year) 4,999 (Waived off on annual spends of 10 Lakh or more Nature's Basket SBI Card ELITE 4,999 in the preceding year) 499 (Waived off on annual spends of 1 Lakh or more in OLA Money SBI Card NIL the preceding year) Paytm SBI Card 499 499 1,499 (Waived off on annual spends of 2 Lakh or more in Paytm SBI Card SELECT 1,499 the preceding year) 499 (Waived off on annual spends of 1 Lakh or more in Yatra- SBI Card 499 the preceding year) 2,999 (Waived off on annual spends of 3 Lakh or more City Union Bank SBI Card PRIME 2,999 in the preceding year) City Union Bank SimplySAVE SBI 499 499 (Waived off on annual spends of 1 Lakh or more Card in the preceding year) 2999 (Waived off on annual spends of 3 Lakh or more Karnataka Bank SBI Card PRIME 2,999 in the preceding year) 499 (Waived off on annual spends of 1 Lakh or more Karnataka Bank SimplySAVE SBI 499 in the preceding year) Card 2,999 (Waived off on annual spends of 3 Lakh or more PSB SBI Card PRIME 2,999 in the preceding year) 4,999 (Waived off on annual spends of 10 Lakh or more PSB SBI Card ELITE 4,999 in the preceding year) 499 (Waived off on annual spends of 1 Lakh or more PSB SimplySAVE SBI Card 499 in the preceding year) 499 499 (Waived off on annual spends of 1 Lakh or more UCO Bank SimplySAVE SBI Card in the preceding year) 2,999 (Waived off on annual spends of 3 Lakh or more 2,999 UCO Bank SBI Card PRIME in the preceding year) UCO Bank SBI Card ELITE 4,999 4,999 (Waived off on annual spends of 10 Lakh or more in the preceding year) SimplySAVE Merchant SBI Card NIL NIL 499 (Waived off on annual spends of 1 Lakh or more Reliance SBI Card 499 in the preceding year) 2,999 (Waived off on annual spends of 3 Lakh or more Reliance SBI Card PRIME 2,999 in the preceding year) 2,999 (Waived off on annual spends of 3 Lakh or more Titan SBI card 2,999 in the preceding year) 1,499 (Waived off on annual spends of 6 Lakh or more SBI Card MILES 1,499 in the preceding year) 2,999 (Waived off on annual spends of 10 Lakh or more SBI Card MILES PRIME 2,999 in the preceding year) 4,999 (Waived off on annual spends of 15 Lakh or more 4,999 SBI Card MILES ELITE in the preceding year) Shaurya Select NIL NIL South Indian Bank SBI Platinum 2,999 2,999 Credit Card South Indian Bank SimplySAVE SBI 499 (Waived off on annual spends of Rs. 1 lakh or more 499 Card in the preceding Year) KVB SBI Signature Card 4,999 4,999 Karur Vysya Bank SBI Platinum 2,999 2,999 Credit Card 499 (Waived off on annual spends of Rs. 1 lakh or more Karur Vysya Bank SBI Card 499 in the preceding Year) Central SBI Select Card 750 750 Central SBI Select+ Card 2999 2999 FBB SBI Styleup Card 499 499 IRCTC SBI Platinum Card 500 500 2,999 (Waived off on annual spends of 3 lakh or more in South Indian Bank SBI Card PRIME 2,999 the preceding Year) 4,999 (Waived off on annual spends of 10 lakh or more KVB SBI Card ELITE 4,999 in the preceding Year) 2,999 (Waived off on annual spends of 3 lakh or more in KVB SBI Card PRIME 2,999 the preceding Year) KVB SimplySAVE SBI Card 499 499 (Waived off on annual spends of 1 lakh or more in the preceding Year) SBI Card ELITE 4,999 (Waived off on annual spends of 10 lakh or more 4,999 in the preceding Year) SBI Card ELITE Advantage 4,999 4,999 (Waived off on annual spends of 10 lakh or more in the preceding Year) SBI Card PRIME NRI Secured 1,500 1,500 499 499 (Waived off on annual spends of Rs.1 Lakh or more Tata Neu Plus SBI Credit Card in the preceding year) 1,499 (Waived off on annual spends of Rs.3 Lakh or 1,499 Tata Neu Infinity SBI Credit Card more in the preceding year) 1,499 1,499 (Waived off on annual spends of Rs. 3 lakh or Apollo SBI Card SELECT more in the preceding year) Bank of Maharashtra SBI Card 4,999 (Waived off on annual spends of Rs.10 Lakh or 4,999 ELITE more in the preceding year) Bank of Maharashtra SBI Card 2,999 (Waived off on annual spends of Rs.3 Lakh or more 2,999 PRIME in the preceding year) Bank of Maharashtra SimplySAVE 499 (Waived off on annual spends of Rs.1 Lakh or more 499 SBI Card in the preceding year) 499 (Waived off on annual spends of Rs.1 Lakh or more PhonePe SBI Card PURPLE 499 in the preceding year) PhonePe SBI Card SELECT 1,499 (Waived off on annual spends of Rs.3 Lakh or more 1,499 BLACK in the preceding year) 500 ( Waived off on Annual Spends of Rs 3.5 Lakh or 500 Flipkart SBI Card more in the preceding year ) IndiGo SBI Card ELITE 4,999 4,999 IndiGo SBI Card 1,499 1,499 Extended Credit 20-50 days (applicable only on retail purchases and Interest Free Credit Period if previous month’s outstanding balance is paid in full) 3.75% p.m. (45% p.a.) for Unsecured Cards; 2.75% p.m. Finance Charges (33% p.a.) for Shaurya, Defence Cards and Secured cards Minimum Finance Charges `25 Minimum Amount Due 100% of GST + 100% of EMI amount + 100% of Fees/Charges + 100% of finance charges + Overlimit Amount (if any) + 2% of remaining balance outstanding. Cash Advance Cash Advance Limit Cash Advance Limit is a part of the overall Credit Limit. Cash Advance Limit is indicated in the monthly card statement. Max. cash withdrawal limit is Rs.15,000 per day on MCC - 6011(ATM Withdrawals), subject to Cash Advance Limit availability.Cash Advance is not available for MCC - 6010 (""over-the-counter"" cash disbursement). Free Credit Period Nil Finance Charges 3.75% p.m. (45% p.a.) for Unsecured Cards; 2.75% p.m. (33% p.a.) for Shaurya, Defence Cards and Secured cardsThe above-mentioned charges will be applicable from the date of Cash withdrawal. Minimum Finance Charges `25 Cash Advance Fees SBI ATMs/Other Domestic ATMs 2.5% of transaction amount (subject to a minimum of `500) International ATMs 2.5% of transaction amount (subject to a minimum of `500) Other Charges & Fees Cash Payment fee `250 Payment Dishonor fee 2% of Payment amount (subject to a minimum of `500) Cheque Payment Fee `200 Late Payment Nil for Outstanding Amount due from `0 -`500; `400 for Outstanding Amount due greater than `500 & upto `1000 `750 for Outstanding Amount due greater than `1000 & upto `10,000; `950 for Outstanding Amount due greater than `10,000 & upto `25,000; `1100 for Outstanding Amount due greater than `25,000 & upto `50,000; `1300 for Outstanding Amount due greater than `50,000 Additional late payment charges `100 Late Payment Charges on RE `500 for Outstanding Amount due greater than `1000 Overlimit Fee 2.5% of Overlimit Amount (subject to a minimum of Rs 600). Overlimit Fee will not be reversed in case of transaction reversal / cancellation /refund Card Replacement `100 - `250 (`1500 for Aurum) Emergency Card Replacement (When Actual cost (subject to a minimum of $175 for VISA and $ 148 Abroad) for Mastercard) Foreign Currency Transaction Fee 3.5% (For all cards Except Elite, Aurum and SBI Card Miles. SBI Card Miles Prime, SBI Card Miles Elite and Tata Neu Infinity SBI Credit Card), 3% for SBI Card Miles, 2.5% for SBI Card Miles Prime and 1.99% (For ELITE, Aurum, SBI Card Miles Elite and Tata Neu Infinity SBI Credit Card) Dynamic Currency Conversion Fee 3.5% (For all cards Except Elite, Aurum and SBI Card Miles. SBI Card Miles Prime, SBI Card Miles Elite and Tata Neu Infinity SBI Credit Card), 3% for SBI Card Miles, 2.5% for SBI Card Miles Prime and 1.99% (For ELITE, Aurum, SBI Card Miles Elite and Tata Neu Infinity SBI Credit Card). Rewards Redemption Fee `99. Applicable only on physical product, Statement Fee Credit & on vouchers that are sent physically as specified in the individual product Terms & Conditions, for all cards except AURUM. Utility Payments Fee**** w.e.f. 1st Dec 2024, 1% of total amount of Utility Payments, if the total amount exceeds Rs. 50,000 in a billing cycle. Fee on Education Payment Transactions^ W.e.f. 1st Nov’25, 1% of the transaction amount applicable on Education Payments made through third-party apps.^^ However, payments made directly to colleges or schools via their websites or POS machines will not attract any fee. Fee on Wallet Load Transactions^^^ W.e.f. 1st Nov’25, 1% of the transaction amount applicable on every wallet load transaction exceeding Rs.1000. Processing Fee on all Rent Payment `199. Processing Fee will not be reversed in case of Transactions*** transaction reversal / cancellation / refund LoungeCharges All Airport Lounge visits within India through International Lounge Access Programs(like Priority Pass program) will be charged a usage fee of up to USD 27 per visit + applicable taxes. For details, please visit sbicard.com All Airport Lounge visits outside India through International Lounge Access Programs(like Priority Pass program) , after exhausting the complimentary visits, will be charged with a usage fee of up to USD 27 per visit + applicable taxes. For details, please visit sbicard.com Grace period Grace period of 3 days is allowed from the payment due date on credit card accounts, where payments are not overdue from previous billing cycle(s). The payment due date as mentioned on the credit card statement is the date by which clear funds must be credited to the credit card, however 3 grace days are provided to accommodate for processing time of payments. Surcharge Railway Tickets - www.irctc.co.in As prescribed by IRCTC / Indian Railways Petrol & all products/services sold 1% of transaction amount + all applicable taxes at petrol pumps Fuel surcharge is levied by acquiring bank providing the terminal to the merchant.The transaction value on charge slip will differ from credit card statement since the surcharge & GST is levied by acquiring bank on the transaction value. 1% fuel surcharge waiver (excluding GST) shall be provided for eligible transaction value on select cards.Fuel surcharge waiver terms and conditions may vary.Refer product T&Cs for details. For Reward Point redemption, your SBI Card must not be overdue, suspended, blocked,cancelled or terminated by SBICPSL at the time of redemption request. **Applicable taxes means:- For the cardholders having state of residence in the records of SBI Card on the statement date as ""Haryana"" - Central Tax @ 9% and State Tax @ 9% - For the cardholders having state of residence in the records of SBI Card on the statement date as other than ""Haryana"" - Integrated Tax @ 18%.***All transactions towards payment of rent through any merchant will be levied Rs.199+Applicable Taxes as processing fee. All the transactions identified under Merchant Category Code (MCC) 6513 will be considered as rent payment transactions. Important Points ""Payment of any amount lesser than the Total Amount Due in any month results in interest accrual on the balance outstanding amount including any new purchases and cash advances. To enjoy the benefit of interest free period, please pay the Total Amount Due (TAD) before the Payment Due Date (PDD). Further, making only the minimum payment every month would result in the repayment stretching over months/years with consequential compounded interest payment on your outstanding balance."" SMA & NPA •Special Mention Accounts (‘SMA’): In furtherance to Regulatory requirements, SBI Card is required to identify incipient stress in the account by creating a sub-asset category viz. ‘Special Mention Accounts (‘SMA’)"" with the three sub-categories as given in the table below. Credit cards are treated as ""Loans other than revolving facilities"". SMA Sub-categories Basis for classification [Principal or interest payment or any other amount wholly or partly overdue] SMA – 0 Upto 30 days from Payment Due Date (‘PDD’). SMA – 1 More than 30 days &upto 60 days from PDD SMA – 2 More than 60 days &upto 90 days from PDD Example regarding classification of SMA: If Payment Due Date (‘PDD’) of a Credit Card account is 31st March 2021, and ’Minimum Amount Due (‘MAD’) is not received before this date then after the due date, the account will be mentioned as SMA-0. If the account continues to remain overdue beyond 30 days from PDD i.e., beyond 30th April 2021 then this account shall get tagged as SMA-1. Similarly, if the account continues to remain overdue, beyond 60 days from PDD i.e., beyond 30th May 2021 then this account shall get tagged as SMA-2. •Non-Performing Asset (‘NPA’): A credit card account will be treated as non-performing asset (‘NPA’) if the Minimum Amount Due, as mentioned in the statement, is not paid fully within ninety (90) days from the PDD mentioned in the statement. Further, any account where a settlement or restructuring arrangement has been availed will be classified as NPA. An account continues to be classified as NPA till the entire arrears of interest and principal are paid. Settlement and restructured accounts do not qualify for an upgrade. Finally, if any customer has even one credit card with SBICard tagged as NPA, all cards of the customer will be classified as NPA. Example regarding classification of an account as NPA: If Payment Due Date (‘PDD’) of a Credit Card account is 31st March 2021, and Minimum Amount Due as mentioned in the statement has not been fully paid by the customer within a period of 90 days from the PDD i.e., till 29th June 2021, then the lender shall consider the credit card account as NPA. As per recent RBI Guidelines, cheques should have no corrections on the payee name, amount either in words or figures. Hence, we request you to take care at the time of issuing cheques against your SBI Card dues in order to avoid any inconvenience / charges. Incase of any transaction dispute please send a signed dispute form within 25 days from date of transaction to chargeback@sbicard.com No new statement will be sent, in case of credit balance and no new transaction on the account within 30 days of the last statement. SBI Cards may not approve High Risk Transactions (e.g. Jewellery etc.) to prevent misuse or potential fraud on your SBI Card. SBI Card discloses information regarding your account to credit information bureaus / agencies on a regular basis, as mandated by RBI. In the event of non-payment of at least the Minimum Amount Due by the Payment Due Date, your card account will be reported as ‘Default’ to credit information bureaus / agencies. Cardholders with active credit cards with identical billing cycle will be assigned the same billing cycle for any new card issuance. Billing cycle of new credit card(s), for cardholders with only one active credit card, will be same as the existing card. Let’s Connect! Let’s Simplify! By Phone For All Card (except AURUM) : 39 02 02 02 (prefix local STD code) or 1860 180 1290 For All Card (except AURUM) : customercare@sbicard.com By E-mail For All Card (except AURUM) : Log on to www.sbicard.com and register By Web By Letter Write to us at Manager, Customer Correspondence Unit DLF Infinity Towers, TowerC, 12th Floor, Block 2, Building 3, DLF Cyber City, Gurugram – 122002 (Haryana)India or Post Bag No.28, GPO, New Delhi – 110001 CUSTOMER GRIEVANCE REDRESSAL: All grievance escalations should be marked to Mr. Prosenjit Dhar (Nodal Officer), SBI Cards at above address or via email at nodalofficer@sbicard.com. If concern not resolved within 15 days, you may approach Mr. Manish Dewan - Head, Customer Services at CustomerServiceHead@sbicard.com BILLING AND STATEMENT SBICPSL will send the Cardholder a monthly statement showing the payments credited and the transactions debited to the Cardholder's Account since the last statement, provided the card has been active during the said period. SBICPSL will either mail a statement of transactions in the card account to the mailing address it has on record, or send a statement through email to the email id on record, on a pre-determined date. Ways to make payment for your SBI Credit Card Pay via Standing Instruction (e-NACH) Enroll for e-NACH for automated and hassle-free bill payments, every month. Your card dues will be deducted directly from your bank account on the Payment Due Date. For more details visit www.sbicard.com Pay via UPI You can pay your bill faster via UPI payment mode on SBI Credit Card app or on website using QR code. NEFT (National Electronic Funds Transfer) Pay your SBI Credit Card outstanding using NEFT and get instant credit to your card account, 24X7. Use your 15/16-digit credit card number as Beneficiary A/c & IFSC Code SBIN00CARDS to register YONO by SBI Pay your SBI Credit Card bills with YONO by SBI App and get instant credit in your SBI Card account. PayNet Click on PayNet at www.sbicard.com to make your payment online through netbanking or your SBI ATM cum debit card. Payment will reflect instantly on your SBI Credit Card account. For bank details, please log onto www.sbicard.com Debit Card Payment Pay online using selected banks debit card. Payment will reflect instantly on your SBI Credit Card account. For more details, visit www.sbicard.com VISA Credit Card Pay Use VISA Credit Card Pay to pay your SBI Credit Card bill. Your payment will be credited instantly. Auto Debit Authorize SBI Card to debit your bank account (savings/current) by filling the Auto Debit mandate available at selected banks. For more details, visit www.sbicard.com Mastercard MoneySend Download any authorized third-party payment app / use a platform that supports the Mastercard MoneySend payment mode. Your payment will be credited instantly to your credit card account. BBPS Visit the SBI Unipay website to pay your credit card bill conveniently and securely through Bharat Bill Payment System. OTC Pay your SBI Credit Card dues over the counter at any SBI Branch in India. ATM Pay at any SBI ATM with your SBI Debit Card. This service is available at all SBI ATMs across India. Cheque Pay your SBI Credit Card dues through cheque. You can drop your cheque at any of the SBI Card drop boxes available across India. IMPS Pay your SBI Credit Card outstanding using IMPS and get instant credit to your card account, 24X7. Use country code (91), Registered Mobile Number along & last 4-digit of Card Number with IFSC Code SBIN00CARDS. Note: For smooth processing of payment made towards your card outstanding, please avoid using payment modes not advised by SBI Card. To know more about the ways to make payment, please visit https://sbicard.com/en/personal/pay.page. Important Communication on Payment Decline: As per SBI Card internal policy, payments made by customer through any instant channel (NEFT, Visa Money Transfer, MasterCard MoneySend, BBPS, Paynet, Debit Card or UPI) will be declined if the amount paid is more than the current outstanding. Hence, customers are advised not to make excess payment towards their credit card. An illustration of the Finance Charge Calculation: •Statement Date is 2nd of every Month and Payment Due Date is 22nd of every month. •The interest free period is from the 3rd of every month to 22nd of the next month provided the previous outstanding balance is paid in full. Making only the minimum payment every month would result in the repayment stretching over years with consequent interest payment on your outstanding balance. •Cardholder makes a retail purchase of `1,200 on 30th April, therefore the Total Amount Due on the statement dated 2nd May is ` 1,200 to be paid before 22nd May. •On 21st May, the Cardholder pays Minimum Amount Due of ` 200. •On 25th May, Cardholder makes a fresh purchase of ` 1,000. Statement dated 2nd June would show the following components A) Finance Charge calculated= (Outstanding Amount X 3.75% X 12 Months X No. of Days) /365 Finance Charge on `1,200 from 30th April to 20th May (21 Days) ` 31.07 Finance Charge on `1,000 from 21st May to 2nd June (13 Days) ` 16.03 Finance Charge on `1,000 of fresh purchase from 25th May to 2nd June ( 9 Days) ` 11.10 Total Finance Charge for 2nd June cycle ` 58.19 B) Total Principal Amount Outstanding = `2,000 (Balance `1,000 outstanding from last month’s billing period + `1,000 fresh purchase) Hence Total Amount Due = (A) + (B) + Applicable taxes If Minimum Amount Due of ` 200 is not paid by due date of 22nd May, Late Payment charges as applicable would be levied *Krishak Unnati SBI Card customers, please refer to below Table • Please note that the following fees and charges are not applicable for Krishak Unnati SBI Card:Cash Advance Fee (No Cash Limit Allocated), Forex Markup (International usage not allowed),Cash Payment Fee, Finance Charges, Late Payment Charges, Payment Dishonor Fee, Card Replacement Fee, Cheque Fee, Cheque Pickup Fee, Statement Retrieval Fee, Overlimit Fee,Reward Redemption Fee. Surcharges and other duties (along with applicable taxes) will be applicable. • This Card does not offer Cardholder a revolving credit facility. Cardholder has to pay Total Amount Due printed on the Statement. • SimplySAVE Merchant SBI Card is a charge Card. • This card does not offer Cardholder a revolving credit facility.Cardholder has to pay Total Amount Due Printed on the Statement. • For the purposes of SimplySAVE Merchant SBI Card only,the Total Amount Due (TAD) will be construed to be equal to the Minimum Amount Due (MAD). Order of payment settlement -Payment received against the Cardholder's outstanding will be adjusted against 100% of GST, 100% of EMI amount, 100% of Fees/Charges, 100% of Finance charges, Balance transfer, Retail Spends and Cash Advance, in that order. **** Utility payments shall be identified under Merchant Category Code (MCC) 4900, on best effort basis. The MCCs are defined by the network partners and are subject to change basis their discretion and such changes shall be implemented basis communication from the networks without any requirement for intimation/information to the customers. ^ Identified under Merchant Category Code (MCC) 8211, 8220, 8241, 8244, 8249 and 8299, on best effort basis. ^^Third Party Apps like (but not limited to) CRED, Cheq, MobiKwik etc. ^^^Identified under Merchant Category Code (MCC) 6540 and 6541, on best effort basis. The MCCs are defined by the network partners and are subject to change basis their discretion and such changes shall be implemented basis communication from the networks without any requirement for intimation/information to the customers. Payments and Combined Credit Limit: If a customer holds multiple SBI Credit Cards, the credit limit may be shared across these cards at the customer level, as approved by the SBI Card at its sole discretion and in accordance with its internal policies.The combined usage across all SBI Card Credit Cards will be restricted to the shared credit limit assigned.Payments against the Monthly Card Statement must be made separately for each card based on the amount reflected in the respective statement. If one card has a credit balance (excess payment), it will not be set off against the outstanding balance on other card(s).Non-payment of the outstanding amount by the payment due date will attract applicable charges in accordance with the Most Important Terms and Conditions (MITC).",432.68,debit,0.0,SBI_CASHBACK,04,2026,853ea90f36b610ffcdd1cf6da4e80e9b667ebdb4b517233d5999da2f83636af1,CC Bill Payment,1.0,rule,pending,,,,Not Available
2026-03-28,2026-03-28,AMAZON MUMBAI IN,AMAZON Mumbai IN,2340.29,debit,0.0,ICICI_CC,03,2026,0960ad1db918797b750500be859a55fdf3708d75ddcd871080a27dd5b0ad09c7,Shopping,1.0,rule,pending,,,,13132388455
2026-03-29,2026-03-29,BBPS PAYMENT RECEIVED 86,BBPS Payment received 86%,5130.63,credit,0.0,ICICI_CC,03,2026,b175c860f5a8782f9f348c35cf4cdd0e65a3987d5bab8e60d07c13c31b1e8318,CC Bill Payment,1.0,rule,pending,,,,13135610477
2026-04-01,2026-04-01,PAYU SWIGGY LIMITED BANGALORE IN,PAYU*Swiggy Limited Bangalore IN,377.0,debit,0.0,ICICI_CC,04,2026,69d5a6bcbf78f4100de91cc40f2e9d0db58908d5445cae098074bb4979a8322a,Food & Dining,1.0,rule,pending,,,,13156051327
2026-04-06,2026-04-06,K581 KFC NATURA WALK 560086 IN,K581 KFC NATURA WALK 560086 IN,400.7,debit,0.0,ICICI_CC,04,2026,0c5b54c8c445116c19fc19a30688992898a38de6e6833961f3db66f642f3ed1a,Food & Dining,1.0,rule,pending,,,,13186665388
2026-04-07,2026-04-07,AMAZON MUMBAI IN 3747XXXXXXXX6010 14,AMAZON Mumbai IN 3747XXXXXXXX6010 14%,1514.0,debit,0.0,ICICI_CC,04,2026,fc33cfc3b7d6b539e5dc1e39c40094faa98dad690fb0a18004fa28a1e849a9e5,Shopping,1.0,rule,pending,,,,13192245387
2026-04-09,2026-04-09,CARD REPLACEMENT FEE,Card Replacement Fee,200.0,debit,0.0,ICICI_CC,04,2026,3ebedeb6a8d79531a18d207e7d67ab84be50aaf250d2782c4cd8a491a397ac00,Bank Charges & Fees,1.0,rule,pending,,,,13201409979
2026-04-09,2026-04-09,IGST CI 18,IGST-CI@18%,36.0,debit,0.0,ICICI_CC,04,2026,dff812057ca797eccabebcf0e64ef4b804b2d4239ed8498dfe891188649bcd4c,Bank Charges & Fees,1.0,rule,pending,,,,13201409984
2026-04-26,2026-04-26,BILLDESK AMAZON MUM IN OTHERS 86 DINING 14 INTERNATIONAL SPENDS FOR EXCLUSIVE OFFERS VISIT WWW ICICIBANK COM OFFERS T C APPLY ICICL BANK REWARDS TOTAL POINTS EARNED 107 POINTS EARNED ON ISHOP 0 FOR FURTHER INFORMATION ASK IPAL ON OUR WEBSITE AND MOBILE APP YOU MAY ALSO CONTACT OUR CUSTOMER CARE YOUR THE TOTAL POINTS EARNED ARE RM OR VISIT ANY ICICI BANK BRANCH INCLUSIVE OF POINTS EARNED ON ISHOP IMPORTANT MESSAGES L SAFE BANKING TIPS ICICI BANK CREDIT CARD GST NUMBER 27AAACI1195H3ZK L OUR REGISTERED OFFICE ADDRESS ICICI BANK TOWER NEAR CHAKLI CIRCLE OLD PADRA ROAD VADODARA HSN CODE 997113 CREDIT GRANTING SERVICES INCLUDING L MAKING ONLY MINIMUM PAYMENT EVERY MONTH CAN LEAD TO REPAYMENT STRETCHING OVER YEARS WITH CONSEQUENT INTEREST PAYMENT ON STAND BY COMMITMENT GUARANTEES SECURITIES OUTSTANDING BALANCE PLACE OF SUPPLY KARNATAKA L FOR ANY CLARIFICATION OR MORE INFORMATION YOU MAY CONTACT US THROUGH THE GET IN TOUCH OPTION AT WWW ICICIBANK COM L FOR RUPAY AMERICAN EXPRESS VISA MASTERCARD CREDIT CARDS FUEL SURCHARGE AND CORRESPONDING GOODS AND SERVICES TAX GST L PAYMENT THROUGH UPI IS SUBJECT TO THE LIMITS SET BY RESPECTIVE PAYMENT SERVICE PROVIDERS INVOICE NO 1574280400468686 CIN NO L65190GJ1994PLC021012 00005 90323 CREDIT CARD STATEMENT CID 106 CID 29 CID 5 CID 21 CID 27 CID 101 CID 64 CID 20 CID 100 CID 24 CID 10 CID 37 CID 107 28042026 32309 DOWNLOAD THE IMOBILE PAY APP TO VIEW STATEMENT INSTANTLY BLOCK UNBLOCK ATM WITHDRAWAL ONLINE TRANSACTIONS INTERNATIONAL TRANSACTIONS IN A SINGLE CLICK SMS IMOBILE TO 5676766 TO GET THE DOWNLOAD LINK OR GIVE A MISSED CALL ON 9222299998 TO ASSISTANCE ON CALL ACE YOUR DIGITAL BANKING WITH IPLAY VIDEOS SCAN THE OR CODE TO KNOW ABOUT THE CREDIT CARD SERVICES ON ICICI BANK S IMOBILE PAY SCAN TO WATCH IPLAY VIDEO T C APPLY ALL COMMUNICATIONS ARE BEING SENT TO YOUR REGISTERED E MAIL ID AND MOBILE NUMBER SERVICE REQUESTS CREDIT CARD REQUEST FOR ADDRESS CHANGE OR VISIT THE NEAREST ICICI BANK BRANCH CID 169 CID 120 CID 118 CID 160 CID 142 CID 155 CID 150 CID 153 CID 170 CID 114 CID 194 CID 164 CID 212 CID 146 CID 125 CID 181 CID 113 CID 117 CID 178 CID 169 CID 174 CID 164 CID 146 CID 168 CID 225 CID 177 CID 159 CID 164 CID 151 CID 169 CID 154 CID 159 CID 206 CID 169 CID 118 CID 114 CID 164 CID 136 CID 165 CID 151 CID 144 L CLICK HERE TO ACCESS YOUR CREDIT CARD ONE VIEW STATEMENT SCAN TO PAY USING CID 135 CID 167 CID 126 CID 190 CID 145 CID 121 CID 193 CID 170 CID 139 CID 188 CID 208 CID 202 CID 186 CID 173 CID 179 CID 146 CID 198 CID 142 CID 110 CID 166 CID 133 CID 209 CID 187 CID 127 CID 168 CID 133 CID 135 CID 155 CID 183 CID 226 CID 223 CID 137 CID 175 CID 157 CID 112 CID 201 CID 213 CID 115 CID 219 CID 233 CID 235 ANY UPI APPLICATION CID 212 CID 230 CID 223 CID 109 CID 127 CID 175 CID 150 CID 141 CID 183 CID 180 CID 183 CID 128 CID 141 CID 116 CID 214 CID 203 CID 218 CID 202 CID 223 CID 233 CID 210 CID 143 CID 138 CID 120 CID 221 CID 147 CID 220 CID 186 CID 173 CID 190 CID 172 CID 150 CID 229 CID 154 CID 121 CID 124 CID 143 CID 155 CID 153 CID 199 CID 123 CID 169 CID 233 CID 213 CID 197 CID 229 CID 189 CID 193 CID 108 CID 155 CID 108 CID 108 CID 202 CID 148 CID 208 CID 192 CID 152 CID 119 CID 209 CID 203 CID 200 CID 123 CID 162 CID 131 CID 217 CID 190 CID 212 CID 197 CID 194 CID 162 CID 187 CID 186 CID 126 CID 211 CID 120 CID 217 CID 232 CID 139 CID 137 CID 139 CID 162 CID 218 CID 234 CID 110 CID 166 CID 166 CID 166 CID 110 CID 234 CID 108 CID 222 CID 162 CID 216 CID 124 CID 224 CID 182 CID 226 CID 150 CID 140 CID 230 CID 148 CID 118 CID 136 CID 226 CID 182 CID 182 CID 198 CID 166 CID 208 CID 160 CID 148 CID 140 CID 232 CID 116 CID 228 CID 156 CID 144 CID 162 CID 216 CID 132 CID 202 CID 164 CID 216 5 130 63 5 687 99 0 00 5 130 63 MAINTAIN SUFFICIENT FUNDS IN YOUR LINKED SAVINGS ACCOUNT XX2206 ANY CHANGES TO THE STANDING CARD WILL BE ADDED TO YOUR REWARDS ACCOUNT WITHIN 5 BUSINESS DAYS OF MONTHLY CREDIT CARD STATEMENT GENERATION AS PER THE EXISTING CYCLE IF YOUR ACCOUNT IS NOT DELINQUENT OR CANCELLED AT THE TIME OF SUCH CREDIT MOST IMPORTANT TERMS AND CONDITIONS MITC TO GET THE COMPLETE VERSION OF CREDIT CARDS MOST IMPORTANT TERMS AND CONDITIONS MITC PLEASE VISIT ICICI BANK WEBSITE PRODUCTS CREDIT CARDS TERMS AND CONDITIONS AND FAQS MOST IMPORTANT TERMS AND CONDITIONS OR VISIT THE LINK HTTPS WWW ICICI BANK IN MANAGED ASSETS DOCS PERSONAL CARDS MITC CC PDF GREAT OFFERS ON YOUR CARD 00005 90323 IMPORTANT INFORMATION ON YOUR CREDIT CARD IF A NO COST EMI OFFER IS COMMUNICATED BY THE MERCHANT DURING THE PURCHASE THE INTEREST BENEFIT PERTAINING TO THIS OFFER WILL BE PASSED ON TO THE CARD HOLDER THROUGH AN INSTANT DISCOUNT MODE OR CASHBACK MODE AS PER THE OFFER DETAILS DEFINED BY THE MERCHANT BANK CHARGES INTEREST ON EVERY EMI TRANSACTION GRIEVANCES REDRESSAL COMPLAINTS ESCALATIONS IN THE EVENT THAT YOU ARE NOT SATISFIED WITH OUR SERVICES YOU MAY REGISTER YOUR GRIEVANCE BY I VISITING COMPLAINT FORM AT WWW ICICI BANK IN OR II CALLING AT OUR CUSTOMER CARE NUMBER OR WRITING TO MS SHARLET MALVANKAR THE PRINCIPAL NODAL OFFICER ICICI BANK LTD BANDRA KURLA COMPLEX MUMBAI 400051 POSTAL ADDRESS TELEPHONE NO 022 39337979 MONDAY TO FRIDAY 10 00 A M TO 5 00 P M EXCLUDING BANK HOLIDAYS EMAIL PNO ICICIBANK COM THIS IS AN AUTHENTICATED INTIMATION STATEMENT CUSTOMERS ARE REQUESTED TO IMMEDIATELY NOTIFY THE BANK OF ANY DISCREPANCY IN THE STATEMENT 00005 90323 TO REPORT THE LOSS THEFT OR UNAUTHORISED USE OF CARD OR PIN OF CREDIT CARD YOU CAN USE ANY OF THE BELOW MENTIONED THREE MEDIUMS TO BLOCK THE CARD L SEND SMS BLOCK SPACE LAST 4 DIGIT OF CARD NUMBER TO 9215676766 FROM YOUR REGISTERED MOBILE NUMBER L IF YOU ARE WITHIN INDIA CALL ON 18002662 AND IF YOU ARE OUTSIDE INDIA CALL ON 04071403333 L GO TO MOBILE BANKING APP TO BLOCK THE CARD UNDER MANAGE CARD IN CASE YOU REQUIRE ANY FURTHER INFORMATION YOU MAY CALL OUR CUSTOMER CARE 1800 1080 OR WRITE TO US AT CUSTOMER CARE ICICIBANK COM METHOD OF PAYMENT PAYMENTS TOWARDS THE CREDIT CARD ACCOUNT TO BE MADE THROUGH ANY OF THE BELOW MODES 1 SCAN TO PAY 2 UPI 3 NATIONAL ELECTRONIC FUNDS TRANSFER NEFT 4 CASH 5 INTERNET BANKING 6 AUTO DEBIT 7 CLICK TO PAY 8 IMOBILE PAY APP 9 ICICI BANK ATMS BENEFITS OF UPDATING MOBILE NUMBER AND E MAIL ID L RECEIVE INSTANT ALERTS OF ANY SUSPICIOUS OR UNAUTHORISED TRANSACTIONS THAT ARE CARRIED OUT USING YOUR CREDIT CARD L RECEIVE ALERTS FROM THE BANK WHENEVER INFORMATION REGARDING YOUR EXISTING ACCOUNT IS REPORTED BY THE BANK TO THE CREDIT INFORMATION COMPANIES CICS CICS WILL SEND ALERTS THROUGH SMS E MAIL WHEN YOUR CREDIT INFORMATION REPORT CIR IS ACCESSED INTEREST CALCULATION THE FOLLOWING ILLUSTRATION WILL INDICATE THE METHOD OF CALCULATING INTEREST CHARGES GIVEN THESE ASSUMPTIONS INTEREST WILL BE CALCULATED AS BELOW SL NO TRANSACTION 1 PURCHASE ON SEP 20 5 PURCHASE ON OCT 15 2023 RENT PAY 2 000 00 6 CONVENIENCE FEE ON RENT PAY ON OCT 15 7 TAX ON CONVENIENCE FEE 3 60 8 LPC CHARGED ON OCT 29 9 TAX ON LPC 108 00 A INTEREST ON 20TH SEP 2023 TRANSACTION 123 29 B INTEREST ON 15TH OCT 2023 TRANSACTION 61 65 11 TOTAL INTEREST CHARGED A B 184 94 12 GST ON INTEREST 33 29 GST WILL BE APPLICABLE ON INTEREST CHARGES THE ABOVE ILLUSTRATION HAS BEEN PREPARED ASSUMING THAT CUSTOMER IS NOT DELINQUENT PRIOR TO THE STATEMENT GENERATED ON OCT 10 2023 FOLLOWING ARE THE TWO SCENARIOS FOR MAD CALCULATION SCENARIO A IF 5 OF FINANCE CHARGE RETAIL SPENDS CASH ADVANCE IS HIGHER THAN THE FINANCE CHARGE THEN FROM THE PREVIOUS STATEMENT 5 OF RETAIL SPENDS CASH ADVANCE FINANCE CHARGE CREDIT LIMIT 35 000 00 RETAIL SPENDS CASH ADVANCE 30 000 00 5 1 500 00 FINANCE CHARGE IF ANY EXCLUDING GST 1 000 00 5 50 00 EMI PRINCIPAL EMI INTEREST 5 500 00 100 5 500 00 FEES CHARGES INCLUDING GST 18 1 180 00 100 1 180 00 UNPAID MAD FROM THE PREVIOUS STATEMENT 150 00 100 150 00 MAD 5 OF A B C D E F 11 210 00 FINANCE CHARGE IS LEVIED IN THE CASE OF ATM TRANSACTIONS CASH WITHDRAWAL THROUGH CREDIT CARD AND DELAYED NON PAYMENT OF DUES AS APPLICABLE IN THE ILLUSTRATION ABOVE 5 OF FINANCE CHARGE RETAIL SPENDS CASH ADVANCE 1 550 WHICH IS HIGHER THAN THE FINANCE CHARGE EXCLUDING GST 1 000 MAD FROM THE PREVIOUS STATEMENT 5 OF RETAIL SPENDS CASH ADVANCE FINANCE CHARGE 180 5 500 2 830 1 000 150 1 550 11 210 SCENARIO B IF 5 OF FINANCE CHARGE RETAIL SPENDS CASH ADVANCE IS LESS THAN THE FINANCE CHARGE THEN FROM THE PREVIOUS STATEMENT 5 OF RETAIL SPENDS CASH ADVANCE THE FOLLOWING ILLUSTRATION WILL INDICATE THE METHOD OF CALCULATING THE MAD IN THIS SCENARIO CREDIT LIMIT 1 15 000 00 RETAIL SPENDS CASH ADVANCE 1 00 000 00 5 5 000 00 FINANCE CHARGE IF ANY EXCLUDING GST 7 800 00 100 7 800 00 EMI PRINCIPAL EMI INTEREST 5 500 00 100 5 500 00 FEES CHARGES INCLUDING GST 18 2 360 00 100 2 360 00 UNPAID MAD FROM THE PREVIOUS STATEMENT 150 00 100 150 00 MAD 5 OF A B C D E F 21 620 00 FINANCE CHARGE IS LEVIED IN THE CASE OF ATM TRANSACTIONS CASH WITHDRAWAL THROUGH CREDIT CARD AND DELAYED NON PAYMENT OF DUES AS APPLICABLE IN THE ILLUSTRATION ABOVE 5 OF FINANCE CHARGE RETAIL SPENDS CASH ADVANCE 5 390 WHICH IS LESS THAN THE FINANCE CHARGE 7 800 HENCE FINANCE CHARGE IS CONSIDERED AT 100 IN THE MAD CALCULATION MAD 5 OF RETAIL SPENDS CASH ADVANCE FINANCE CHARGE EMI PRINCIPAL EMI INTEREST FEES AND CHARGES 810 21 620 THE FOLLOWING ILLUSTRATION WILL INDICATE THE METHOD OF CALCULATING MAD AS PER SCENARIO A SL NO TRANSACTION 1 CREDIT LIMIT 26 000 00 2 PURCHASE ON SEP 20 6 PURCHASE ON OCT 15 7 EMI CONVERSION OF PURCHASE ON OCT 15 2025 2 000 00 8 EMI PRINCIPAL 200 00 9 EMI INTEREST 20 00 10 TAX ON EMI INTEREST 3 60 11 PROCESSING FEE 20 00 12 TAX ON PROCESSING FEE 3 60 13 LATE PAYMENT FEE ON OCT 30 14 TAX ON LATE PAYMENT FEE 162 00 15 PURCHASE ON OCT 30 16 OVER LIMIT FEE 550 00 SL NO TRANSACTION 17 TAX ON OVER LIMIT FEE 99 00 18 CLOSING BALANCE 26 958 20 A OVERDUE OF PREVIOUS STATEMENT 1 200 00 B EMI INSTALMENT PRINCIPAL INTEREST 220 00 C GST ON EMI INTEREST 3 60 E LATE PAYMENT FEE POST DEPLOYMENT 900 00 F GST ON LATE PAYMENT FEE POST DEPLOYMENT 162 00 G OVER LIMIT FEE TRANSACTION POST DEPLOYMENT 550 00 H GST ON OVER LIMIT FEE TRANSACTION POST DEPLOYMENT 99 00 I PROCESSING FEE POST DEPLOYMENT 20 00 J GST ON PROCESSING FEE POST DEPLOYMENT 3 60 K 5 ON REMAINING BALANCE 1 142 09 THE ABOVE ILLUSTRATION HAS BEEN PREPARED ASSUMING THAT CUSTOMER IS NOT DELINQUENT PRIOR TO THE STATEMENT GENERATED ON OCT 10 2023 AND INTEREST CHARGES ARE ALSO APPLICABLE IN NOV 08 2023 STATEMENT LATE PAYMENT CHARGES CALCULATION LESS THAN 100 NIL BETWEEN 100 500 100 BETWEEN 501 1 000 500 BETWEEN 1001 5 000 600 BETWEEN 5 001 10 000 750 BETWEEN 10 001 25 000 900 BETWEEN 25 001 50 000 1 100 MORE THAN 50 000 1 300 THE FOLLOWING ILLUSTRATION WILL INDICATE THE METHOD OF CALCULATING LATE PAYMENT CHARGES SL NO TRANSACTION 1 PURCHASE ON SEP 20 5 PAYMENT ON OCT 28 6 LATE PAYMENT FEE ON OCT 30 2023 BASED ON 1 5 900 7 GST ON LATE PAYMENT FEE 162,"Billdesk*AMAZON MUM IN Others-86% Dining-14% # International Spends For exclusive offers, visit www.icicibank.com/offers T&C apply ICICl Bank Rewards Total Points earned* 107 Points earned on iShop 0 For further information, 'ask iPal' on our website and mobile app. You may also contact our Customer Care, your *The total points earned are RM or visit any ICICI Bank Branch. inclusive of points earned on iShop IMPORTANT MESSAGES l Safe Banking Tips - ICICI Bank Credit Card GST Number: 27AAACI1195H3ZK l Our registered office address: ICICI Bank Tower, Near Chakli Circle, Old Padra Road, Vadodara, HSN Code: 997113 Credit Granting Services including l Making only minimum payment every month can lead to repayment stretching over years with consequent interest payment on stand-by commitment, guarantees & securities outstanding balance. Place of supply: Karnataka l For any clarification or more information, you may contact us through the ‘Get in Touch’ option at www.icicibank.com l For RuPay/American Express/ Visa/Mastercard Credit Cards: Fuel surcharge and corresponding Goods and Services Tax (GST) l Payment through UPI is subject to the limits set by respective payment service providers. Invoice No: 1574280400468686 CIN No. L65190GJ1994PLC021012 00005/90323 CREDIT CARD STATEMENT (cid:106)(cid:29)(cid:5)(cid:21)(cid:27)(cid:101)(cid:64)(cid:20)(cid:100)(cid:24)(cid:10)(cid:37)(cid:107) 28042026_32309 Download the iMobile Pay app to - View statement instantly Block/unblock ATM withdrawal, online transactions & international transactions in a single click SMS iMobile to 5676766 to get the download link or give a missed call on 9222299998 to assistance on call. Ace your Digital Banking, with iPlay videos Scan the OR Code, to know about the Credit Card services, on ICICI Bank’s iMobile Pay. Scan to watch iPlay video T&C Apply All communications are being sent to your registered e-mail ID and mobile number Service Requests > Credit Card > Request for address change or visit the nearest ICICI Bank branch (cid:169)(cid:120)(cid:118)(cid:160)(cid:142)(cid:155)(cid:150)(cid:153)(cid:170)(cid:114)(cid:194)(cid:164)(cid:212)(cid:146)(cid:125)(cid:181)(cid:113)(cid:117)(cid:178)(cid:169)(cid:174)(cid:164)(cid:146)(cid:168)(cid:225)(cid:177)(cid:159)(cid:164)(cid:151)(cid:169)(cid:154)(cid:159)(cid:206)(cid:169)(cid:118)(cid:114)(cid:164)(cid:136)(cid:165)(cid:151)(cid:144) l Click here to access your Credit Card One View Statement Scan to Pay using (cid:135)(cid:167)(cid:126)(cid:190)(cid:145)(cid:121)(cid:193)(cid:170)(cid:139)(cid:188)(cid:208)(cid:202)(cid:186)(cid:173)(cid:179)(cid:146)(cid:198)(cid:142)(cid:110)(cid:166)(cid:133)(cid:209)(cid:187)(cid:127)(cid:168)(cid:133)(cid:135)(cid:155)(cid:183)(cid:226)(cid:223)(cid:137)(cid:175)(cid:157)(cid:112)(cid:201)(cid:213)(cid:115)(cid:219)(cid:233)(cid:235) any UPI Application (cid:212)(cid:230)(cid:223)(cid:109)(cid:127)(cid:175)(cid:150)(cid:141)(cid:183)(cid:180)(cid:183)(cid:128)(cid:141)(cid:116)(cid:214)(cid:203)(cid:218)(cid:202)(cid:223)(cid:233)(cid:210)(cid:143)(cid:138)(cid:120)(cid:221)(cid:147)(cid:220)(cid:186)(cid:173)(cid:190)(cid:172)(cid:150)(cid:229)(cid:154)(cid:121)(cid:124)(cid:143)(cid:155)(cid:153)(cid:199)(cid:123) (cid:169)(cid:233)(cid:213)(cid:197)(cid:229)(cid:189)(cid:193)(cid:108)(cid:155)(cid:108)(cid:108)(cid:202)(cid:148)(cid:208)(cid:192)(cid:152)(cid:119)(cid:209)(cid:203)(cid:200)(cid:123)(cid:162)(cid:131)(cid:217)(cid:190)(cid:212)(cid:197)(cid:194)(cid:162)(cid:187)(cid:186)(cid:126)(cid:211)(cid:120)(cid:217)(cid:232)(cid:139)(cid:137)(cid:139)(cid:162)(cid:218) (cid:234)(cid:110)(cid:166)(cid:166)(cid:166)(cid:110)(cid:234)(cid:108)(cid:222)(cid:162)(cid:216)(cid:124)(cid:224)(cid:182)(cid:226)(cid:150)(cid:140)(cid:230)(cid:148)(cid:118)(cid:136)(cid:226)(cid:182)(cid:182)(cid:198)(cid:166)(cid:208)(cid:160)(cid:148)(cid:140)(cid:232)(cid:116)(cid:228)(cid:156)(cid:144)(cid:162)(cid:216)(cid:132)(cid:202)(cid:164)(cid:216) `5,130.63 `5,687.99 `0.00 `5,130.63 maintain sufficient funds in your linked savings account XX2206. Any changes to the standing Card will be added to your Rewards account within 5 Business Days of monthly Credit Card statement generation as per the existing cycle, if your account is not delinquent or cancelled at the time of such credit. MOST IMPORTANT TERMS AND CONDITIONS (MITC) To get the complete version of Credit Cards – Most Important Terms and Conditions (MITC), please visit: ICICI Bank Website>Products>Credit Cards>Terms and Conditions and FAQs>Most Important Terms and Conditions Or visit the link: https://www.icici.bank.in/managed-assets/docs/personal/cards/mitc_cc.pdf GREAT OFFERS ON YOUR CARD 00005/90323 IMPORTANT INFORMATION ON YOUR CREDIT CARD If a No Cost EMI offer is communicated by the merchant during the purchase, the interest benefit pertaining to this offer will be passed on to the card holder through an instant discount mode or cashback mode, as per the offer details defined by the merchant. Bank charges interest on every EMI transaction. Grievances Redressal/Complaints/ Escalations: In the event that you are not satisfied with our services, you may register your grievance by (i) visiting “Complaint Form” at www.icici.bank.in or (ii) calling at our Customer Care number or writing to Ms. Sharlet Malvankar, The Principal Nodal Officer, ICICI Bank Ltd Bandra Kurla Complex Mumbai 400051, (Postal Address), Telephone No.: 022-39337979 (Monday to Friday, 10:00 a.m. to 5:00 p.m. excluding Bank holidays), Email: pno@icicibank.com. This is an authenticated intimation/statement. Customers are requested to immediately notify the Bank of any discrepancy in the statement. 00005/90323 To report the loss, theft or unauthorised use of card or PIN of credit card, you can use any of the below mentioned three mediums to block the card l Send SMS BLOCK space <last 4 digit of card number> to 9215676766 from your registered mobile number l If you are within India, call on 18002662 and if you are outside India, call on 04071403333 l Go to mobile banking app to block the card (under manage card) In case you require any further information, you may call our Customer Care (1800 1080) or write to us at customer.care@icicibank.com Method of Payment : Payments towards the Credit Card Account to be made through any of the below modes: 1. Scan to Pay 2. UPI 3. National Electronic Funds Transfer (NEFT) 4. Cash 5. Internet Banking 6. Auto Debit 7. Click to Pay 8. iMobile Pay app 9. ICICI Bank ATMs Benefits of updating mobile number and e-mail ID: l Receive instant alerts of any suspicious or unauthorised transactions that are carried out using your Credit Card l Receive alerts from the Bank whenever information regarding your existing account is reported by the Bank to the Credit Information Companies (CICs). CICs will send alerts through SMS/ e-mail when your Credit Information Report (CIR) is accessed. Interest calculation The following illustration will indicate the method of calculating interest charges: Given these assumptions, interest will be calculated as below: SL. No Transaction ₹ 1 Purchase on Sep 20, 5 Purchase on Oct 15, 2023, Rent Pay 2,000.00 6 Convenience Fee on Rent Pay on Oct 15, 7 Tax on Convenience Fee 3.60 8 LPC charged on Oct 29, 9 Tax on LPC 108.00 a) Interest on 20th Sep 2023 Transaction 123.29 b) Interest on 15th Oct 2023 Transaction 61.65 11 Total Interest charged (a + b) 184.94 12 GST on Interest 33.29 GST will be applicable on interest charges. ** The above illustration has been prepared assuming that customer is not delinquent prior to the statement generated on Oct 10, 2023 Following are the two scenarios for MAD calculation Scenario A: If 5% of (Finance Charge + Retail Spends + Cash Advance) is higher than the Finance Charge, then: from the previous statement + 5% of (Retail Spends + Cash Advance + Finance Charge). Credit Limit 35,000.00 Retail Spends + Cash Advance 30,000.00 5% 1,500.00 Finance Charge (if any) excluding GST 1,000.00 5% 50.00 EMI Principal + EMI Interest 5,500.00 100% 5,500.00 Fees & Charges including GST (18%) 1,180.00 100% 1,180.00 Unpaid MAD from the previous statement* 150.00 100% 150.00 MAD (<5%> of (A+B)) + (C)+(D)+(E)+(F) 11,210.00 Finance Charge is levied in the case of ATM transactions, cash withdrawal through Credit Card and delayed/non-payment of dues, as applicable. In the illustration above 5% of (Finance Charge + Retail Spends + Cash Advance) = ₹1,550 which is higher than the Finance Charge (excluding GST) = ₹1,000. MAD from the previous statement + 5% of (Retail Spends + Cash Advance + Finance Charge) = 180 + 5,500 + 2,830 + + 1,000 + 150 + 1,550 = ₹11,210 Scenario B: If 5% of (Finance Charge + Retail Spends + Cash Advance) is less than the Finance Charge, then: from the previous statement + 5% of (Retail Spends + Cash Advance). The following illustration will indicate the method of calculating the MAD in this scenario Credit Limit 1,15,000.00 Retail Spends + Cash Advance 1,00,000.00 5% 5,000.00 Finance Charge (if any) excluding GST 7,800.00 100% 7,800.00 EMI Principal + EMI Interest 5,500.00 100% 5,500.00 Fees & Charges including GST (18%) 2,360.00 100% 2,360.00 Unpaid MAD from the previous statement* 150.00 100% 150.00 MAD (<5%> of (A+B)) + (C)+(D)+(E)+(F) 21,620.00 Finance Charge is levied in the case of ATM transactions, cash withdrawal through Credit Card and delayed/non-payment of dues, as applicable. In the illustration above 5% of (Finance Charge + Retail Spends + Cash Advance) = ₹5,390 which is less than the Finance Charge = ₹7,800. Hence, Finance Charge is considered at 100% in the MAD calculation. MAD = (5% of Retail Spends + Cash Advance) + Finance Charge + EMI Principal + EMI Interest + Fees and Charges 810 = ₹21,620 The following illustration will indicate the method of calculating MAD as per Scenario A: SL. No Transaction ₹ 1 Credit Limit 26,000.00 2 Purchase on Sep 20, 6 Purchase on Oct 15, 7 EMI Conversion of Purchase on Oct 15, 2025 -2,000.00 8 EMI Principal 200.00 9 EMI Interest 20.00 10 Tax on EMI Interest 3.60 11 Processing Fee 20.00 12 Tax on Processing Fee 3.60 13 Late Payment Fee on Oct 30, 14 Tax on Late Payment Fee 162.00 15 Purchase on Oct 30, 16 Over limit Fee 550.00 SL. No Transaction ₹ 17 Tax on Over-limit Fee 99.00 18 Closing Balance 26,958.20 a) Overdue of previous statement 1,200.00 b) EMI Instalment (Principal + Interest) 220.00 c) GST on EMI Interest 3.60 e) Late Payment Fee - Post deployment 900.00 f) GST on Late Payment Fee - Post deployment 162.00 g) Over limit Fee Transaction - Post deployment 550.00 h) GST on Over limit Fee Transaction - Post deployment 99.00 i) Processing Fee - Post deployment 20.00 j) GST on Processing Fee - Post deployment 3.60 k) 5% on remaining Balance 1,142.09 ** The above illustration has been prepared assuming that customer is not delinquent prior to the statement generated on Oct 10, 2023 and interest charges are also applicable in Nov 08, 2023 statement. Late payment Charges Calculation Less than ₹100 Nil Between ₹100-₹500 ₹ 100 Between ₹501- ₹1,000 ₹ 500 Between ₹1001- ₹5,000 ₹ 600 Between ₹5,001-₹10,000 ₹ 750 Between ₹10,001-₹25,000 ₹ 900 Between ₹25,001- ₹50,000 ₹ 1,100 More than ₹50,000 ₹ 1,300 The following illustration will indicate the method of calculating Late Payment charges: SL. No Transaction ₹ 1 Purchase on Sep 20, 5 Payment on Oct 28, 6 Late Payment Fee on Oct 30, 2023 (based on 1 - 5) 900 7 GST on Late Payment Fee 162",1100.0,debit,0.0,ICICI_CC,04,2026,93d73f1b5aa06489fde06c35b6cd1bc183cfd5c815d3968b30fd24a8e6443020,Self Transfer,1.0,rule,pending,,,,13306010992
2026-05-03,2026-05-03,CARD CASHBACK CREDIT,CARD CASHBACK CREDIT,319.0,credit,0.0,SBI_CASHBACK,05,2026,4ef03861e23987517a24b1de5d004504f8b7a7bd977d08adfd85a388f7b09e85,Cashback & Rewards,1.0,ml_exact,pending,,,,Not Available
2026-05-04,2026-05-04,PAYMENT RECEIVED 000DP016124104211QUMNDH,PAYMENT RECEIVED 000DP016124104211quMnDH,9991.0,credit,0.0,SBI_CASHBACK,05,2026,a2b4c69d2354a9e4d5006f144acdd3c91e1d4a15af794939c0c8732992dcc782,CC Bill Payment,1.0,rule,pending,,,,Not Available
2026-05-22,2026-05-22,FUEL SURCHARGE WAIVER EXCL TAX TRANSACTIONS FOR R GANESH NAG,FUEL SURCHARGE WAIVER EXCL TAX TRANSACTIONS FOR R Ganesh Nag,11.38,credit,0.0,SBI_CASHBACK,05,2026,62b3588f2efff8163cc1f4686384d548ec59161ab0cbefb5011d92434ca007fa,Cashback & Rewards,1.0,ml_exact,pending,,,,Not Available
2026-05-14,2026-05-14,FRUITS AND TREATS BANGALORE IN,FRUITS AND TREATS BANGALORE IN,340.0,debit,0.0,SBI_CASHBACK,05,2026,2e0ae212f374b424e901cd6b3ec72501ae1a0b61f976b7b9a31bc1fbf17e5fe2,Groceries & Supermarket,1.0,ml_exact,pending,,,,Not Available
2026-05-18,2026-05-18,AIRBNB PAYMENTS INDIA GURGAON IN PAY IN EMIS,AIRBNB PAYMENTS INDIA GURGAON IN (Pay in EMIs),7385.3,debit,0.0,SBI_CASHBACK,05,2026,188c20cc6f504399b14e91fa5b37d8b8c11a645a5da1e03cea3f6105f53ee1b9,Travel & Accommodation,1.0,rule,pending,,,,Not Available
2026-05-18,2026-05-18,AIRBNB PAYMENTS INDIA GURGAON IN PAY IN EMIS,AIRBNB PAYMENTS INDIA GURGAON IN (Pay in EMIs),6651.53,debit,0.0,SBI_CASHBACK,05,2026,b15acdea38ec60297c63a25f8cc36b2fb6ad9b63cdb485fc015704fa64c53926,Travel & Accommodation,1.0,rule,pending,,,,Not Available
2026-05-19,2026-05-19,SWIGGY LIMITED BANGALORE IN,Swiggy Limited Bangalore IN,30.0,debit,0.0,SBI_CASHBACK,05,2026,a94d19af643adcc0d06f1de9ec76655b5d9ac8886b6cbcfff2db230bf67ee4a4,Food & Dining,1.0,rule,pending,,,,Not Available
2026-05-19,2026-05-19,AIRBNB PAYMENTS INDIA GURGAON IN,AIRBNB PAYMENTS INDIA GURGAON IN,7385.3,credit,0.0,SBI_CASHBACK,05,2026,494918d1b4dcd6dfbf1688c42ba194f7fa6e43a4f8c941935479c9d95668aaf7,Travel & Accommodation,1.0,rule,pending,,,,Not Available
2026-05-22,2026-05-22,AASHIRVADH PETROLEUM GUNDLUPET IN,AASHIRVADH PETROLEUM GUNDLUPET IN,1149.38,debit,0.0,SBI_CASHBACK,05,2026,2ead49c8f357c745ea40a2a1b4d2257eb6c1dd527c739cfe8c263fcfc56e860e,Fuel & Transport,1.0,rule,pending,,,,Not Available
2026-05-25,2026-05-25,SWIGGY LIMITED BANGALORE IN,Swiggy Limited Bangalore IN,490.0,debit,0.0,SBI_CASHBACK,05,2026,34adfe037b97856ed0c26e1aa018395572fab2ea4ae1fcb425b7a3d18595997b,Food & Dining,1.0,rule,pending,,,,Not Available
2026-05-26,2026-05-26,ZOMATO LIMITED GURUGRAM IN,ZOMATO LIMITED Gurugram IN,632.3,debit,0.0,SBI_CASHBACK,05,2026,d5b5d51a03f9f2d4ee37dd1d67af00758e55a9b9f5735e9655cc704de090d6ac,Food & Dining,1.0,rule,pending,,,,Not Available
2026-05-28,2026-05-28,POLLO AI SINGAPORE SG TRANSACTIONS HIGHLIGHTED IN GREY COLOR IF ANY DO NOT FORM PART OF PURCHASES OTHER DEBITS TRANSACTIONS FULLY PARTIALLY CONVERTED TO FLEXIPAY ENCASH MERCHANT EMI C CREDIT D DEBIT EN ENCASH FP FLEXIPAY EMD EASY MONEY DRAFT BT BALANCE TRANSFER M MONTHLY INSTALLMENTS TAD TOTAL AMOUNT DUE T TEMPORARY CREDIT IMPORTANT MESSAGES W E F 1ST MAY 2026 LATE PAYMENT CHARGES LPC WILL BE REVISED TO RS 100 FOR OUTSTANDING AMOUNT DUE GREATER THAN RS 100 UP TO RS 500 AND RS 500 FOR OUTSTANDING AMOUNT DUE GREATER THAN RS 500 UP TO RS 1 000 TOTAL AMOUNT DUE TAD NEEDS TO BE PAID BY PAYMENT DUE DATE TO AVOID LEVY OF FINANCE CHARGES ON NEW TRANSACTIONS DONE AFTER THE STATEMENT DATE THE DIFFERENCE IF ANY BETWEEN THE TOTAL AMOUNT DUE AND THE TOTAL OUTSTANDING IS THE BALANCE ON THE FLEXIPAY ENCASH INSTALLMENTS AS APPLICABLE TO KEEP YOUR CREDIT CARD IN GOOD STANDING YOU HAVE THE OPTION OF PAYING ATLEAST THE MINIMUM AMOUNT DUE ON OR BEFORE THE DUE DATE THE MINIMUM AMOUNT DUE INCLUDES THE EMI ON FLEXIPAY ENCASH INSTALLMENT AMOUNTS 100 OF ALL APPLICABLE TAXES CONTENT OF THIS STATEMENT WILL BE CONSIDERED CORRECT IF NO ERROR IS REPORTED WITHIN 20 DAYS SUBJECT TO MEETING THE ELIGIBLE SPEND AMOUNT THE ANNUAL FEE REVERSAL WILL REFLECT IN YOUR SBI CARD ACCOUNT WITHIN 10 DAYS OF THE FEE BEING LEVIED SAVINGS AND BENEFITS SECTION FOR THIS STATEMENT FOR THIS YEAR FROM THE CARD ISSUE DATE OFFER CASHBACK 0 00 0 00 0 00 PETROL SURCHARGE WAIVER 11 38 33 72 33 72 CARD CASHBACK 457 1486 21705 WITH EFFECT FROM TRANSACTIONS DATED 17 NOV 2011 TREATMENT OF EMI BENEFITS SERVICES AVAILED BY THE CARDHOLDER INSTANT INFORMATION 24X7 BY JUST SENDING AN SMS TO 5676791 ONCE THE ACCOUNT TURNS NPA A DAY AFTER THE STATEMENT IS GENERATED POST ACCOUNT SIMPLY BALANCE ENQUIRY AVAILABLE CREDIT CASH LIMIT CLASSIFICATION AS NPA ALL EMI PLANS EXCLUDING RESTRUCTURED PLANS SMS BAL XXXX AVAIL XXXX AVAILABLE ON THE ACCOUNT SHALL BE CLOSED THE PRINCIPAL OUTSTANDING ALONG WITH THE OUTSTANDING INTEREST ACCRUED TILL THE HOTLIST LOST STOLEN CARD LAST PAYMENT STATUS DATE OF SUCH EMI PLANS SHALL BE DEBITED TO THE CREDIT CARD BLOCK XXXX PAYMENT XXXX ACCOUNT APPEAR IN THE SUBSEQUENT MONTHLY STATEMENT SBI CARD REWARD POINT SUMMARY SUBSCRIBE TO ESTATEMENT SHALL BE ENTITLED TO DEMAND IMMEDIATE REPAYMENT OF SUCH REWARD XXXX ESTMT XXXX CONSOLIDATED OUTSTANDING AMOUNTS AS A PART OF THE CREDIT CARD DUPLICATE STATEMENT ACCOUNT THIS BALANCE WILL ATTRACT ALL APPLICABLE CHARGES INCLUDING DSTMT XXXX STATEMENT PERIOD IN MMYY FINANCE CHARGES AT APPLICABLE INTEREST RATE AS OUTLINED IN THE MITC XXXX LAST 4 DIGITS OF THE CARD NO W E F 15 SEP 2025 A REVISED CHEQUE PROCESSING FEE OF RS IMPORTANT INFORMATION ON DISPUTED TRANSACTION S 200 WILL BE APPLICABLE ON OUTSTANDING PAYMENTS MADE VIA CHEQUE THIS REVISION IS REFLECTIVE OF THE INCREASED OPERATIONAL KINDLY NOTE THAT THIS TEMPORARY CREDIT T HAS BEEN RENDERED TO COST ASSOCIATED WITH OFFLINE PAYMENT MODES PAYMENTS MADE YOU IN THE INTERIM AND THOUGH THE AMOUNT IS INCLUDED IN YOUR THROUGH DIGITAL CHANNELS SUCH AS UPI BBPS NEFT ETC WILL AVAILABLE CREDIT LIMIT YOU WILL NOT BE ABLE TO SPEND THE AMOUNT CONTINUE TO BE FREE OF ANY ADDITIONAL CHARGES WE ENCOURAGE OUR WHILE THE DISPUTE IS STILL UNDER INVESTIGATION CARDHOLDERS TO EXPLORE DIGITAL MODES FOR HASSLE FREE PAYMENTS AS WE ARE DEPENDENT ON FEEDBACK FROM EXTERNAL PARTIES SUCH AS FASTER CREDITS ACQUIRING BANK CLOSURE OF SUCH DISPUTES MAY TAKE UP TO A MAXIMUM OF 120 DAYS FROM DATE OF INITIATION OF INVESTIGATION IMPORTANT NOTES POST COMPLETION OF THE INVESTIGATION IN CASE THE DISPUTE IS DESCRIPTION OF SERVICES CREDIT CARD SERVICES NOT CLOSED IN CARDHOLDER S FAVOR THE TEMPORARY CREDIT SHALL BE HSN CODE 997113 REVERSED AND CORRESPONDING DEBIT ENTRY SHALL REFLECT ON THE DECLARATION WE HEREBY DECLARE THAT THE TAX IN RELATION TO THIS CARD ACCOUNT HOWEVER IN CASE THE DISPUTE GETS RESOLVED IN STATEMENT IS NOT PAYABLE UNDER REVERSE CHARGE MECHANISM FAVOR OF THE CARDHOLDER THE TEMPORARY CREDIT SHALL BE NAME AND THE ADDRESS OF THE SUPPLIER SBI CARDS AND PAYMENT REGULARIZED AND REPLACED BY A PERMANENT CREDIT REWARD POINTS SERVICES LIMITED SBI CARD DLF CYBER CITY TOWER C FOR THE DISPUTED TRANSACTION WILL BE DEBITED IN CASE THE DISPUTE IS BLOCK 2 BUILDING 3 DLF INFINITY TOWERS 12TH FLOOR GURUGRAM CLOSED IN CARDHOLDERS FAVOR FURTHER ANY CHARGES LEVIED ON THE HR 122002 DISPUTED TRANSACTION DURING THE PERIOD OF INVESTIGATION WILL BE REVERSED HOWEVER SAME WILL BE BILLED IN THE SUBSEQUENT CARD STATEMENT INCASE THE DISPUTE IS NOT CLOSED IN CARDHOLDERS FAVOR LOG ONTO SBICARD COM TO VIEW THE MOST IMPORTANT TERMS ALL TRANSACTION DISPUTES ARE RESOLVED AS PER THE NETWORK CONDITIONS UPDATED INFORMATION ON ALL ONGOING OFFERS VISA MASTERCARD RUPAY AMEX GUIDELINES YOU WILL RECEIVE SBI CARD SBICPSL IS A CORPORATE AGENT OF ROYAL SUNDARAM CONTINUOUS UPDATES ON STATUS OF THE DISPUTE GENERAL INSURANCE CO LIMITED SBI GENERAL INSURANCE THE INTEREST AMOUNT CHARGEABLE IN THE 1ST EMI WILL BE CALCULATED COMPANY LIMITED AND SBI LIFE INSURANCE COMPANY LIMITED FOR THE PERIOD BETWEEN PLAN OPEN DATE ENCASH ENCASH INLINE BT VIDE IRDAI REGISTRATION CODE CA0075 INSURANCE IS THE ON EMI FLEXIPAY BOOKING CONFIRMATION DATE MERCHANT EMI SUBJECT MATTER OF SOLICITATION AND THE PAYMENT DUE DATE PDD AS PER THE CREDIT CARD STATEMENT CYCLE FROM 2ND EMI ONWARDS INTEREST WILL BE LEVIED FOR A 30 DAY PERIOD FROM ONE PDD TO THE NEXT PDD HENCE THE 1ST EMI AMOUNT MAY BE DIFFERENT FROM SUBSEQUENT EMIS SAFETY FIRST SBI CARD HAS NOW INTRODUCED OTP FOR 3D SECURE AUTHENTICATION OF ALL ONLINE CREDIT CARD TRANSACTIONS PLEASE ENSURE YOUR CURRENT MOBILE NO IS REGISTERED WITH US PLEASE DO NOT SHARE THIS 6 DIGITS OTP WITH ANYONE SBI CARD NEVER ASKS FOR SUCH INFORMATION IMPORTANT INFORMATION IMPORTANT TERMS CONDITIONS CHARGES CARDHOLDER AGREEMENT PRIVACY POLICY REACH US PAYMENT OPTIONS CKYC CKYC CENTRAL KNOW YOUR CUSTOMER IS A CENTRALIZED DATABASE OF KYC RECORDS OF CUSTOMERS TAKING FINANCIAL SERVICES FROM BANKS NBFCS ETC CKYC IDENTIFIER IS A UNIQUE NUMBER GENERATED FOR AN INDIVIDUAL ON COMPLETING KYC FORMALITIES AT THE TIME OF ACCOUNT OPENING UPDATION TRANSACTIONS THAT REMAIN UNBILLED ON THE STATEMENT DATE WILL REFLECT IN THE NEXT CYCLE YOU CAN CHECK TRANSACTION STATUS AT HTTPS SBICARD COM MOBILE APP OR HTTPS ILA SBICARD COM W E F 1ST NOV 25 THE FOLLOWING CHARGES WILL BE LEVIED ON THE BELOW MENTIONED TRANSACTIONS FOR MORE DETAILS PLEASE REFER THE MOST IMPORTANT TERMS AND CONDITIONS MITC ON WWW SBICARD COM FEE OF 1 OF THE TRANSACTION AMOUNT APPLICABLE ON EDUCATION PAYMENTS MADE THROUGH THIRD PARTY APPS HOWEVER PAYMENTS MADE DIRECTLY TO COLLEGES OR SCHOOLS VIA THEIR WEBSITES OR POS MACHINES WILL NOT ATTRACT ANY FEE FEE OF 1 OF THE TRANSACTION AMOUNT APPLICABLE ON EVERY WALLET LOAD TRANSACTION EXCEEDING RS 1000 DECLARATION I WE HEREBY DECLARE THAT THOUGH OUR AGGREGATE TURNOVER IN ANY PRECEDING FINANCIAL YEAR FROM 2017 18 ONWARDS IS MORE THAN THE AGGREGATE TURNOVER NOTIFIED UNDER SUB RULE 4 OF RULE 48 WE ARE NOT REQUIRED TO PREPARE AN INVOICE IN TERMS OF THE PROVISIONS OF THE SAID SUB RULE VERSION 1 1 OCT 2025 FOR SBI CARDS AND PAYMENT SERVICES LIMITED SBI CARD AUTHORIZED SIGNATORY SCHEDULE OF CHARGES ANNUAL CREDIT CARD NAME RENEWAL FEE RS FEE RS 9 999 WAIVED OFF ON ANNUAL SPENDS OF 12 LAKH OR MORE AURUM 9 999 IN THE PRECEDING YEAR KRISFLYER SBI CARD APEX 9 999 9 999 KRISFLYER SBI CARD 2 999 2 999 2 999 WAIVED OFF ON ANNUAL SPENDS OF 3 LAKH OR MORE SBI CARD PRIME 2 999 IN THE PRECEDING YEAR 2 999 WAIVED OFF ON ANNUAL SPENDS OF 3 LAKH OR MORE SBI CARD PRIME ADVANTAGE 2 999 IN THE PRECEDING YEAR 1 499 WAIVED OFF ON ANNUAL SPENDS OF 2 LAKH OR MORE DOCTOR S SBI CARD 1 499 IN THE PRECEDING YEAR 1 499 WAIVED OFF ON ANNUAL SPENDS OF 1 5 LAKH OR MORE SHAURYA SELECT SBI CARD 1 499 IN THE PRECEDING YEAR 250 WAIVED OFF ON ANNUAL SPENDS OF 50 000 OR MORE SHAURYA SBI CARD 250 IN THE PRECEDING YEAR 1 499 WAIVED OFF ON ANNUAL SPENDS OF 2 LAKH OR MORE IN SBI CARD PULSE 1 499 THE PRECEDING YEAR 999 WAIVED OFF ON ANNUAL SPENDS OF 2 LAKH OR MORE 999 CASHBACK SBI CARD IN THE PRECEDING YEAR 499 WAIVED OFF ON ANNUAL SPENDS OF 1 LAKH OR MORE SIMPLYCLICK SBI CARD 499 IN THE PRECEDING YEAR 499 WAIVED OFF ON ANNUAL SPENDS OF 1 LAKH OR MORE IN SIMPLYCLICK ADVANTAGE SBI CARD 499 THE PRECEDING YEAR 499 WAIVED OFF ON ANNUAL SPENDS OF 1 LAKH OR MORE SIMPLYSAVE SBI CARD 499 IN THE PRECEDING YEAR 499 WAIVED OFF ON ANNUAL SPENDS OF 1 LAKH OR MORE SIMPLYSAVE ADVANTAGE SBI CARD 499 IN THE PRECEDING YEAR SBI CARD UNNATI NIL 499 5TH YEAR ONWARDS 499 WAIVED OFF ON ANNUAL SPENDS OF 30 000 OR MORE IN KRISHAK UNNATI SBI CARD NIL THE PRECEDING YEAR ADITYA BIRLA SBI CARD 499 499 ADITYA BIRLA SBI CARD SELECT 1 499 1 499 AIR INDIA SBI PLATINUM CARD 1 499 1 499 AIR INDIA SBI SIGNATURE CARD 4 999 4 999 499 WAIVED OFF ON ANNUAL SPENDS OF 1 LAKH OR MORE APOLLO SBI CARD 499 IN THE PRECEDING YEAR 499 WAIVED OFF ON ANNUAL SPENDS OF 1 LAKH OR MORE IN BPCL SBI CARD 499 THE PRECEDING YEAR 1 499 WAIVED OFF ON ANNUAL SPENDS OF 2 LAKH OR MORE BPCL SBI CARD OCTANE 1 499 IN THE PRECEDING YEAR CLUB VISTARA SBI CARD PRIME 2 999 2 999 CLUB VISTARA SBI CARD 1 499 1 499 499 WAIVED OFF ON ANNUAL SPENDS OF 1 LAKH OR MORE DELHI METRO SBI CARD 499 IN THE PRECEDING YEAR 499 WAIVED OFF ON ANNUAL SPENDS OF 1 LAKH OR MORE FABINDIA SBI CARD 499 IN THE PRECEDING YEAR 1 499 WAIVED OFF ON ANNUAL SPENDS OF 2 LAKH OR MORE FABINDIA SBI CARD SELECT 1 499 IN THE PRECEDING YEAR IRCTC SBI CARD 500 500 1 499 WAIVED OFF ON ANNUAL SPENDS OF 2 LAKH OR MORE IRCTC SBI CARD PREMIER 1 499 IN THE PRECEDING YEAR LIFESTYLE HOME CENTRE SBI CARD MAX SBI 499 499 CARD SPAR SBI CARD LIFESTYLE HOME CENTRE SBI CARD PRIME 2 999 2 999 MAX SBI CARD PRIME SPAR SBI CARD PRIME LIFESTYLE HOME CENTRE SBI CARD SELECT 1 499 1 499 MAX SBI CARD SELECT SPAR SBI CARD SELECT 1 499 WAIVED OFF ON ANNUAL SPENDS OF 2 LAKH OR MORE NATURE S BASKET SBI CARD 1 499 IN THE PRECEDING YEAR 4 999 WAIVED OFF ON ANNUAL SPENDS OF 10 LAKH OR MORE NATURE S BASKET SBI CARD ELITE 4 999 IN THE PRECEDING YEAR 499 WAIVED OFF ON ANNUAL SPENDS OF 1 LAKH OR MORE IN OLA MONEY SBI CARD NIL THE PRECEDING YEAR PAYTM SBI CARD 499 499 1 499 WAIVED OFF ON ANNUAL SPENDS OF 2 LAKH OR MORE IN PAYTM SBI CARD SELECT 1 499 THE PRECEDING YEAR 499 WAIVED OFF ON ANNUAL SPENDS OF 1 LAKH OR MORE IN YATRA SBI CARD 499 THE PRECEDING YEAR 2 999 WAIVED OFF ON ANNUAL SPENDS OF 3 LAKH OR MORE CITY UNION BANK SBI CARD PRIME 2 999 IN THE PRECEDING YEAR CITY UNION BANK SIMPLYSAVE SBI 499 499 WAIVED OFF ON ANNUAL SPENDS OF 1 LAKH OR MORE CARD IN THE PRECEDING YEAR 2999 WAIVED OFF ON ANNUAL SPENDS OF 3 LAKH OR MORE KARNATAKA BANK SBI CARD PRIME 2 999 IN THE PRECEDING YEAR 499 WAIVED OFF ON ANNUAL SPENDS OF 1 LAKH OR MORE KARNATAKA BANK SIMPLYSAVE SBI 499 IN THE PRECEDING YEAR CARD 2 999 WAIVED OFF ON ANNUAL SPENDS OF 3 LAKH OR MORE PSB SBI CARD PRIME 2 999 IN THE PRECEDING YEAR 4 999 WAIVED OFF ON ANNUAL SPENDS OF 10 LAKH OR MORE PSB SBI CARD ELITE 4 999 IN THE PRECEDING YEAR 499 WAIVED OFF ON ANNUAL SPENDS OF 1 LAKH OR MORE PSB SIMPLYSAVE SBI CARD 499 IN THE PRECEDING YEAR 499 499 WAIVED OFF ON ANNUAL SPENDS OF 1 LAKH OR MORE UCO BANK SIMPLYSAVE SBI CARD IN THE PRECEDING YEAR 2 999 WAIVED OFF ON ANNUAL SPENDS OF 3 LAKH OR MORE 2 999 UCO BANK SBI CARD PRIME IN THE PRECEDING YEAR UCO BANK SBI CARD ELITE 4 999 4 999 WAIVED OFF ON ANNUAL SPENDS OF 10 LAKH OR MORE IN THE PRECEDING YEAR SIMPLYSAVE MERCHANT SBI CARD NIL NIL 499 WAIVED OFF ON ANNUAL SPENDS OF 1 LAKH OR MORE RELIANCE SBI CARD 499 IN THE PRECEDING YEAR 2 999 WAIVED OFF ON ANNUAL SPENDS OF 3 LAKH OR MORE RELIANCE SBI CARD PRIME 2 999 IN THE PRECEDING YEAR 2 999 WAIVED OFF ON ANNUAL SPENDS OF 3 LAKH OR MORE TITAN SBI CARD 2 999 IN THE PRECEDING YEAR 1 499 WAIVED OFF ON ANNUAL SPENDS OF 6 LAKH OR MORE SBI CARD MILES 1 499 IN THE PRECEDING YEAR 2 999 WAIVED OFF ON ANNUAL SPENDS OF 10 LAKH OR MORE SBI CARD MILES PRIME 2 999 IN THE PRECEDING YEAR 4 999 WAIVED OFF ON ANNUAL SPENDS OF 15 LAKH OR MORE 4 999 SBI CARD MILES ELITE IN THE PRECEDING YEAR SHAURYA SELECT NIL NIL SOUTH INDIAN BANK SBI PLATINUM 2 999 2 999 CREDIT CARD SOUTH INDIAN BANK SIMPLYSAVE SBI 499 WAIVED OFF ON ANNUAL SPENDS OF RS 1 LAKH OR MORE 499 CARD IN THE PRECEDING YEAR KVB SBI SIGNATURE CARD 4 999 4 999 KARUR VYSYA BANK SBI PLATINUM 2 999 2 999 CREDIT CARD 499 WAIVED OFF ON ANNUAL SPENDS OF RS 1 LAKH OR MORE KARUR VYSYA BANK SBI CARD 499 IN THE PRECEDING YEAR CENTRAL SBI SELECT CARD 750 750 CENTRAL SBI SELECT CARD 2999 2999 FBB SBI STYLEUP CARD 499 499 IRCTC SBI PLATINUM CARD 500 500 2 999 WAIVED OFF ON ANNUAL SPENDS OF 3 LAKH OR MORE IN SOUTH INDIAN BANK SBI CARD PRIME 2 999 THE PRECEDING YEAR 4 999 WAIVED OFF ON ANNUAL SPENDS OF 10 LAKH OR MORE KVB SBI CARD ELITE 4 999 IN THE PRECEDING YEAR 2 999 WAIVED OFF ON ANNUAL SPENDS OF 3 LAKH OR MORE IN KVB SBI CARD PRIME 2 999 THE PRECEDING YEAR KVB SIMPLYSAVE SBI CARD 499 499 WAIVED OFF ON ANNUAL SPENDS OF 1 LAKH OR MORE IN THE PRECEDING YEAR SBI CARD ELITE 4 999 WAIVED OFF ON ANNUAL SPENDS OF 10 LAKH OR MORE 4 999 IN THE PRECEDING YEAR SBI CARD ELITE ADVANTAGE 4 999 4 999 WAIVED OFF ON ANNUAL SPENDS OF 10 LAKH OR MORE IN THE PRECEDING YEAR SBI CARD PRIME NRI SECURED 1 500 1 500 499 499 WAIVED OFF ON ANNUAL SPENDS OF RS 1 LAKH OR MORE TATA NEU PLUS SBI CREDIT CARD IN THE PRECEDING YEAR 1 499 WAIVED OFF ON ANNUAL SPENDS OF RS 3 LAKH OR 1 499 TATA NEU INFINITY SBI CREDIT CARD MORE IN THE PRECEDING YEAR 1 499 1 499 WAIVED OFF ON ANNUAL SPENDS OF RS 3 LAKH OR APOLLO SBI CARD SELECT MORE IN THE PRECEDING YEAR BANK OF MAHARASHTRA SBI CARD 4 999 WAIVED OFF ON ANNUAL SPENDS OF RS 10 LAKH OR 4 999 ELITE MORE IN THE PRECEDING YEAR BANK OF MAHARASHTRA SBI CARD 2 999 WAIVED OFF ON ANNUAL SPENDS OF RS 3 LAKH OR MORE 2 999 PRIME IN THE PRECEDING YEAR BANK OF MAHARASHTRA SIMPLYSAVE 499 WAIVED OFF ON ANNUAL SPENDS OF RS 1 LAKH OR MORE 499 SBI CARD IN THE PRECEDING YEAR 499 WAIVED OFF ON ANNUAL SPENDS OF RS 1 LAKH OR MORE PHONEPE SBI CARD PURPLE 499 IN THE PRECEDING YEAR PHONEPE SBI CARD SELECT 1 499 WAIVED OFF ON ANNUAL SPENDS OF RS 3 LAKH OR MORE 1 499 BLACK IN THE PRECEDING YEAR 500 WAIVED OFF ON ANNUAL SPENDS OF RS 3 5 LAKH OR 500 FLIPKART SBI CARD MORE IN THE PRECEDING YEAR INDIGO SBI CARD ELITE 4 999 4 999 INDIGO SBI CARD 1 499 1 499 EXTENDED CREDIT INTEREST FREE CREDIT PERIOD 20 50 DAYS APPLICABLE ONLY ON RETAIL PURCHASES AND IF PREVIOUS MONTH S OUTSTANDING BALANCE IS PAID IN FULL FINANCE CHARGES 3 75 P M 45 P A FOR UNSECURED CARDS 2 75 P M 33 P A FOR SHAURYA DEFENCE CARDS AND SECURED CARDS 25 MINIMUM FINANCE CHARGES 100 OF GST 100 OF EMI AMOUNT 100 OF FEES CHARGES MINIMUM AMOUNT DUE 100 OF FINANCE CHARGES OVERLIMIT AMOUNT IF ANY 2 OF REMAINING BALANCE OUTSTANDING CASH ADVANCE CASH ADVANCE LIMIT CASH ADVANCE LIMIT IS A PART OF THE OVERALL CREDIT LIMIT CASH ADVANCE LIMIT IS INDICATED IN THE MONTHLY CARD STATEMENT MAX CASH WITHDRAWAL LIMIT IS RS 15 000 PER DAY ON MCC 6011 ATM WITHDRAWALS SUBJECT TO CASH ADVANCE LIMIT AVAILABILITY CASH ADVANCE IS NOT AVAILABLE FOR MCC 6010 OVER THE COUNTER CASH DISBURSEMENT FREE CREDIT PERIOD NIL 3 75 P M 45 P A FOR UNSECURED CARDS 2 75 P M FINANCE CHARGES 33 P A FOR SHAURYA DEFENCE CARDS AND SECURED CARDSTHE ABOVE MENTIONED CHARGES WILL BE APPLICABLE FROM THE DATE OF CASH WITHDRAWAL MINIMUM FINANCE CHARGES 25 CASH ADVANCE FEES 2 5 OF TRANSACTION AMOUNT SUBJECT TO A MINIMUM OF 500 SBI ATMS OTHER DOMESTIC ATMS 2 5 OF TRANSACTION AMOUNT SUBJECT TO A MINIMUM OF 500 INTERNATIONAL ATMS OTHER CHARGES FEES CASH PAYMENT FEE 250 PAYMENT DISHONOR FEE 2 OF PAYMENT AMOUNT SUBJECT TO A MINIMUM OF 500 CHEQUE PAYMENT FEE 200 LATE PAYMENT NIL FOR OUTSTANDING AMOUNT DUE FROM 0 100 100 FOR OUTSTANDING AMOUNT DUE GREATER THAN 100 UPTO 500 500 FOR OUTSTANDING AMOUNT DUE GREATER THAN 500 UPTO 1 000 750 FOR OUTSTANDING AMOUNT DUE GREATER THAN 1 000 UPTO 10 000 950 FOR OUTSTANDING AMOUNT DUE GREATER THAN 10 000 UPTO 25 000 1 100 FOR OUTSTANDING AMOUNT DUE GREATER THAN 25 000 UPTO 50 000 1 300 FOR OUTSTANDING AMOUNT DUE GREATER THAN 50 000 ADDITIONAL LATE PAYMENT CHARGES 100 LATE PAYMENT CHARGES ON RE 500 FOR OUTSTANDING AMOUNT DUE GREATER THAN 1 000 OVERLIMIT FEE 2 5 OF OVERLIMIT AMOUNT SUBJECT TO A MINIMUM OF RS 600 OVERLIMIT FEE WILL NOT BE REVERSED IN CASE OF TRANSACTION REVERSAL CANCELLATION REFUND CARD REPLACEMENT 100 250 1500 FOR AURUM EMERGENCY CARD REPLACEMENT WHEN ACTUAL COST SUBJECT TO A MINIMUM OF 175 FOR VISA AND 148 ABROAD FOR MASTERCARD FOREIGN CURRENCY TRANSACTION FEE 3 5 FOR ALL CARDS EXCEPT ELITE AURUM AND SBI CARD MILES SBI CARD MILES PRIME SBI CARD MILES ELITE AND TATA NEU INFINITY SBI CREDIT CARD 3 FOR SBI CARD MILES 2 5 FOR SBI CARD MILES PRIME AND 1 99 FOR ELITE AURUM SBI CARD MILES ELITE AND TATA NEU INFINITY SBI CREDIT CARD 3 5 FOR ALL CARDS EXCEPT ELITE AURUM AND SBI CARD MILES DYNAMIC CURRENCY CONVERSION FEE SBI CARD MILES PRIME SBI CARD MILES ELITE AND TATA NEU INFINITY SBI CREDIT CARD 3 FOR SBI CARD MILES 2 5 FOR SBI CARD MILES PRIME AND 1 99 FOR ELITE AURUM SBI CARD MILES ELITE AND TATA NEU INFINITY SBI CREDIT CARD REWARDS REDEMPTION FEE 99 APPLICABLE ONLY ON PHYSICAL PRODUCT STATEMENT FEE CREDIT ON VOUCHERS THAT ARE SENT PHYSICALLY AS SPECIFIED IN THE INDIVIDUAL PRODUCT TERMS CONDITIONS FOR ALL CARDS EXCEPT AURUM W E F 1ST DEC 2024 1 OF TOTAL AMOUNT OF UTILITY PAYMENTS IF UTILITY PAYMENTS FEE THE TOTAL AMOUNT EXCEEDS RS 50 000 IN A BILLING CYCLE W E F 1ST NOV 25 1 OF THE TRANSACTION AMOUNT APPLICABLE ON FEE ON EDUCATION PAYMENT TRANSACTIONS EDUCATION PAYMENTS MADE THROUGH THIRD PARTY APPS HOWEVER PAYMENTS MADE DIRECTLY TO COLLEGES OR SCHOOLS VIA THEIR WEBSITES OR POS MACHINES WILL NOT ATTRACT ANY FEE W E F 1ST NOV 25 1 OF THE TRANSACTION AMOUNT APPLICABLE ON FEE ON WALLET LOAD TRANSACTIONS EVERY WALLET LOAD TRANSACTION EXCEEDING RS 1000 PROCESSING FEE ON ALL RENT PAYMENT 199 PROCESSING FEE WILL NOT BE REVERSED IN CASE OF TRANSACTIONS TRANSACTION REVERSAL CANCELLATION REFUND LOUNGECHARGES ALL AIRPORT LOUNGE VISITS WITHIN INDIA THROUGH INTERNATIONAL LOUNGE ACCESS PROGRAMS LIKE PRIORITY PASS PROGRAM WILL BE CHARGED A USAGE FEE OF UP TO USD 27 PER VISIT APPLICABLE TAXES FOR DETAILS PLEASE VISIT SBICARD COM ALL AIRPORT LOUNGE VISITS OUTSIDE INDIA THROUGH INTERNATIONAL LOUNGE ACCESS PROGRAMS LIKE PRIORITY PASS PROGRAM AFTER EXHAUSTING THE COMPLIMENTARY VISITS WILL BE CHARGED WITH A USAGE FEE OF UP TO USD 27 PER VISIT APPLICABLE TAXES FOR DETAILS PLEASE VISIT SBICARD COM GRACE PERIOD GRACE PERIOD OF 3 DAYS IS ALLOWED FROM THE PAYMENT DUE DATE ON CREDIT CARD ACCOUNTS WHERE PAYMENTS ARE NOT OVERDUE FROM PREVIOUS BILLING CYCLE S THE PAYMENT DUE DATE AS MENTIONED ON THE CREDIT CARD STATEMENT IS THE DATE BY WHICH CLEAR FUNDS MUST BE CREDITED TO THE CREDIT CARD HOWEVER 3 GRACE DAYS ARE PROVIDED TO ACCOMMODATE FOR PROCESSING TIME OF PAYMENTS SURCHARGE AS PRESCRIBED BY IRCTC INDIAN RAILWAYS RAILWAY TICKETS WWW IRCTC CO IN 1 OF TRANSACTION AMOUNT ALL APPLICABLE TAXES PETROL ALL PRODUCTS SERVICES SOLD FUEL SURCHARGE IS LEVIED BY ACQUIRING BANK PROVIDING THE AT PETROL PUMPS TERMINAL TO THE MERCHANT THE TRANSACTION VALUE ON CHARGE SLIP WILL DIFFER FROM CREDIT CARD STATEMENT SINCE THE SURCHARGE GST IS LEVIED BY ACQUIRING BANK ON THE TRANSACTION VALUE 1 FUEL SURCHARGE WAIVER EXCLUDING GST SHALL BE PROVIDED FOR ELIGIBLE TRANSACTION VALUE ON SELECT CARDS FUEL SURCHARGE WAIVER TERMS AND CONDITIONS MAY VARY REFER PRODUCT T CS FOR DETAILS FOR REWARD POINT REDEMPTION YOUR SBI CARD MUST NOT BE OVERDUE SUSPENDED BLOCKED CANCELLED OR TERMINATED BY SBICPSL AT THE TIME OF REDEMPTION REQUEST APPLICABLE TAXES MEANS FOR THE CARDHOLDERS HAVING STATE OF RESIDENCE IN THE RECORDS OF SBI CARD ON THE STATEMENT DATE AS HARYANA CENTRAL TAX 9 AND STATE TAX 9 FOR THE CARDHOLDERS HAVING STATE OF RESIDENCE IN THE RECORDS OF SBI CARD ON THE STATEMENT DATE AS OTHER THAN HARYANA INTEGRATED TAX 18 ALL TRANSACTIONS TOWARDS PAYMENT OF RENT THROUGH ANY MERCHANT WILL BE LEVIED RS 199 APPLICABLE TAXES AS PROCESSING FEE ALL THE TRANSACTIONS IDENTIFIED UNDER MERCHANT CATEGORY CODE MCC 6513 WILL BE CONSIDERED AS RENT PAYMENT TRANSACTIONS IMPORTANT POINTS PAYMENT OF ANY AMOUNT LESSER THAN THE TOTAL AMOUNT DUE IN ANY MONTH RESULTS IN INTEREST ACCRUAL ON THE BALANCE OUTSTANDING AMOUNT INCLUDING ANY NEW PURCHASES AND CASH ADVANCES TO ENJOY THE BENEFIT OF INTEREST FREE PERIOD PLEASE PAY THE TOTAL AMOUNT DUE TAD BEFORE THE PAYMENT DUE DATE PDD FURTHER MAKING ONLY THE MINIMUM PAYMENT EVERY MONTH WOULD RESULT IN THE REPAYMENT STRETCHING OVER MONTHS YEARS WITH CONSEQUENTIAL COMPOUNDED INTEREST PAYMENT ON YOUR OUTSTANDING BALANCE SMA NPA SPECIAL MENTION ACCOUNTS SMA IN FURTHERANCE TO REGULATORY REQUIREMENTS SBI CARD IS REQUIRED TO IDENTIFY INCIPIENT STRESS IN THE ACCOUNT BY CREATING A SUB ASSET CATEGORY VIZ SPECIAL MENTION ACCOUNTS SMA WITH THE THREE SUB CATEGORIES AS GIVEN IN THE TABLE BELOW CREDIT CARDS ARE TREATED AS LOANS OTHER THAN REVOLVING FACILITIES BASIS FOR CLASSIFICATION PRINCIPAL OR INTEREST PAYMENT OR ANY OTHER AMOUNT SMA SUB CATEGORIES WHOLLY OR PARTLY OVERDUE SMA 0 UPTO 30 DAYS FROM PAYMENT DUE DATE PDD SMA 1 MORE THAN 30 DAYS UPTO 60 DAYS FROM PDD SMA 2 MORE THAN 60 DAYS UPTO 90 DAYS FROM PDD EXAMPLE REGARDING CLASSIFICATION OF SMA IF PAYMENT DUE DATE PDD OF A CREDIT CARD ACCOUNT IS 31ST MARCH 2021 AND MINIMUM AMOUNT DUE MAD IS NOT RECEIVED BEFORE THIS DATE THEN AFTER THE DUE DATE THE ACCOUNT WILL BE MENTIONED AS SMA 0 IF THE ACCOUNT CONTINUES TO REMAIN OVERDUE BEYOND 30 DAYS FROM PDD I E BEYOND 30TH APRIL 2021 THEN THIS ACCOUNT SHALL GET TAGGED AS SMA 1 SIMILARLY IF THE ACCOUNT CONTINUES TO REMAIN OVERDUE BEYOND 60 DAYS FROM PDD I E BEYOND 30TH MAY 2021 THEN THIS ACCOUNT SHALL GET TAGGED AS SMA 2 NON PERFORMING ASSET NPA A CREDIT CARD ACCOUNT WILL BE TREATED AS NON PERFORMING ASSET NPA IF THE MINIMUM AMOUNT DUE AS MENTIONED IN THE STATEMENT IS NOT PAID FULLY WITHIN NINETY 90 DAYS FROM THE PDD MENTIONED IN THE STATEMENT FURTHER ANY ACCOUNT WHERE A SETTLEMENT OR RESTRUCTURING ARRANGEMENT HAS BEEN AVAILED WILL BE CLASSIFIED AS NPA AN ACCOUNT CONTINUES TO BE CLASSIFIED AS NPA TILL THE ENTIRE ARREARS OF INTEREST AND PRINCIPAL ARE PAID SETTLEMENT AND RESTRUCTURED ACCOUNTS DO NOT QUALIFY FOR AN UPGRADE FINALLY IF ANY CUSTOMER HAS EVEN ONE CREDIT CARD WITH SBICARD TAGGED AS NPA ALL CARDS OF THE CUSTOMER WILL BE CLASSIFIED AS NPA EXAMPLE REGARDING CLASSIFICATION OF AN ACCOUNT AS NPA IF PAYMENT DUE DATE PDD OF A CREDIT CARD ACCOUNT IS 31ST MARCH 2021 AND MINIMUM AMOUNT DUE AS MENTIONED IN THE STATEMENT HAS NOT BEEN FULLY PAID BY THE CUSTOMER WITHIN A PERIOD OF 90 DAYS FROM THE PDD I E TILL 29TH JUNE 2021 THEN THE LENDER SHALL CONSIDER THE CREDIT CARD ACCOUNT AS NPA AS PER RECENT RBI GUIDELINES CHEQUES SHOULD HAVE NO CORRECTIONS ON THE PAYEE NAME AMOUNT EITHER IN WORDS OR FIGURES HENCE WE REQUEST YOU TO TAKE CARE AT THE TIME OF ISSUING CHEQUES AGAINST YOUR SBI CARD DUES IN ORDER TO AVOID ANY INCONVENIENCE CHARGES INCASE OF ANY TRANSACTION DISPUTE PLEASE SEND A SIGNED DISPUTE FORM WITHIN 25 DAYS FROM DATE OF TRANSACTION TO CHARGEBACK SBICARD COM NO NEW STATEMENT WILL BE SENT IN CASE OF CREDIT BALANCE AND NO NEW TRANSACTION ON THE ACCOUNT WITHIN 30 DAYS OF THE LAST STATEMENT SBI CARDS MAY NOT APPROVE HIGH RISK TRANSACTIONS E G JEWELLERY ETC TO PREVENT MISUSE OR POTENTIAL FRAUD ON YOUR SBI CARD SBI CARD DISCLOSES INFORMATION REGARDING YOUR ACCOUNT TO CREDIT INFORMATION BUREAUS AGENCIES ON A REGULAR BASIS AS MANDATED BY RBI IN THE EVENT OF NON PAYMENT OF AT LEAST THE MINIMUM AMOUNT DUE BY THE PAYMENT DUE DATE YOUR CARD ACCOUNT WILL BE REPORTED AS DEFAULT TO CREDIT INFORMATION BUREAUS AGENCIES CARDHOLDERS WITH ACTIVE CREDIT CARDS WITH IDENTICAL BILLING CYCLE WILL BE ASSIGNED THE SAME BILLING CYCLE FOR ANY NEW CARD ISSUANCE BILLING CYCLE OF NEW CREDIT CARD S FOR CARDHOLDERS WITH ONLY ONE ACTIVE CREDIT CARD WILL BE SAME AS THE EXISTING CARD LET S CONNECT LET S SIMPLIFY BY PHONE FOR ALL CARD EXCEPT AURUM 39 02 02 02 PREFIX LOCAL STD CODE OR 1860 180 1290 BY E MAIL FOR ALL CARD EXCEPT AURUM CUSTOMERCARE SBICARD COM FOR ALL CARD EXCEPT AURUM LOG ON TO WWW SBICARD COM AND REGISTER BY WEB BY LETTER WRITE TO US AT MANAGER CUSTOMER CORRESPONDENCE UNIT DLF INFINITY TOWERS TOWERC 12TH FLOOR BLOCK 2 BUILDING 3 DLF CYBER CITY GURUGRAM 122002 HARYANA INDIA OR POST BAG NO 28 GPO NEW DELHI 110001 CUSTOMER GRIEVANCE REDRESSAL ALL GRIEVANCE ESCALATIONS SHOULD BE MARKED TO MR PROSENJIT DHAR NODAL OFFICER SBI CARDS AT ABOVE ADDRESS OR VIA EMAIL AT NODALOFFICER SBICARD COM IF CONCERN NOT RESOLVED WITHIN 15 DAYS YOU MAY APPROACH MR MANISH DEWAN HEAD CUSTOMER SERVICES AT CUSTOMERSERVICEHEAD SBICARD COM BILLING AND STATEMENT SBICPSL WILL SEND THE CARDHOLDER A MONTHLY STATEMENT SHOWING THE PAYMENTS CREDITED AND THE TRANSACTIONS DEBITED TO THE CARDHOLDER S ACCOUNT SINCE THE LAST STATEMENT PROVIDED THE CARD HAS BEEN ACTIVE DURING THE SAID PERIOD SBICPSL WILL EITHER MAIL A STATEMENT OF TRANSACTIONS IN THE CARD ACCOUNT TO THE MAILING ADDRESS IT HAS ON RECORD OR SEND A STATEMENT THROUGH EMAIL TO THE EMAIL ID ON RECORD ON A PRE DETERMINED DATE WAYS TO MAKE PAYMENT FOR YOUR SBI CREDIT CARD PAY VIA STANDING INSTRUCTION E NACH ENROLL FOR E NACH FOR AUTOMATED AND HASSLE FREE BILL PAYMENTS EVERY MONTH YOUR CARD DUES WILL BE DEDUCTED DIRECTLY FROM YOUR BANK ACCOUNT ON THE PAYMENT DUE DATE FOR MORE DETAILS VISIT WWW SBICARD COM PAY VIA UPI YOU CAN PAY YOUR BILL FASTER VIA UPI PAYMENT MODE ON SBI CREDIT CARD APP OR ON WEBSITE USING QR CODE NEFT NATIONAL ELECTRONIC FUNDS TRANSFER PAY YOUR SBI CREDIT CARD OUTSTANDING USING NEFT AND GET INSTANT CREDIT TO YOUR CARD ACCOUNT 24X7 USE YOUR 15 16 DIGIT CREDIT CARD NUMBER AS BENEFICIARY A C IFSC CODE SBIN00CARDS TO REGISTER YONO BY SBI PAY YOUR SBI CREDIT CARD BILLS WITH YONO BY SBI APP AND GET INSTANT CREDIT IN YOUR SBI CARD ACCOUNT PAYNET CLICK ON PAYNET AT WWW SBICARD COM TO MAKE YOUR PAYMENT ONLINE THROUGH NETBANKING OR YOUR SBI ATM CUM DEBIT CARD PAYMENT WILL REFLECT INSTANTLY ON YOUR SBI CREDIT CARD ACCOUNT FOR BANK DETAILS PLEASE LOG ONTO WWW SBICARD COM DEBIT CARD PAYMENT PAY ONLINE USING SELECTED BANKS DEBIT CARD PAYMENT WILL REFLECT INSTANTLY ON YOUR SBI CREDIT CARD ACCOUNT FOR MORE DETAILS VISIT WWW SBICARD COM VISA CREDIT CARD PAY USE VISA CREDIT CARD PAY TO PAY YOUR SBI CREDIT CARD BILL YOUR PAYMENT WILL BE CREDITED INSTANTLY AUTO DEBIT AUTHORIZE SBI CARD TO DEBIT YOUR BANK ACCOUNT SAVINGS CURRENT BY FILLING THE AUTO DEBIT MANDATE AVAILABLE AT SELECTED BANKS FOR MORE DETAILS VISIT WWW SBICARD COM MASTERCARD MONEYSEND DOWNLOAD ANY AUTHORIZED THIRD PARTY PAYMENT APP USE A PLATFORM THAT SUPPORTS THE MASTERCARD MONEYSEND PAYMENT MODE YOUR PAYMENT WILL BE CREDITED INSTANTLY TO YOUR CREDIT CARD ACCOUNT BBPS VISIT THE SBI UNIPAY WEBSITE TO PAY YOUR CREDIT CARD BILL CONVENIENTLY AND SECURELY THROUGH BHARAT BILL PAYMENT SYSTEM OTC PAY YOUR SBI CREDIT CARD DUES OVER THE COUNTER AT ANY SBI BRANCH IN INDIA ATM PAY AT ANY SBI ATM WITH YOUR SBI DEBIT CARD THIS SERVICE IS AVAILABLE AT ALL SBI ATMS ACROSS INDIA CHEQUE PAY YOUR SBI CREDIT CARD DUES THROUGH CHEQUE YOU CAN DROP YOUR CHEQUE AT ANY OF THE SBI CARD DROP BOXES AVAILABLE ACROSS INDIA IMPS PAY YOUR SBI CREDIT CARD OUTSTANDING USING IMPS AND GET INSTANT CREDIT TO YOUR CARD ACCOUNT 24X7 USE COUNTRY CODE 91 REGISTERED MOBILE NUMBER ALONG LAST 4 DIGIT OF CARD NUMBER WITH IFSC CODE SBIN00CARDS NOTE FOR SMOOTH PROCESSING OF PAYMENT MADE TOWARDS YOUR CARD OUTSTANDING PLEASE AVOID USING PAYMENT MODES NOT ADVISED BY SBI CARD TO KNOW MORE ABOUT THE WAYS TO MAKE PAYMENT PLEASE VISIT HTTPS SBICARD COM EN PERSONAL PAY PAGE IMPORTANT COMMUNICATION ON PAYMENT DECLINE AS PER SBI CARD INTERNAL POLICY PAYMENTS MADE BY CUSTOMER THROUGH ANY INSTANT CHANNEL NEFT VISA MONEY TRANSFER MASTERCARD MONEYSEND BBPS PAYNET DEBIT CARD OR UPI WILL BE DECLINED IF THE AMOUNT PAID IS MORE THAN THE CURRENT OUTSTANDING HENCE CUSTOMERS ARE ADVISED NOT TO MAKE EXCESS PAYMENT TOWARDS THEIR CREDIT CARD AN ILLUSTRATION OF THE FINANCE CHARGE CALCULATION STATEMENT DATE IS 2ND OF EVERY MONTH AND PAYMENT DUE DATE IS 22ND OF EVERY MONTH THE INTEREST FREE PERIOD IS FROM THE 3RD OF EVERY MONTH TO 22ND OF THE NEXT MONTH PROVIDED THE PREVIOUS OUTSTANDING BALANCE IS PAID IN FULL MAKING ONLY THE MINIMUM PAYMENT EVERY MONTH WOULD RESULT IN THE REPAYMENT STRETCHING OVER YEARS WITH CONSEQUENT INTEREST PAYMENT ON YOUR OUTSTANDING BALANCE CARDHOLDER MAKES A RETAIL PURCHASE OF 1 200 ON 30TH APRIL THEREFORE THE TOTAL AMOUNT DUE ON THE STATEMENT DATED 2ND MAY IS 1 200 TO BE PAID BEFORE 22ND MAY ON 21ST MAY THE CARDHOLDER PAYS MINIMUM AMOUNT DUE OF 200 ON 25TH MAY CARDHOLDER MAKES A FRESH PURCHASE OF 1 000 STATEMENT DATED 2ND JUNE WOULD SHOW THE FOLLOWING COMPONENTS A FINANCE CHARGE CALCULATED OUTSTANDING AMOUNT X 3 75 X 12 MONTHS X NO OF DAYS 365 FINANCE CHARGE ON 1 200 FROM 30TH APRIL TO 20TH MAY 21 DAYS 31 07 FINANCE CHARGE ON 1 000 FROM 21ST MAY TO 2ND JUNE 13 DAYS 16 03 FINANCE CHARGE ON 1 000 OF FRESH PURCHASE FROM 25TH MAY TO 2ND JUNE 9 DAYS 11 10 TOTAL FINANCE CHARGE FOR 2ND JUNE CYCLE 58 19 B TOTAL PRINCIPAL AMOUNT OUTSTANDING 2 000 BALANCE 1 000 OUTSTANDING FROM LAST MONTH S BILLING PERIOD 1 000 FRESH PURCHASE HENCE TOTAL AMOUNT DUE A B APPLICABLE TAXES IF MINIMUM AMOUNT DUE OF 200 IS NOT PAID BY DUE DATE OF 22ND MAY LATE PAYMENT CHARGES AS APPLICABLE WOULD BE LEVIED KRISHAK UNNATI SBI CARD CUSTOMERS PLEASE REFER TO BELOW TABLE PLEASE NOTE THAT THE FOLLOWING FEES AND CHARGES ARE NOT APPLICABLE FOR KRISHAK UNNATI SBI CARD CASH ADVANCE FEE NO CASH LIMIT ALLOCATED FOREX MARKUP INTERNATIONAL USAGE NOT ALLOWED CASH PAYMENT FEE FINANCE CHARGES LATE PAYMENT CHARGES PAYMENT DISHONOR FEE CARD REPLACEMENT FEE CHEQUE FEE CHEQUE PICKUP FEE STATEMENT RETRIEVAL FEE OVERLIMIT FEE REWARD REDEMPTION FEE SURCHARGES AND OTHER DUTIES ALONG WITH APPLICABLE TAXES WILL BE APPLICABLE THIS CARD DOES NOT OFFER CARDHOLDER A REVOLVING CREDIT FACILITY CARDHOLDER HAS TO PAY TOTAL AMOUNT DUE PRINTED ON THE STATEMENT SIMPLYSAVE MERCHANT SBI CARD IS A CHARGE CARD THIS CARD DOES NOT OFFER CARDHOLDER A REVOLVING CREDIT FACILITY CARDHOLDER HAS TO PAY TOTAL AMOUNT DUE PRINTED ON THE STATEMENT FOR THE PURPOSES OF SIMPLYSAVE MERCHANT SBI CARD ONLY THE TOTAL AMOUNT DUE TAD WILL BE CONSTRUED TO BE EQUAL TO THE MINIMUM AMOUNT DUE MAD ORDER OF PAYMENT SETTLEMENT PAYMENT RECEIVED AGAINST THE CARDHOLDER S OUTSTANDING WILL BE ADJUSTED AGAINST 100 OF GST 100 OF EMI AMOUNT 100 OF FEES CHARGES 100 OF FINANCE CHARGES BALANCE TRANSFER RETAIL SPENDS AND CASH ADVANCE IN THAT ORDER UTILITY PAYMENTS SHALL BE IDENTIFIED UNDER MERCHANT CATEGORY CODE MCC 4900 ON BEST EFFORT BASIS THE MCCS ARE DEFINED BY THE NETWORK PARTNERS AND ARE SUBJECT TO CHANGE BASIS THEIR DISCRETION AND SUCH CHANGES SHALL BE IMPLEMENTED BASIS COMMUNICATION FROM THE NETWORKS WITHOUT ANY REQUIREMENT FOR INTIMATION INFORMATION TO THE CUSTOMERS IDENTIFIED UNDER MERCHANT CATEGORY CODE MCC 8211 8220 8241 8244 8249 AND 8299 ON BEST EFFORT BASIS THIRD PARTY APPS LIKE BUT NOT LIMITED TO CRED CHEQ MOBIKWIK ETC IDENTIFIED UNDER MERCHANT CATEGORY CODE MCC 6540 AND 6541 ON BEST EFFORT BASIS THE MCCS ARE DEFINED BY THE NETWORK PARTNERS AND ARE SUBJECT TO CHANGE BASIS THEIR DISCRETION AND SUCH CHANGES SHALL BE IMPLEMENTED BASIS COMMUNICATION FROM THE NETWORKS WITHOUT ANY REQUIREMENT FOR INTIMATION INFORMATION TO THE CUSTOMERS PAYMENTS AND COMBINED CREDIT LIMIT IF A CUSTOMER HOLDS MULTIPLE SBI CREDIT CARDS THE CREDIT LIMIT MAY BE SHARED ACROSS THESE CARDS AT THE CUSTOMER LEVEL AS APPROVED BY THE SBI CARD AT ITS SOLE DISCRETION AND IN ACCORDANCE WITH ITS INTERNAL POLICIES THE COMBINED USAGE ACROSS ALL SBI CARD CREDIT CARDS WILL BE RESTRICTED TO THE SHARED CREDIT LIMIT ASSIGNED PAYMENTS AGAINST THE MONTHLY CARD STATEMENT MUST BE MADE SEPARATELY FOR EACH CARD BASED ON THE AMOUNT REFLECTED IN THE RESPECTIVE STATEMENT IF ONE CARD HAS A CREDIT BALANCE EXCESS PAYMENT IT WILL NOT BE SET OFF AGAINST THE OUTSTANDING BALANCE ON OTHER CARD S NON PAYMENT OF THE OUTSTANDING AMOUNT BY THE PAYMENT DUE DATE WILL ATTRACT APPLICABLE CHARGES IN ACCORDANCE WITH THE MOST IMPORTANT TERMS AND CONDITIONS MITC,"POLLO.AI SINGAPORE SG Transactions highlighted in grey color, if any, do not form part of Purchases & Other Debits; #Transactions fully/partially converted to Flexipay/Encash/Merchant EMI. C=Credit ; D=Debit; EN=Encash; FP=Flexipay; EMD=Easy Money Draft; BT=Balance Transfer; M=Monthly Installments; TAD=Total Amount Due; T=Temporary Credit. Important Messages W.e.f. 1st May 2026, Late Payment Charges (LPC) will be revised to Rs.100 for Outstanding Amount Due greater than Rs.100 up to Rs.500, and Rs.500 for Outstanding Amount Due greater than Rs.500 up to Rs.1,000. *Total Amount Due (TAD) needs to be paid by payment due date to avoid levy of finance charges on new transactions done after the statement date.The difference,if any, between the Total Amount Due and the Total Outstanding is the balance on the Flexipay/Encash/Installments as applicable.** To keep your credit card in good standing,you have the option of paying atleast the minimum amount due on or before the due date.The Minimum Amount Due includes the EMI on Flexipay/Encash/Installment amounts & 100% of all applicable taxes.Content of this statement will be considered correct if no error is reported within 20 days.Subject to meeting the eligible spend amount,the Annual Fee reversal will reflect in your SBI Card account within 10 days of the fee being levied. SAVINGS AND BENEFITS SECTION For this statement For this year From the card issue date Offer Cashback ( ` )# 0.00 0.00 0.00 Petrol Surcharge Waiver( ` )# 11.38 33.72 33.72 Card Cashback ( ` )# 457 1486 21705 # with effect from transactions dated 17-Nov-2011. Treatment of EMI benefits / services availed by the cardholder Instant information 24X7, by just sending an SMS to 5676791 once the account turns NPA : A day after the statement is generated post account Simply Balance Enquiry: Available Credit & Cash limit: classification as NPA, all EMI plans (excluding restructured plans) SMS BAL XXXX AVAIL XXXX available on the account shall be closed & the principal outstanding along with the outstanding interest accrued till the Hotlist Lost/Stolen Card: Last Payment Status: date of such EMI plans shall be debited to the Credit Card BLOCK XXXX PAYMENT XXXX Account & appear in the subsequent monthly statement. SBI Card Reward Point Summary: Subscribe to Estatement: shall be entitled to demand immediate repayment of such REWARD XXXX ESTMT XXXX consolidated outstanding amounts. As a part of the Credit Card Duplicate Statement: Account, this balance will attract all applicable charges (including DSTMT XXXX Statement Period in MMYY finance charges at applicable interest rate) as outlined in the MITC. XXXX = Last 4 Digits of the Card No. W.e.f. 15 Sep 2025, a revised ‘Cheque Processing Fee’ of Rs. Important Information on Disputed Transaction(s): 200 will be applicable on outstanding payments made via Cheque. This revision is reflective of the increased operational •Kindly note that this temporary credit (T) has been rendered to cost associated with offline payment modes. Payments made you in the interim and though the amount is included in your through digital channels such as UPI, BBPS, NEFT, etc will available credit limit, you will not be able to spend the amount continue to be free of any additional charges. We encourage our while the dispute is still under investigation. cardholders to explore digital modes for hassle-free payments & •As we are dependent on feedback from external parties such as faster credits. acquiring bank, closure of such disputes may take up to a maximum of 120 days from date of initiation of investigation. Important Notes •Post completion of the investigation, in case the dispute is •Description of Services :- Credit Card Services not closed in cardholder’s favor, the temporary credit shall be •HSN Code : 997113 reversed and corresponding debit entry shall reflect on the •Declaration : We hereby declare that the tax in relation to this card account. However, in case the dispute gets resolved in statement is not payable under reverse charge mechanism favor of the cardholder, the temporary credit shall be •Name and the address of the supplier : SBI Cards and Payment regularized and replaced by a permanent credit. Reward Points Services Limited (SBI Card) , DLF Cyber City, Tower C, for the disputed transaction will be debited in case the dispute is Block 2, Building 3 DLF Infinity Towers,12th Floor, Gurugram, closed in cardholders favor. Further any charges levied on the HR - 122002 disputed transaction during the period of investigation will be reversed,however same will be billed in the subsequent card statement, incase the dispute is not closed in cardholders favor. Log onto sbicard.com to view the “Most Important Terms & •All transaction disputes are resolved as per the Network Conditions” & updated information on all ongoing offers. (VISA, MasterCard, Rupay, Amex) Guidelines. You will receive SBI Card (SBICPSL) is a Corporate Agent of Royal Sundaram continuous updates on status of the dispute. General Insurance Co. Limited, SBI General Insurance The interest amount chargeable in the 1st EMI will be calculated Company Limited and SBI Life Insurance Company Limited for the period between Plan Open Date (Encash, Encash Inline, BT Vide IRDAI Registration Code CA0075. Insurance is the on EMI & Flexipay)/Booking Confirmation Date (Merchant EMI) subject matter of solicitation. and the payment due date (PDD), as per the credit card statement cycle. From 2nd EMI onwards, interest will be levied for a 30-day period, from one PDD to the next PDD. Hence, the 1st EMI amount may be different from subsequent EMIs. SAFETY FIRST •SBI Card has now introduced OTP for 3D secure authentication of all Online Credit Card transactions •Please ensure your current mobile no. is registered with us •Please do not share this 6 digits OTP with anyone. SBI Card never asks for such information IMPORTANT INFORMATION . . . . . Important Terms & Conditions Charges & Cardholder Agreement Privacy Policy Reach Us Payment Options CKYC CKYC (Central Know Your Customer) is a centralized database of KYC records of customers taking financial services from Banks, NBFCs etc. CKYC Identifier is a unique number generated for an individual on completing KYC formalities at the time of account opening/updation. Transactions that remain unbilled on the statement date will reflect in the next cycle. You can check transaction status at https://sbicard.com , Mobile App or https://ila.sbicard.com/. W.e.f. 1st Nov’25, the following charges will be levied on the below mentioned transactions. For more details, please refer the Most Important Terms and Conditions (MITC) on www.sbicard.com. • Fee of 1% of the transaction amount applicable on Education Payments made through third-party apps. However, payments made directly to colleges or schools via their websites or POS machines will not attract any fee. • Fee of 1% of the transaction amount applicable on every wallet load transaction exceeding Rs.1000. •Declaration : I/We hereby declare that though our aggregate turnover in any preceding financial year from 2017-18 onwards is more than the aggregate turnover notified under sub-rule (4) of rule 48, we are not required to prepare an invoice in terms of the provisions of the said sub-rule. Version 1.1 / OCT, 2025 For SBI Cards and Payment Services Limited (SBI Card). Authorized Signatory Schedule of Charges Annual Credit Card Name Renewal Fee (Rs.) Fee (Rs.) 9,999 (Waived off on annual spends of 12 Lakh or more AURUM 9,999 in the preceding year) KrisFlyer SBI Card Apex 9,999 9,999 KrisFlyer SBI Card 2,999 2,999 2,999 (Waived off on annual spends of 3 Lakh or more SBI Card PRIME 2,999 in the preceding year) 2,999 (Waived off on annual spends of 3 Lakh or more SBI Card PRIME Advantage 2,999 in the preceding year) 1,499 (Waived off on annual spends of 2 Lakh or more Doctor's SBI Card 1,499 in the preceding year) 1,499 (Waived off on annual spends of 1.5 Lakh or more Shaurya Select SBI Card 1,499 in the preceding year) 250 (Waived off on annual spends of 50,000 or more Shaurya SBI Card 250 in the preceding year) 1,499 (Waived off on annual spends of 2 Lakh or more in SBI Card PULSE 1,499 the preceding year) 999 (Waived off on annual spends of 2 Lakh or more 999 CASHBACK SBI Card in the preceding year) 499 (Waived off on annual spends of 1 Lakh or more SimplyCLICK SBI Card 499 in the preceding year) 499 (Waived off on annual spends of 1 Lakh or more in SimplyCLICK Advantage SBI Card 499 the preceding year) 499 (Waived off on annual spends of 1 Lakh or more SimplySAVE SBI Card 499 in the preceding year) 499 (Waived off on annual spends of 1 Lakh or more SimplySAVE Advantage SBI Card 499 in the preceding year) SBI Card Unnati NIL 499 (5th Year Onwards) 499 (Waived off on annual spends of 30,000 or more in Krishak Unnati SBI Card NIL the preceding year) Aditya Birla SBI Card 499 499 Aditya Birla SBI Card SELECT 1,499 1,499 Air India SBI Platinum Card 1,499 1,499 Air India SBI Signature Card 4,999 4,999 499 (Waived off on annual spends of 1 Lakh or more Apollo SBI Card 499 in the preceding year) 499 (Waived off on annual spends of 1 Lakh or more in BPCL SBI Card 499 the preceding year) 1,499 (Waived off on annual spends of 2 Lakh or more BPCL SBI Card Octane 1,499 in the preceding year) Club Vistara SBI Card PRIME 2,999 2,999 Club Vistara SBI Card 1,499 1,499 499 (Waived off on annual spends of 1 Lakh or more Delhi Metro SBI Card 499 in the preceding year) 499 (Waived off on annual spends of 1 Lakh or more Fabindia SBI Card 499 in the preceding year) 1,499 (Waived off on annual spends of 2 Lakh or more Fabindia SBI Card SELECT 1,499 in the preceding year) IRCTC SBI card 500 500 1,499 (Waived off on annual spends of 2 Lakh or more IRCTC SBI Card Premier 1,499 in the preceding year) ""Lifestyle Home Centre SBI Card , MAX SBI 499 499 Card, SPAR SBI Card"" ""Lifestyle Home Centre SBI Card PRIME, 2,999 2,999 MAX SBI Card PRIME, SPAR SBI Card PRIME"" ""Lifestyle Home Centre SBI Card SELECT, 1,499 1,499 MAX SBI Card SELECT, SPAR SBI Card SELECT"" 1,499 (Waived off on annual spends of 2 Lakh or more Nature's Basket SBI Card 1,499 in the preceding year) 4,999 (Waived off on annual spends of 10 Lakh or more Nature's Basket SBI Card ELITE 4,999 in the preceding year) 499 (Waived off on annual spends of 1 Lakh or more in OLA Money SBI Card NIL the preceding year) Paytm SBI Card 499 499 1,499 (Waived off on annual spends of 2 Lakh or more in Paytm SBI Card SELECT 1,499 the preceding year) 499 (Waived off on annual spends of 1 Lakh or more in Yatra- SBI Card 499 the preceding year) 2,999 (Waived off on annual spends of 3 Lakh or more City Union Bank SBI Card PRIME 2,999 in the preceding year) City Union Bank SimplySAVE SBI 499 499 (Waived off on annual spends of 1 Lakh or more Card in the preceding year) 2999 (Waived off on annual spends of 3 Lakh or more Karnataka Bank SBI Card PRIME 2,999 in the preceding year) 499 (Waived off on annual spends of 1 Lakh or more Karnataka Bank SimplySAVE SBI 499 in the preceding year) Card 2,999 (Waived off on annual spends of 3 Lakh or more PSB SBI Card PRIME 2,999 in the preceding year) 4,999 (Waived off on annual spends of 10 Lakh or more PSB SBI Card ELITE 4,999 in the preceding year) 499 (Waived off on annual spends of 1 Lakh or more PSB SimplySAVE SBI Card 499 in the preceding year) 499 499 (Waived off on annual spends of 1 Lakh or more UCO Bank SimplySAVE SBI Card in the preceding year) 2,999 (Waived off on annual spends of 3 Lakh or more 2,999 UCO Bank SBI Card PRIME in the preceding year) UCO Bank SBI Card ELITE 4,999 4,999 (Waived off on annual spends of 10 Lakh or more in the preceding year) SimplySAVE Merchant SBI Card NIL NIL 499 (Waived off on annual spends of 1 Lakh or more Reliance SBI Card 499 in the preceding year) 2,999 (Waived off on annual spends of 3 Lakh or more Reliance SBI Card PRIME 2,999 in the preceding year) 2,999 (Waived off on annual spends of 3 Lakh or more Titan SBI card 2,999 in the preceding year) 1,499 (Waived off on annual spends of 6 Lakh or more SBI Card MILES 1,499 in the preceding year) 2,999 (Waived off on annual spends of 10 Lakh or more SBI Card MILES PRIME 2,999 in the preceding year) 4,999 (Waived off on annual spends of 15 Lakh or more 4,999 SBI Card MILES ELITE in the preceding year) Shaurya Select NIL NIL South Indian Bank SBI Platinum 2,999 2,999 Credit Card South Indian Bank SimplySAVE SBI 499 (Waived off on annual spends of Rs. 1 lakh or more 499 Card in the preceding Year) KVB SBI Signature Card 4,999 4,999 Karur Vysya Bank SBI Platinum 2,999 2,999 Credit Card 499 (Waived off on annual spends of Rs. 1 lakh or more Karur Vysya Bank SBI Card 499 in the preceding Year) Central SBI Select Card 750 750 Central SBI Select+ Card 2999 2999 FBB SBI Styleup Card 499 499 IRCTC SBI Platinum Card 500 500 2,999 (Waived off on annual spends of 3 lakh or more in South Indian Bank SBI Card PRIME 2,999 the preceding Year) 4,999 (Waived off on annual spends of 10 lakh or more KVB SBI Card ELITE 4,999 in the preceding Year) 2,999 (Waived off on annual spends of 3 lakh or more in KVB SBI Card PRIME 2,999 the preceding Year) KVB SimplySAVE SBI Card 499 499 (Waived off on annual spends of 1 lakh or more in the preceding Year) SBI Card ELITE 4,999 (Waived off on annual spends of 10 lakh or more 4,999 in the preceding Year) SBI Card ELITE Advantage 4,999 4,999 (Waived off on annual spends of 10 lakh or more in the preceding Year) SBI Card PRIME NRI Secured 1,500 1,500 499 499 (Waived off on annual spends of Rs.1 Lakh or more Tata Neu Plus SBI Credit Card in the preceding year) 1,499 (Waived off on annual spends of Rs.3 Lakh or 1,499 Tata Neu Infinity SBI Credit Card more in the preceding year) 1,499 1,499 (Waived off on annual spends of Rs. 3 lakh or Apollo SBI Card SELECT more in the preceding year) Bank of Maharashtra SBI Card 4,999 (Waived off on annual spends of Rs.10 Lakh or 4,999 ELITE more in the preceding year) Bank of Maharashtra SBI Card 2,999 (Waived off on annual spends of Rs.3 Lakh or more 2,999 PRIME in the preceding year) Bank of Maharashtra SimplySAVE 499 (Waived off on annual spends of Rs.1 Lakh or more 499 SBI Card in the preceding year) 499 (Waived off on annual spends of Rs.1 Lakh or more PhonePe SBI Card PURPLE 499 in the preceding year) PhonePe SBI Card SELECT 1,499 (Waived off on annual spends of Rs.3 Lakh or more 1,499 BLACK in the preceding year) 500 ( Waived off on Annual Spends of Rs 3.5 Lakh or 500 Flipkart SBI Card more in the preceding year ) IndiGo SBI Card ELITE 4,999 4,999 IndiGo SBI Card 1,499 1,499 Extended Credit Interest Free Credit Period 20-50 days (applicable only on retail purchases and if previous month’s outstanding balance is paid in full) Finance Charges 3.75% p.m. (45% p.a.) for Unsecured Cards; 2.75% p.m. (33% p.a.) for Shaurya, Defence Cards and Secured cards `25 Minimum Finance Charges 100% of GST + 100% of EMI amount + 100% of Fees/Charges Minimum Amount Due + 100% of finance charges + Overlimit Amount (if any) + 2% of remaining balance outstanding. Cash Advance Cash Advance Limit Cash Advance Limit is a part of the overall Credit Limit. Cash Advance Limit is indicated in the monthly card statement. Max. cash withdrawal limit is Rs.15,000 per day on MCC - 6011(ATM Withdrawals), subject to Cash Advance Limit availability.Cash Advance is not available for MCC - 6010 (""over-the-counter"" cash disbursement). Free Credit Period Nil 3.75% p.m. (45% p.a.) for Unsecured Cards; 2.75% p.m. Finance Charges (33% p.a.) for Shaurya, Defence Cards and Secured cardsThe above-mentioned charges will be applicable from the date of Cash withdrawal. Minimum Finance Charges `25 Cash Advance Fees 2.5% of transaction amount (subject to a minimum of `500) SBI ATMs/Other Domestic ATMs 2.5% of transaction amount (subject to a minimum of `500) International ATMs Other Charges & Fees Cash Payment fee `250 Payment Dishonor fee 2% of Payment amount (subject to a minimum of `500) Cheque Payment Fee `200 Late Payment Nil for Outstanding Amount due from `0 -`100; `100 for Outstanding Amount due greater than `100 & upto `500; `500 for Outstanding Amount due greater than `500 & upto `1,000; `750 for Outstanding Amount due greater than `1,000 & upto `10,000; `950 for Outstanding Amount due greater than `10,000 & upto `25,000; `1,100 for Outstanding Amount due greater than `25,000 & upto `50,000; `1,300 for Outstanding Amount due greater than `50,000 Additional late payment charges `100 Late Payment Charges on RE `500 for Outstanding Amount due greater than `1,000 Overlimit Fee 2.5% of Overlimit Amount (subject to a minimum of Rs 600). Overlimit Fee will not be reversed in case of transaction reversal / cancellation /refund Card Replacement `100 - `250 (`1500 for Aurum) Emergency Card Replacement (When Actual cost (subject to a minimum of $175 for VISA and $ 148 Abroad) for Mastercard) Foreign Currency Transaction Fee 3.5% (For all cards Except Elite, Aurum and SBI Card Miles. SBI Card Miles Prime, SBI Card Miles Elite and Tata Neu Infinity SBI Credit Card), 3% for SBI Card Miles, 2.5% for SBI Card Miles Prime and 1.99% (For ELITE, Aurum, SBI Card Miles Elite and Tata Neu Infinity SBI Credit Card) 3.5% (For all cards Except Elite, Aurum and SBI Card Miles. Dynamic Currency Conversion Fee SBI Card Miles Prime, SBI Card Miles Elite and Tata Neu Infinity SBI Credit Card), 3% for SBI Card Miles, 2.5% for SBI Card Miles Prime and 1.99% (For ELITE, Aurum, SBI Card Miles Elite and Tata Neu Infinity SBI Credit Card). Rewards Redemption Fee `99. Applicable only on physical product, Statement Fee Credit & on vouchers that are sent physically as specified in the individual product Terms & Conditions, for all cards except AURUM. w.e.f. 1st Dec 2024, 1% of total amount of Utility Payments, if Utility Payments Fee**** the total amount exceeds Rs. 50,000 in a billing cycle. W.e.f. 1st Nov’25, 1% of the transaction amount applicable on Fee on Education Payment Transactions^ Education Payments made through third-party apps.^^ However, payments made directly to colleges or schools via their websites or POS machines will not attract any fee. W.e.f. 1st Nov’25, 1% of the transaction amount applicable on Fee on Wallet Load Transactions^^^ every wallet load transaction exceeding Rs.1000. Processing Fee on all Rent Payment `199. Processing Fee will not be reversed in case of Transactions*** transaction reversal / cancellation / refund LoungeCharges All Airport Lounge visits within India through International Lounge Access Programs(like Priority Pass program) will be charged a usage fee of up to USD 27 per visit + applicable taxes. For details, please visit sbicard.com All Airport Lounge visits outside India through International Lounge Access Programs(like Priority Pass program) , after exhausting the complimentary visits, will be charged with a usage fee of up to USD 27 per visit + applicable taxes. For details, please visit sbicard.com Grace period Grace period of 3 days is allowed from the payment due date on credit card accounts, where payments are not overdue from previous billing cycle(s). The payment due date as mentioned on the credit card statement is the date by which clear funds must be credited to the credit card, however 3 grace days are provided to accommodate for processing time of payments. Surcharge As prescribed by IRCTC / Indian Railways Railway Tickets - www.irctc.co.in 1% of transaction amount + all applicable taxes Petrol & all products/services sold Fuel surcharge is levied by acquiring bank providing the at petrol pumps terminal to the merchant.The transaction value on charge slip will differ from credit card statement since the surcharge & GST is levied by acquiring bank on the transaction value. 1% fuel surcharge waiver (excluding GST) shall be provided for eligible transaction value on select cards.Fuel surcharge waiver terms and conditions may vary.Refer product T&Cs for details. For Reward Point redemption, your SBI Card must not be overdue, suspended, blocked,cancelled or terminated by SBICPSL at the time of redemption request. **Applicable taxes means:- For the cardholders having state of residence in the records of SBI Card on the statement date as ""Haryana"" - Central Tax @ 9% and State Tax @ 9% - For the cardholders having state of residence in the records of SBI Card on the statement date as other than ""Haryana"" - Integrated Tax @ 18%.***All transactions towards payment of rent through any merchant will be levied Rs.199+Applicable Taxes as processing fee. All the transactions identified under Merchant Category Code (MCC) 6513 will be considered as rent payment transactions. Important Points ""Payment of any amount lesser than the Total Amount Due in any month results in interest accrual on the balance outstanding amount including any new purchases and cash advances. To enjoy the benefit of interest free period, please pay the Total Amount Due (TAD) before the Payment Due Date (PDD). Further, making only the minimum payment every month would result in the repayment stretching over months/years with consequential compounded interest payment on your outstanding balance."" SMA & NPA •Special Mention Accounts (‘SMA’): In furtherance to Regulatory requirements, SBI Card is required to identify incipient stress in the account by creating a sub-asset category viz. ‘Special Mention Accounts (‘SMA’)"" with the three sub-categories as given in the table below. Credit cards are treated as ""Loans other than revolving facilities"". Basis for classification [Principal or interest payment or any other amount SMA Sub-categories wholly or partly overdue] SMA – 0 Upto 30 days from Payment Due Date (‘PDD’). SMA – 1 More than 30 days &upto 60 days from PDD SMA – 2 More than 60 days &upto 90 days from PDD Example regarding classification of SMA: If Payment Due Date (‘PDD’) of a Credit Card account is 31st March 2021, and ’Minimum Amount Due (‘MAD’) is not received before this date then after the due date, the account will be mentioned as SMA-0. If the account continues to remain overdue beyond 30 days from PDD i.e., beyond 30th April 2021 then this account shall get tagged as SMA-1. Similarly, if the account continues to remain overdue, beyond 60 days from PDD i.e., beyond 30th May 2021 then this account shall get tagged as SMA-2. •Non-Performing Asset (‘NPA’): A credit card account will be treated as non-performing asset (‘NPA’) if the Minimum Amount Due, as mentioned in the statement, is not paid fully within ninety (90) days from the PDD mentioned in the statement. Further, any account where a settlement or restructuring arrangement has been availed will be classified as NPA. An account continues to be classified as NPA till the entire arrears of interest and principal are paid. Settlement and restructured accounts do not qualify for an upgrade. Finally, if any customer has even one credit card with SBICard tagged as NPA, all cards of the customer will be classified as NPA. Example regarding classification of an account as NPA: If Payment Due Date (‘PDD’) of a Credit Card account is 31st March 2021, and Minimum Amount Due as mentioned in the statement has not been fully paid by the customer within a period of 90 days from the PDD i.e., till 29th June 2021, then the lender shall consider the credit card account as NPA. As per recent RBI Guidelines, cheques should have no corrections on the payee name, amount either in words or figures. Hence, we request you to take care at the time of issuing cheques against your SBI Card dues in order to avoid any inconvenience / charges. Incase of any transaction dispute please send a signed dispute form within 25 days from date of transaction to chargeback@sbicard.com No new statement will be sent, in case of credit balance and no new transaction on the account within 30 days of the last statement. SBI Cards may not approve High Risk Transactions (e.g. Jewellery etc.) to prevent misuse or potential fraud on your SBI Card. SBI Card discloses information regarding your account to credit information bureaus / agencies on a regular basis, as mandated by RBI. In the event of non-payment of at least the Minimum Amount Due by the Payment Due Date, your card account will be reported as ‘Default’ to credit information bureaus / agencies. Cardholders with active credit cards with identical billing cycle will be assigned the same billing cycle for any new card issuance. Billing cycle of new credit card(s), for cardholders with only one active credit card, will be same as the existing card. Let’s Connect! Let’s Simplify! By Phone For All Card (except AURUM) : 39 02 02 02 (prefix local STD code) or 1860 180 1290 By E-mail For All Card (except AURUM) : customercare@sbicard.com For All Card (except AURUM) : Log on to www.sbicard.com and register By Web By Letter Write to us at Manager, Customer Correspondence Unit DLF Infinity Towers, TowerC, 12th Floor, Block 2, Building 3, DLF Cyber City, Gurugram – 122002 (Haryana)India or Post Bag No.28, GPO, New Delhi – 110001 CUSTOMER GRIEVANCE REDRESSAL: All grievance escalations should be marked to Mr. Prosenjit Dhar (Nodal Officer), SBI Cards at above address or via email at nodalofficer@sbicard.com. If concern not resolved within 15 days, you may approach Mr. Manish Dewan - Head, Customer Services at CustomerServiceHead@sbicard.com BILLING AND STATEMENT SBICPSL will send the Cardholder a monthly statement showing the payments credited and the transactions debited to the Cardholder's Account since the last statement, provided the card has been active during the said period. SBICPSL will either mail a statement of transactions in the card account to the mailing address it has on record, or send a statement through email to the email id on record, on a pre-determined date. Ways to make payment for your SBI Credit Card Pay via Standing Instruction (e-NACH) Enroll for e-NACH for automated and hassle-free bill payments, every month. Your card dues will be deducted directly from your bank account on the Payment Due Date. For more details visit www.sbicard.com Pay via UPI You can pay your bill faster via UPI payment mode on SBI Credit Card app or on website using QR code. NEFT (National Electronic Funds Transfer) Pay your SBI Credit Card outstanding using NEFT and get instant credit to your card account, 24X7. Use your 15/16-digit credit card number as Beneficiary A/c & IFSC Code SBIN00CARDS to register YONO by SBI Pay your SBI Credit Card bills with YONO by SBI App and get instant credit in your SBI Card account. PayNet Click on PayNet at www.sbicard.com to make your payment online through netbanking or your SBI ATM cum debit card. Payment will reflect instantly on your SBI Credit Card account. For bank details, please log onto www.sbicard.com Debit Card Payment Pay online using selected banks debit card. Payment will reflect instantly on your SBI Credit Card account. For more details, visit www.sbicard.com VISA Credit Card Pay Use VISA Credit Card Pay to pay your SBI Credit Card bill. Your payment will be credited instantly. Auto Debit Authorize SBI Card to debit your bank account (savings/current) by filling the Auto Debit mandate available at selected banks. For more details, visit www.sbicard.com Mastercard MoneySend Download any authorized third-party payment app / use a platform that supports the Mastercard MoneySend payment mode. Your payment will be credited instantly to your credit card account. BBPS Visit the SBI Unipay website to pay your credit card bill conveniently and securely through Bharat Bill Payment System. OTC Pay your SBI Credit Card dues over the counter at any SBI Branch in India. ATM Pay at any SBI ATM with your SBI Debit Card. This service is available at all SBI ATMs across India. Cheque Pay your SBI Credit Card dues through cheque. You can drop your cheque at any of the SBI Card drop boxes available across India. IMPS Pay your SBI Credit Card outstanding using IMPS and get instant credit to your card account, 24X7. Use country code (91), Registered Mobile Number along & last 4-digit of Card Number with IFSC Code SBIN00CARDS. Note: For smooth processing of payment made towards your card outstanding, please avoid using payment modes not advised by SBI Card. To know more about the ways to make payment, please visit https://sbicard.com/en/personal/pay.page. Important Communication on Payment Decline: As per SBI Card internal policy, payments made by customer through any instant channel (NEFT, Visa Money Transfer, MasterCard MoneySend, BBPS, Paynet, Debit Card or UPI) will be declined if the amount paid is more than the current outstanding. Hence, customers are advised not to make excess payment towards their credit card. An illustration of the Finance Charge Calculation: •Statement Date is 2nd of every Month and Payment Due Date is 22nd of every month. •The interest free period is from the 3rd of every month to 22nd of the next month provided the previous outstanding balance is paid in full. Making only the minimum payment every month would result in the repayment stretching over years with consequent interest payment on your outstanding balance. •Cardholder makes a retail purchase of `1,200 on 30th April, therefore the Total Amount Due on the statement dated 2nd May is ` 1,200 to be paid before 22nd May. •On 21st May, the Cardholder pays Minimum Amount Due of ` 200. •On 25th May, Cardholder makes a fresh purchase of ` 1,000. Statement dated 2nd June would show the following components A) Finance Charge calculated= (Outstanding Amount X 3.75% X 12 Months X No. of Days) /365 Finance Charge on `1,200 from 30th April to 20th May (21 Days) ` 31.07 Finance Charge on `1,000 from 21st May to 2nd June (13 Days) ` 16.03 Finance Charge on `1,000 of fresh purchase from 25th May to 2nd June ( 9 Days) ` 11.10 Total Finance Charge for 2nd June cycle ` 58.19 B) Total Principal Amount Outstanding = `2,000 (Balance `1,000 outstanding from last month’s billing period + `1,000 fresh purchase) Hence Total Amount Due = (A) + (B) + Applicable taxes If Minimum Amount Due of ` 200 is not paid by due date of 22nd May, Late Payment charges as applicable would be levied *Krishak Unnati SBI Card customers, please refer to below Table • Please note that the following fees and charges are not applicable for Krishak Unnati SBI Card:Cash Advance Fee (No Cash Limit Allocated), Forex Markup (International usage not allowed),Cash Payment Fee, Finance Charges, Late Payment Charges, Payment Dishonor Fee, Card Replacement Fee, Cheque Fee, Cheque Pickup Fee, Statement Retrieval Fee, Overlimit Fee,Reward Redemption Fee. Surcharges and other duties (along with applicable taxes) will be applicable. • This Card does not offer Cardholder a revolving credit facility. Cardholder has to pay Total Amount Due printed on the Statement. • SimplySAVE Merchant SBI Card is a charge Card. • This card does not offer Cardholder a revolving credit facility.Cardholder has to pay Total Amount Due Printed on the Statement. • For the purposes of SimplySAVE Merchant SBI Card only,the Total Amount Due (TAD) will be construed to be equal to the Minimum Amount Due (MAD). Order of payment settlement -Payment received against the Cardholder's outstanding will be adjusted against 100% of GST, 100% of EMI amount, 100% of Fees/Charges, 100% of Finance charges, Balance transfer, Retail Spends and Cash Advance, in that order. **** Utility payments shall be identified under Merchant Category Code (MCC) 4900, on best effort basis. The MCCs are defined by the network partners and are subject to change basis their discretion and such changes shall be implemented basis communication from the networks without any requirement for intimation/information to the customers. ^ Identified under Merchant Category Code (MCC) 8211, 8220, 8241, 8244, 8249 and 8299, on best effort basis. ^^Third Party Apps like (but not limited to) CRED, Cheq, MobiKwik etc. ^^^Identified under Merchant Category Code (MCC) 6540 and 6541, on best effort basis. The MCCs are defined by the network partners and are subject to change basis their discretion and such changes shall be implemented basis communication from the networks without any requirement for intimation/information to the customers. Payments and Combined Credit Limit: If a customer holds multiple SBI Credit Cards, the credit limit may be shared across these cards at the customer level, as approved by the SBI Card at its sole discretion and in accordance with its internal policies.The combined usage across all SBI Card Credit Cards will be restricted to the shared credit limit assigned.Payments against the Monthly Card Statement must be made separately for each card based on the amount reflected in the respective statement. If one card has a credit balance (excess payment), it will not be set off against the outstanding balance on other card(s).Non-payment of the outstanding amount by the payment due date will attract applicable charges in accordance with the Most Important Terms and Conditions (MITC).",1352.0,debit,0.0,SBI_CASHBACK,05,2026,a859836741c4a23f46882986ad5a1286c99afe2a744d8fdc6aad347535b029a3,CC Bill Payment,1.0,rule,pending,,,,Not Available
2026-05-29,2026-05-29,BBPS PAYMENT RECEIVED,BBPS Payment received,8168.99,credit,0.0,ICICI_CC,05,2026,22d99b6e609cd975a48487851d93492606067b370d45c19d4e0524746cc519f8,CC Bill Payment,1.0,rule,pending,,,,13499432763
2026-05-30,2026-05-30,DEVYANI INTERNATIONAL LTD NEW DELHI IN,DEVYANI INTERNATIONAL LTD New Delhi IN,458.85,debit,0.0,ICICI_CC,05,2026,c44ef18941f6dbb757ef372636f3a9bdd450d335423ac1b9ae13f246caefeab1,Fuel & Transport,1.0,ml_exact,pending,,,,13512471016
2026-06-04,2026-06-04,AMAZON MUMBAI IN,AMAZON Mumbai IN,658.0,debit,0.0,ICICI_CC,06,2026,caaf60b02f1c01d7d2355847e94e14a8fb026302a8f0757ebaf86081603a8873,Shopping,1.0,rule,pending,,,,13542393812
2026-06-05,2026-06-05,PAYU ACKO GENERAL INSURAN BANGALORE IN,PayU*ACKO GENERAL INSURAN Bangalore IN,8964.0,debit,0.0,ICICI_CC,06,2026,80372b3b027e5fc0721c295259684b38b806b3899d29e40e1b3b46679f02ac64,Subscriptions & Software,1.0,ml_exact,pending,,,,13548708259
2026-06-07,2026-06-07,RAZORPAY ZOMATO PD GURUGRAM IN,Razorpay*Zomato - PD Gurugram IN,376.95,debit,0.0,ICICI_CC,06,2026,d8017416e2be5d3b8e13873be635630afc5f4c644c653327dce1fa1d64894809,Food & Dining,1.0,rule,pending,,,,13560848403
2026-06-07,2026-06-07,RAZORPAY ZOMATO PD GURUGRAM IN,Razorpay*Zomato - PD Gurugram IN,356.45,debit,0.0,ICICI_CC,06,2026,d1cb5f8498f072f99443584ed60320df896eb9d0952cff8302fd2bfe010dd77e,Food & Dining,1.0,rule,pending,,,,13560848420
2026-06-15,2026-06-15,K581 KFC NATURA WALK K5 560086 IN 22,K581 KFC NATURA WALK K5 560086 IN 22%,495.15,debit,0.0,ICICI_CC,06,2026,8080793a794e8556696b1e0b48002d0ce2a5d708c5d4f052dd0913d836d02e19,Food & Dining,1.0,rule,pending,,,,13610461141
2026-06-14,2026-06-14,RAZORPAY BLINKIT GURUGRAM IN,Razorpay*Blinkit Gurugram IN,411.0,debit,0.0,ICICI_CC,06,2026,926cd2b0e5278bf3ee75ab7cc315ef3e712af8461a53de91cf0938daadc4f7ad,Groceries & Supermarket,1.0,rule,pending,,,,13610461436
2026-06-15,2026-06-15,RAZORPAY BLINKIT GURUGRAM IN DINING 8 INTERNATIONAL SPENDS FOR EXCLUSIVE OFFERS VISIT WWW ICICIBANK COM OFFERS T C APPLY ICICL BANK REWARDS TOTAL POINTS EARNED 196 POINTS EARNED ON ISHOP 0 FOR FURTHER INFORMATION ASK IPAL ON OUR WEBSITE AND MOBILE APP YOU MAY ALSO CONTACT OUR CUSTOMER CARE YOUR THE TOTAL POINTS EARNED ARE RM OR VISIT ANY ICICI BANK BRANCH INCLUSIVE OF POINTS EARNED ON ISHOP IMPORTANT MESSAGES L SAFE BANKING TIPS ICICI BANK CREDIT CARD GST NUMBER 27AAACI1195H3ZK L OUR REGISTERED OFFICE ADDRESS ICICI BANK TOWER NEAR CHAKLI CIRCLE OLD PADRA ROAD VADODARA HSN CODE 997113 CREDIT GRANTING SERVICES INCLUDING L MAKING ONLY MINIMUM PAYMENT EVERY MONTH CAN LEAD TO REPAYMENT STRETCHING OVER YEARS WITH CONSEQUENT INTEREST PAYMENT ON STAND BY COMMITMENT GUARANTEES SECURITIES OUTSTANDING BALANCE PLACE OF SUPPLY KARNATAKA L FOR ANY CLARIFICATION OR MORE INFORMATION YOU MAY CONTACT US THROUGH THE GET IN TOUCH OPTION AT WWW ICICIBANK COM L FOR RUPAY AMERICAN EXPRESS VISA MASTERCARD CREDIT CARDS FUEL SURCHARGE AND CORRESPONDING GOODS AND SERVICES TAX GST L PAYMENT THROUGH UPI IS SUBJECT TO THE LIMITS SET BY RESPECTIVE PAYMENT SERVICE PROVIDERS INVOICE NO 1574280600809197 CIN NO L65190GJ1994PLC021012 00005 70723 CREDIT CARD STATEMENT CID 106 CID 29 CID 7 CID 21 CID 27 CID 101 CID 64 CID 20 CID 100 CID 28 CID 8 CID 57 CID 107 28062026 32707 DOWNLOAD THE IMOBILE PAY APP TO VIEW STATEMENT INSTANTLY BLOCK UNBLOCK ATM WITHDRAWAL ONLINE TRANSACTIONS INTERNATIONAL TRANSACTIONS IN A SINGLE CLICK SMS IMOBILE TO 5676766 TO GET THE DOWNLOAD LINK OR GIVE A MISSED CALL ON 9222299998 TO ASSISTANCE ON CALL ACE YOUR DIGITAL BANKING WITH IPLAY VIDEOS SCAN THE OR CODE TO KNOW ABOUT THE CREDIT CARD SERVICES ON ICICI BANK S IMOBILE PAY SCAN TO WATCH IPLAY VIDEO T C APPLY ALL COMMUNICATIONS ARE BEING SENT TO YOUR REGISTERED E MAIL ID AND MOBILE NUMBER SERVICE REQUESTS CREDIT CARD REQUEST FOR ADDRESS CHANGE OR VISIT THE NEAREST ICICI BANK BRANCH CID 169 CID 120 CID 118 CID 160 CID 142 CID 155 CID 150 CID 153 CID 170 CID 114 CID 194 CID 164 CID 212 CID 146 CID 125 CID 181 CID 113 CID 117 CID 178 CID 169 CID 174 CID 164 CID 146 CID 168 CID 225 CID 177 CID 159 CID 164 CID 151 CID 169 CID 154 CID 159 CID 206 CID 169 CID 118 CID 114 CID 164 CID 136 CID 165 CID 151 CID 144 L CLICK HERE TO ACCESS YOUR CREDIT CARD ONE VIEW STATEMENT SCAN TO PAY USING CID 135 CID 167 CID 126 CID 190 CID 145 CID 121 CID 193 CID 170 CID 139 CID 188 CID 208 CID 202 CID 186 CID 173 CID 179 CID 146 CID 198 CID 142 CID 110 CID 166 CID 133 CID 209 CID 187 CID 127 CID 168 CID 133 CID 135 CID 155 CID 183 CID 226 CID 223 CID 137 CID 175 CID 157 CID 112 CID 201 CID 213 CID 115 CID 219 CID 233 CID 235 ANY UPI APPLICATION CID 212 CID 230 CID 223 CID 109 CID 127 CID 175 CID 150 CID 141 CID 183 CID 180 CID 183 CID 128 CID 141 CID 116 CID 214 CID 203 CID 218 CID 202 CID 223 CID 233 CID 210 CID 143 CID 138 CID 120 CID 221 CID 147 CID 220 CID 186 CID 173 CID 190 CID 172 CID 150 CID 229 CID 154 CID 121 CID 124 CID 143 CID 155 CID 153 CID 199 CID 123 CID 169 CID 233 CID 213 CID 197 CID 229 CID 189 CID 193 CID 108 CID 155 CID 108 CID 108 CID 202 CID 148 CID 208 CID 192 CID 152 CID 119 CID 209 CID 203 CID 200 CID 123 CID 162 CID 131 CID 217 CID 190 CID 212 CID 197 CID 194 CID 162 CID 187 CID 186 CID 126 CID 211 CID 120 CID 217 CID 232 CID 139 CID 137 CID 139 CID 162 CID 218 CID 234 CID 110 CID 166 CID 166 CID 166 CID 110 CID 234 CID 108 CID 222 CID 162 CID 216 CID 124 CID 224 CID 182 CID 226 CID 150 CID 140 CID 230 CID 148 CID 118 CID 136 CID 226 CID 182 CID 182 CID 198 CID 166 CID 208 CID 160 CID 148 CID 140 CID 232 CID 116 CID 228 CID 156 CID 144 CID 162 CID 216 CID 132 CID 202 CID 164 CID 216 8 168 99 14 460 40 0 00 8 168 99 MAINTAIN SUFFICIENT FUNDS IN YOUR LINKED SAVINGS ACCOUNT XX2206 ANY CHANGES TO THE STANDING CARD WILL BE ADDED TO YOUR REWARDS ACCOUNT WITHIN 5 BUSINESS DAYS OF MONTHLY CREDIT CARD STATEMENT GENERATION AS PER THE EXISTING CYCLE IF YOUR ACCOUNT IS NOT DELINQUENT OR CANCELLED AT THE TIME OF SUCH CREDIT MOST IMPORTANT TERMS AND CONDITIONS MITC TO GET THE COMPLETE VERSION OF CREDIT CARDS MOST IMPORTANT TERMS AND CONDITIONS MITC PLEASE VISIT ICICI BANK WEBSITE PRODUCTS CREDIT CARDS TERMS AND CONDITIONS AND FAQS MOST IMPORTANT TERMS AND CONDITIONS OR VISIT THE LINK HTTPS WWW ICICI BANK IN MANAGED ASSETS DOCS PERSONAL CARDS MITC CC PDF GREAT OFFERS ON YOUR CARD 00005 70723 IMPORTANT INFORMATION ON YOUR CREDIT CARD IF A NO COST EMI OFFER IS COMMUNICATED BY THE MERCHANT DURING THE PURCHASE THE INTEREST BENEFIT PERTAINING TO THIS OFFER WILL BE PASSED ON TO THE CARD HOLDER THROUGH AN INSTANT DISCOUNT MODE OR CASHBACK MODE AS PER THE OFFER DETAILS DEFINED BY THE MERCHANT BANK CHARGES INTEREST ON EVERY EMI TRANSACTION GRIEVANCES REDRESSAL COMPLAINTS ESCALATIONS IN THE EVENT THAT YOU ARE NOT SATISFIED WITH OUR SERVICES YOU MAY REGISTER YOUR GRIEVANCE BY I VISITING COMPLAINT FORM AT WWW ICICI BANK IN OR II CALLING AT OUR CUSTOMER CARE NUMBER OR WRITING TO MS SHARLET MALVANKAR THE PRINCIPAL NODAL OFFICER ICICI BANK LTD BANDRA KURLA COMPLEX MUMBAI 400051 POSTAL ADDRESS TELEPHONE NO 022 39337979 MONDAY TO FRIDAY 10 00 A M TO 5 00 P M EXCLUDING BANK HOLIDAYS EMAIL PNO ICICIBANK COM THIS IS AN AUTHENTICATED INTIMATION STATEMENT CUSTOMERS ARE REQUESTED TO IMMEDIATELY NOTIFY THE BANK OF ANY DISCREPANCY IN THE STATEMENT 00005 70723 TO REPORT THE LOSS THEFT OR UNAUTHORISED USE OF CARD OR PIN OF CREDIT CARD YOU CAN USE ANY OF THE BELOW MENTIONED THREE MEDIUMS TO BLOCK THE CARD L SEND SMS BLOCK SPACE LAST 4 DIGIT OF CARD NUMBER TO 9215676766 FROM YOUR REGISTERED MOBILE NUMBER L IF YOU ARE WITHIN INDIA CALL ON 18002662 AND IF YOU ARE OUTSIDE INDIA CALL ON 04071403333 L GO TO MOBILE BANKING APP TO BLOCK THE CARD UNDER MANAGE CARD IN CASE YOU REQUIRE ANY FURTHER INFORMATION YOU MAY CALL OUR CUSTOMER CARE 1800 1080 OR WRITE TO US AT CUSTOMER CARE ICICIBANK COM METHOD OF PAYMENT PAYMENTS TOWARDS THE CREDIT CARD ACCOUNT TO BE MADE THROUGH ANY OF THE BELOW MODES 1 SCAN TO PAY 2 UPI 3 NATIONAL ELECTRONIC FUNDS TRANSFER NEFT 4 CASH 5 INTERNET BANKING 6 AUTO DEBIT 7 CLICK TO PAY 8 IMOBILE PAY APP 9 ICICI BANK ATMS BENEFITS OF UPDATING MOBILE NUMBER AND E MAIL ID L RECEIVE INSTANT ALERTS OF ANY SUSPICIOUS OR UNAUTHORISED TRANSACTIONS THAT ARE CARRIED OUT USING YOUR CREDIT CARD L RECEIVE ALERTS FROM THE BANK WHENEVER INFORMATION REGARDING YOUR EXISTING ACCOUNT IS REPORTED BY THE BANK TO THE CREDIT INFORMATION COMPANIES CICS CICS WILL SEND ALERTS THROUGH SMS E MAIL WHEN YOUR CREDIT INFORMATION REPORT CIR IS ACCESSED INTEREST CALCULATION THE FOLLOWING ILLUSTRATION WILL INDICATE THE METHOD OF CALCULATING INTEREST CHARGES GIVEN THESE ASSUMPTIONS INTEREST WILL BE CALCULATED AS BELOW SL NO TRANSACTION 1 PURCHASE ON SEP 20 5 PURCHASE ON OCT 15 2023 RENT PAY 2 000 00 6 CONVENIENCE FEE ON RENT PAY ON OCT 15 7 TAX ON CONVENIENCE FEE 3 60 8 LPC CHARGED ON OCT 29 9 TAX ON LPC 108 00 A INTEREST ON 20TH SEP 2023 TRANSACTION 123 29 B INTEREST ON 15TH OCT 2023 TRANSACTION 61 65 11 TOTAL INTEREST CHARGED A B 184 94 12 GST ON INTEREST 33 29 GST WILL BE APPLICABLE ON INTEREST CHARGES THE ABOVE ILLUSTRATION HAS BEEN PREPARED ASSUMING THAT CUSTOMER IS NOT DELINQUENT PRIOR TO THE STATEMENT GENERATED ON OCT 10 2023 FOLLOWING ARE THE TWO SCENARIOS FOR MAD CALCULATION SCENARIO A IF 5 OF FINANCE CHARGE RETAIL SPENDS CASH ADVANCE IS HIGHER THAN THE FINANCE CHARGE THEN FROM THE PREVIOUS STATEMENT 5 OF RETAIL SPENDS CASH ADVANCE FINANCE CHARGE CREDIT LIMIT 35 000 00 RETAIL SPENDS CASH ADVANCE 30 000 00 5 1 500 00 FINANCE CHARGE IF ANY EXCLUDING GST 1 000 00 5 50 00 EMI PRINCIPAL EMI INTEREST 5 500 00 100 5 500 00 FEES CHARGES INCLUDING GST 18 1 180 00 100 1 180 00 UNPAID MAD FROM THE PREVIOUS STATEMENT 150 00 100 150 00 MAD 5 OF A B C D E F 11 210 00 FINANCE CHARGE IS LEVIED IN THE CASE OF ATM TRANSACTIONS CASH WITHDRAWAL THROUGH CREDIT CARD AND DELAYED NON PAYMENT OF DUES AS APPLICABLE IN THE ILLUSTRATION ABOVE 5 OF FINANCE CHARGE RETAIL SPENDS CASH ADVANCE 1 550 WHICH IS HIGHER THAN THE FINANCE CHARGE EXCLUDING GST 1 000 MAD FROM THE PREVIOUS STATEMENT 5 OF RETAIL SPENDS CASH ADVANCE FINANCE CHARGE 180 5 500 2 830 1 000 150 1 550 11 210 SCENARIO B IF 5 OF FINANCE CHARGE RETAIL SPENDS CASH ADVANCE IS LESS THAN THE FINANCE CHARGE THEN FROM THE PREVIOUS STATEMENT 5 OF RETAIL SPENDS CASH ADVANCE THE FOLLOWING ILLUSTRATION WILL INDICATE THE METHOD OF CALCULATING THE MAD IN THIS SCENARIO CREDIT LIMIT 1 15 000 00 RETAIL SPENDS CASH ADVANCE 1 00 000 00 5 5 000 00 FINANCE CHARGE IF ANY EXCLUDING GST 7 800 00 100 7 800 00 EMI PRINCIPAL EMI INTEREST 5 500 00 100 5 500 00 FEES CHARGES INCLUDING GST 18 2 360 00 100 2 360 00 UNPAID MAD FROM THE PREVIOUS STATEMENT 150 00 100 150 00 MAD 5 OF A B C D E F 21 620 00 FINANCE CHARGE IS LEVIED IN THE CASE OF ATM TRANSACTIONS CASH WITHDRAWAL THROUGH CREDIT CARD AND DELAYED NON PAYMENT OF DUES AS APPLICABLE IN THE ILLUSTRATION ABOVE 5 OF FINANCE CHARGE RETAIL SPENDS CASH ADVANCE 5 390 WHICH IS LESS THAN THE FINANCE CHARGE 7 800 HENCE FINANCE CHARGE IS CONSIDERED AT 100 IN THE MAD CALCULATION MAD 5 OF RETAIL SPENDS CASH ADVANCE FINANCE CHARGE EMI PRINCIPAL EMI INTEREST FEES AND CHARGES 810 21 620 THE FOLLOWING ILLUSTRATION WILL INDICATE THE METHOD OF CALCULATING MAD AS PER SCENARIO A SL NO TRANSACTION 1 CREDIT LIMIT 26 000 00 2 PURCHASE ON SEP 20 6 PURCHASE ON OCT 15 7 EMI CONVERSION OF PURCHASE ON OCT 15 2025 2 000 00 8 EMI PRINCIPAL 200 00 9 EMI INTEREST 20 00 10 TAX ON EMI INTEREST 3 60 11 PROCESSING FEE 20 00 12 TAX ON PROCESSING FEE 3 60 13 LATE PAYMENT FEE ON OCT 30 14 TAX ON LATE PAYMENT FEE 162 00 15 PURCHASE ON OCT 30 16 OVER LIMIT FEE 550 00 SL NO TRANSACTION 17 TAX ON OVER LIMIT FEE 99 00 18 CLOSING BALANCE 26 958 20 A OVERDUE OF PREVIOUS STATEMENT 1 200 00 B EMI INSTALMENT PRINCIPAL INTEREST 220 00 C GST ON EMI INTEREST 3 60 E LATE PAYMENT FEE POST DEPLOYMENT 900 00 F GST ON LATE PAYMENT FEE POST DEPLOYMENT 162 00 G OVER LIMIT FEE TRANSACTION POST DEPLOYMENT 550 00 H GST ON OVER LIMIT FEE TRANSACTION POST DEPLOYMENT 99 00 I PROCESSING FEE POST DEPLOYMENT 20 00 J GST ON PROCESSING FEE POST DEPLOYMENT 3 60 K 5 ON REMAINING BALANCE 1 142 09 THE ABOVE ILLUSTRATION HAS BEEN PREPARED ASSUMING THAT CUSTOMER IS NOT DELINQUENT PRIOR TO THE STATEMENT GENERATED ON OCT 10 2023 AND INTEREST CHARGES ARE ALSO APPLICABLE IN NOV 08 2023 STATEMENT LATE PAYMENT CHARGES CALCULATION LESS THAN 100 NONE 100 TO 500 100 GREATER THAN 500 TO 1 000 500 GREATER THAN 1000 TO 5 000 600 GREATER THAN 5 000 TO 10 000 750 GREATER THAN 10 000 TO 25 000 900 GREATER THAN 25 000 TO 50 000 1 100 GREATER THAN 50 000 1 300 THE FOLLOWING ILLUSTRATION WILL INDICATE THE METHOD OF CALCULATING LATE PAYMENT CHARGES SL NO TRANSACTION 1 PURCHASE ON SEP 20 5 PAYMENT ON OCT 28 6 LATE PAYMENT FEE ON OCT 30 2023 BASED ON 1 5 900 7 GST ON LATE PAYMENT FEE 162,"Razorpay*Blinkit Gurugram IN Dining-8% # International Spends For exclusive offers, visit www.icicibank.com/offers T&C apply ICICl Bank Rewards Total Points earned* 196 Points earned on iShop 0 For further information, 'ask iPal' on our website and mobile app. You may also contact our Customer Care, your *The total points earned are RM or visit any ICICI Bank Branch. inclusive of points earned on iShop IMPORTANT MESSAGES l Safe Banking Tips - ICICI Bank Credit Card GST Number: 27AAACI1195H3ZK l Our registered office address: ICICI Bank Tower, Near Chakli Circle, Old Padra Road, Vadodara, HSN Code: 997113 Credit Granting Services including l Making only minimum payment every month can lead to repayment stretching over years with consequent interest payment on stand-by commitment, guarantees & securities outstanding balance. Place of supply: Karnataka l For any clarification or more information, you may contact us through the ‘Get in Touch’ option at www.icicibank.com l For RuPay/American Express/ Visa/Mastercard Credit Cards: Fuel surcharge and corresponding Goods and Services Tax (GST) l Payment through UPI is subject to the limits set by respective payment service providers. Invoice No: 1574280600809197 CIN No. L65190GJ1994PLC021012 00005/70723 CREDIT CARD STATEMENT (cid:106)(cid:29)(cid:7)(cid:21)(cid:27)(cid:101)(cid:64)(cid:20)(cid:100)(cid:28)(cid:8)(cid:57)(cid:107) 28062026_32707 Download the iMobile Pay app to - View statement instantly Block/unblock ATM withdrawal, online transactions & international transactions in a single click SMS iMobile to 5676766 to get the download link or give a missed call on 9222299998 to assistance on call. Ace your Digital Banking, with iPlay videos Scan the OR Code, to know about the Credit Card services, on ICICI Bank’s iMobile Pay. Scan to watch iPlay video T&C Apply All communications are being sent to your registered e-mail ID and mobile number Service Requests > Credit Card > Request for address change or visit the nearest ICICI Bank branch (cid:169)(cid:120)(cid:118)(cid:160)(cid:142)(cid:155)(cid:150)(cid:153)(cid:170)(cid:114)(cid:194)(cid:164)(cid:212)(cid:146)(cid:125)(cid:181)(cid:113)(cid:117)(cid:178)(cid:169)(cid:174)(cid:164)(cid:146)(cid:168)(cid:225)(cid:177)(cid:159)(cid:164)(cid:151)(cid:169)(cid:154)(cid:159)(cid:206)(cid:169)(cid:118)(cid:114)(cid:164)(cid:136)(cid:165)(cid:151)(cid:144) l Click here to access your Credit Card One View Statement Scan to Pay using (cid:135)(cid:167)(cid:126)(cid:190)(cid:145)(cid:121)(cid:193)(cid:170)(cid:139)(cid:188)(cid:208)(cid:202)(cid:186)(cid:173)(cid:179)(cid:146)(cid:198)(cid:142)(cid:110)(cid:166)(cid:133)(cid:209)(cid:187)(cid:127)(cid:168)(cid:133)(cid:135)(cid:155)(cid:183)(cid:226)(cid:223)(cid:137)(cid:175)(cid:157)(cid:112)(cid:201)(cid:213)(cid:115)(cid:219)(cid:233)(cid:235) any UPI Application (cid:212)(cid:230)(cid:223)(cid:109)(cid:127)(cid:175)(cid:150)(cid:141)(cid:183)(cid:180)(cid:183)(cid:128)(cid:141)(cid:116)(cid:214)(cid:203)(cid:218)(cid:202)(cid:223)(cid:233)(cid:210)(cid:143)(cid:138)(cid:120)(cid:221)(cid:147)(cid:220)(cid:186)(cid:173)(cid:190)(cid:172)(cid:150)(cid:229)(cid:154)(cid:121)(cid:124)(cid:143)(cid:155)(cid:153)(cid:199)(cid:123) (cid:169)(cid:233)(cid:213)(cid:197)(cid:229)(cid:189)(cid:193)(cid:108)(cid:155)(cid:108)(cid:108)(cid:202)(cid:148)(cid:208)(cid:192)(cid:152)(cid:119)(cid:209)(cid:203)(cid:200)(cid:123)(cid:162)(cid:131)(cid:217)(cid:190)(cid:212)(cid:197)(cid:194)(cid:162)(cid:187)(cid:186)(cid:126)(cid:211)(cid:120)(cid:217)(cid:232)(cid:139)(cid:137)(cid:139)(cid:162)(cid:218) (cid:234)(cid:110)(cid:166)(cid:166)(cid:166)(cid:110)(cid:234)(cid:108)(cid:222)(cid:162)(cid:216)(cid:124)(cid:224)(cid:182)(cid:226)(cid:150)(cid:140)(cid:230)(cid:148)(cid:118)(cid:136)(cid:226)(cid:182)(cid:182)(cid:198)(cid:166)(cid:208)(cid:160)(cid:148)(cid:140)(cid:232)(cid:116)(cid:228)(cid:156)(cid:144)(cid:162)(cid:216)(cid:132)(cid:202)(cid:164)(cid:216) `8,168.99 `14,460.40 `0.00 `8,168.99 maintain sufficient funds in your linked savings account XX2206. Any changes to the standing Card will be added to your Rewards account within 5 Business Days of monthly Credit Card statement generation as per the existing cycle, if your account is not delinquent or cancelled at the time of such credit. MOST IMPORTANT TERMS AND CONDITIONS (MITC) To get the complete version of Credit Cards – Most Important Terms and Conditions (MITC), please visit: ICICI Bank Website>Products>Credit Cards>Terms and Conditions and FAQs>Most Important Terms and Conditions Or visit the link: https://www.icici.bank.in/managed-assets/docs/personal/cards/mitc_cc.pdf GREAT OFFERS ON YOUR CARD 00005/70723 IMPORTANT INFORMATION ON YOUR CREDIT CARD If a No Cost EMI offer is communicated by the merchant during the purchase, the interest benefit pertaining to this offer will be passed on to the card holder through an instant discount mode or cashback mode, as per the offer details defined by the merchant. Bank charges interest on every EMI transaction. Grievances Redressal/Complaints/ Escalations: In the event that you are not satisfied with our services, you may register your grievance by (i) visiting “Complaint Form” at www.icici.bank.in or (ii) calling at our Customer Care number or writing to Ms. Sharlet Malvankar, The Principal Nodal Officer, ICICI Bank Ltd Bandra Kurla Complex Mumbai 400051, (Postal Address), Telephone No.: 022-39337979 (Monday to Friday, 10:00 a.m. to 5:00 p.m. excluding Bank holidays), Email: pno@icicibank.com. This is an authenticated intimation/statement. Customers are requested to immediately notify the Bank of any discrepancy in the statement. 00005/70723 To report the loss, theft or unauthorised use of card or PIN of credit card, you can use any of the below mentioned three mediums to block the card l Send SMS BLOCK space <last 4 digit of card number> to 9215676766 from your registered mobile number l If you are within India, call on 18002662 and if you are outside India, call on 04071403333 l Go to mobile banking app to block the card (under manage card) In case you require any further information, you may call our Customer Care (1800 1080) or write to us at customer.care@icicibank.com Method of Payment : Payments towards the Credit Card Account to be made through any of the below modes: 1. Scan to Pay 2. UPI 3. National Electronic Funds Transfer (NEFT) 4. Cash 5. Internet Banking 6. Auto Debit 7. Click to Pay 8. iMobile Pay app 9. ICICI Bank ATMs Benefits of updating mobile number and e-mail ID: l Receive instant alerts of any suspicious or unauthorised transactions that are carried out using your Credit Card l Receive alerts from the Bank whenever information regarding your existing account is reported by the Bank to the Credit Information Companies (CICs). CICs will send alerts through SMS/ e-mail when your Credit Information Report (CIR) is accessed. Interest calculation The following illustration will indicate the method of calculating interest charges: Given these assumptions, interest will be calculated as below: SL. No Transaction ₹ 1 Purchase on Sep 20, 5 Purchase on Oct 15, 2023, Rent Pay 2,000.00 6 Convenience Fee on Rent Pay on Oct 15, 7 Tax on Convenience Fee 3.60 8 LPC charged on Oct 29, 9 Tax on LPC 108.00 a) Interest on 20th Sep 2023 Transaction 123.29 b) Interest on 15th Oct 2023 Transaction 61.65 11 Total Interest charged (a + b) 184.94 12 GST on Interest 33.29 GST will be applicable on interest charges. ** The above illustration has been prepared assuming that customer is not delinquent prior to the statement generated on Oct 10, 2023 Following are the two scenarios for MAD calculation Scenario A: If 5% of (Finance Charge + Retail Spends + Cash Advance) is higher than the Finance Charge, then: from the previous statement + 5% of (Retail Spends + Cash Advance + Finance Charge). Credit Limit 35,000.00 Retail Spends + Cash Advance 30,000.00 5% 1,500.00 Finance Charge (if any) excluding GST 1,000.00 5% 50.00 EMI Principal + EMI Interest 5,500.00 100% 5,500.00 Fees & Charges including GST (18%) 1,180.00 100% 1,180.00 Unpaid MAD from the previous statement* 150.00 100% 150.00 MAD (<5%> of (A+B)) + (C)+(D)+(E)+(F) 11,210.00 Finance Charge is levied in the case of ATM transactions, cash withdrawal through Credit Card and delayed/non-payment of dues, as applicable. In the illustration above 5% of (Finance Charge + Retail Spends + Cash Advance) = ₹1,550 which is higher than the Finance Charge (excluding GST) = ₹1,000. MAD from the previous statement + 5% of (Retail Spends + Cash Advance + Finance Charge) = 180 + 5,500 + 2,830 + + 1,000 + 150 + 1,550 = ₹11,210 Scenario B: If 5% of (Finance Charge + Retail Spends + Cash Advance) is less than the Finance Charge, then: from the previous statement + 5% of (Retail Spends + Cash Advance). The following illustration will indicate the method of calculating the MAD in this scenario Credit Limit 1,15,000.00 Retail Spends + Cash Advance 1,00,000.00 5% 5,000.00 Finance Charge (if any) excluding GST 7,800.00 100% 7,800.00 EMI Principal + EMI Interest 5,500.00 100% 5,500.00 Fees & Charges including GST (18%) 2,360.00 100% 2,360.00 Unpaid MAD from the previous statement* 150.00 100% 150.00 MAD (<5%> of (A+B)) + (C)+(D)+(E)+(F) 21,620.00 Finance Charge is levied in the case of ATM transactions, cash withdrawal through Credit Card and delayed/non-payment of dues, as applicable. In the illustration above 5% of (Finance Charge + Retail Spends + Cash Advance) = ₹5,390 which is less than the Finance Charge = ₹7,800. Hence, Finance Charge is considered at 100% in the MAD calculation. MAD = (5% of Retail Spends + Cash Advance) + Finance Charge + EMI Principal + EMI Interest + Fees and Charges 810 = ₹21,620 The following illustration will indicate the method of calculating MAD as per Scenario A: SL. No Transaction ₹ 1 Credit Limit 26,000.00 2 Purchase on Sep 20, 6 Purchase on Oct 15, 7 EMI Conversion of Purchase on Oct 15, 2025 -2,000.00 8 EMI Principal 200.00 9 EMI Interest 20.00 10 Tax on EMI Interest 3.60 11 Processing Fee 20.00 12 Tax on Processing Fee 3.60 13 Late Payment Fee on Oct 30, 14 Tax on Late Payment Fee 162.00 15 Purchase on Oct 30, 16 Over limit Fee 550.00 SL. No Transaction ₹ 17 Tax on Over-limit Fee 99.00 18 Closing Balance 26,958.20 a) Overdue of previous statement 1,200.00 b) EMI Instalment (Principal + Interest) 220.00 c) GST on EMI Interest 3.60 e) Late Payment Fee - Post deployment 900.00 f) GST on Late Payment Fee - Post deployment 162.00 g) Over limit Fee Transaction - Post deployment 550.00 h) GST on Over limit Fee Transaction - Post deployment 99.00 i) Processing Fee - Post deployment 20.00 j) GST on Processing Fee - Post deployment 3.60 k) 5% on remaining Balance 1,142.09 ** The above illustration has been prepared assuming that customer is not delinquent prior to the statement generated on Oct 10, 2023 and interest charges are also applicable in Nov 08, 2023 statement. Late payment Charges Calculation Less than ₹100 None ₹100 to ₹500 ₹ 100 Greater than ₹500 to ₹1,000 ₹ 500 Greater than ₹1000 to ₹5,000 ₹ 600 Greater than ₹5,000 to ₹10,000 ₹ 750 Greater than ₹10,000 to ₹25,000 ₹ 900 Greater than ₹25,000 to ₹50,000 ₹ 1,100 Greater than ₹50,000 ₹ 1,300 The following illustration will indicate the method of calculating Late Payment charges: SL. No Transaction ₹ 1 Purchase on Sep 20, 5 Payment on Oct 28, 6 Late Payment Fee on Oct 30, 2023 (based on 1 - 5) 900 7 GST on Late Payment Fee 162",1100.0,debit,0.0,ICICI_CC,06,2026,3bdbb18d8e7aacc6dd404e59894a4c1b99a78e2bbca4265298d3873435bf7087,Self Transfer,1.0,rule,pending,,,,13610461480
2026-06-09,2026-06-09,SWIGGY DINEOUT BENGALURU IND,SWIGGY DINEOUT BENGALURU IND,50.0,debit,0.0,HDFC_PIXEL,06,2026,a88ef8dbf442a07202d375ae32008e2c036ed84f957e1636be85b386be596b08,Food & Dining,1.0,rule,pending,,,,Not Available
2026-06-13,2026-06-13,DMART AVENUE SUPERMART BANGALORE IND,DMART AVENUE SUPERMART BANGALORE IND,6055.19,debit,0.0,HDFC_PIXEL,06,2026,dffa1cbe542f4e8fea35cfc5039ba7b863bd5256d2f2aa7cc2ef160e3c5600e0,Groceries & Supermarket,1.0,rule,pending,,,,Not Available
2026-06-22,2026-06-22,ANGELCARE WOMEN AND CHILD BANGALORE IND,ANGELCARE WOMEN AND CHILD BANGALORE IND,500.0,debit,0.0,HDFC_PIXEL,06,2026,0614a1d7bb734fe9028df54a8b6123b411f558d8161d28a66a2c144f0ee7ab72,Medical & Health,1.0,ml_exact,pending,,,,Not Available
2026-06-09,2026-06-09,VENKATARAVANAPPA GIRIJA,VENKATARAVANAPPA GIRIJA,25.0,debit,0.0,HDFC_PIXEL,06,2026,ed428c9b31d9b8900ff538fb170f34170c152b1bfb5ca3f7de3195d50d774dca,Un Wanted,1.0,ml_exact,pending,,,,Not Available
2026-06-09,2026-06-09,ELEVATE 1478 RESTO BAR,ELEVATE 1478 RESTO BAR,1561.0,debit,0.0,HDFC_PIXEL,06,2026,3b90acacc8f848edbcefbc2da32f5c297f054a5a2eb801507a092512fad0f341,Food & Dining,1.0,ml_exact,pending,,,,Not Available
2026-06-09,2026-06-09,AYISHA,AYISHA,25.0,debit,0.0,HDFC_PIXEL,06,2026,d4fab62f7b75ad5331cc3fe7d86fea699a50b6e5063a54a97fea58219638e720,Others,1.0,ml_exact,pending,,,,Not Available
2026-06-10,2026-06-10,PUSHPA C K,PUSHPA C K,25.0,debit,0.0,HDFC_PIXEL,06,2026,6c3e692eaad4ecee1bb416ceab814f97a42985434fd2e60429d47a408be47f73,Un Wanted,1.0,rule,pending,,,,Not Available
2026-06-10,2026-06-10,MR LATHIF KHAN,Mr LATHIF KHAN,900.0,debit,0.0,HDFC_PIXEL,06,2026,ab93fa466ce6cfb82fff42d194225cddf155eae98ca482ec5cd76c47e182b2d3,Mutton,1.0,rule,pending,,,,Not Available
2026-06-10,2026-06-10,MR GANESH M,Mr GANESH M,1000.0,debit,0.0,HDFC_PIXEL,06,2026,4911fde9b022dccf0604d711e18346e58cf92f0ae21aad206be9f8a0180d78ae,Chicken,1.0,rule,pending,,,,Not Available
2026-06-10,2026-06-10,RAJANNA DOMMASANDRA JAYASURYA,RAJANNA DOMMASANDRA JAYASURYA,75.0,debit,0.0,HDFC_PIXEL,06,2026,5a43b45fbcf8a482e5e151cf5944efe53366115ddbba541d6893d93882a76a25,Groceries & Supermarket,1.0,rule,pending,,,,Not Available
2026-06-11,2026-06-11,PUSHPA C K,PUSHPA C K,25.0,debit,0.0,HDFC_PIXEL,06,2026,1e1979dd415cb8c8d8001c6bac8a24f11c3c8e0409315fdbc5b68ae70a2a6127,Un Wanted,1.0,rule,pending,,,,Not Available
2026-06-11,2026-06-11,PUSHPA C K,PUSHPA C K,25.0,debit,0.0,HDFC_PIXEL,06,2026,41974a0d05cbe59efe01223c1efcadc37b2405e945324c7146c36e3a68e80d02,Un Wanted,1.0,rule,pending,,,,Not Available
2026-06-10,2026-06-10,PAYZAPP,PAYZAPP,2.0,debit,0.0,HDFC_PIXEL,06,2026,f5b9726e7c45d476995c1db3c84c64f2d7b459a29214296d216bec5cba089eb0,Others,1.0,ml_exact,pending,,,,Not Available
2026-06-10,2026-06-10,PAYZAPP,PAYZAPP,2.0,debit,0.0,HDFC_PIXEL,06,2026,33fef3adeb058af59dbf08f5e77c46abb0d5d9db99bee47ccb4779acf0880e89,Others,1.0,ml_exact,pending,,,,Not Available
2026-06-12,2026-06-12,PUSHPA C K,PUSHPA C K,25.0,debit,0.0,HDFC_PIXEL,06,2026,cafd3e9717d4e65c78fc54011fe64571d2a0c1f1920a02dac6fa62d1535b8796,Un Wanted,1.0,rule,pending,,,,Not Available
2026-06-12,2026-06-12,KHAN SAHEB,KHAN SAHEB,300.0,debit,0.0,HDFC_PIXEL,06,2026,ff8be3ad835e294789a37d2324faad9b87ef6d81d67e1c17720fe290789ae884,Food & Dining,1.0,rule,pending,,,,Not Available
2026-06-12,2026-06-12,KHAN SAHEB,KHAN SAHEB,70.0,debit,0.0,HDFC_PIXEL,06,2026,b13f1c1d4d52f23622bbb8b0251faa5b631e58e8193c9d35605c73af8af3ad38,Food & Dining,1.0,rule,pending,,,,Not Available
2026-06-12,2026-06-12,UPENDRA KUMAR,UPENDRA KUMAR,25.0,debit,0.0,HDFC_PIXEL,06,2026,175258329f1852680979800bd1a8e3c4b84a44589aaefb92fc35adca39ca8b31,Un Wanted,1.0,rule,pending,,,,Not Available
2026-06-13,2026-06-13,PUSHPA C K,PUSHPA C K,25.0,debit,0.0,HDFC_PIXEL,06,2026,d2f854309dbb5e31cf00845847cbb507c6af63a4ff812e90c1e047a2c6b80989,Un Wanted,1.0,rule,pending,,,,Not Available
2026-06-13,2026-06-13,AVENUE FOOD PLAZA PVT LTD,AVENUE FOOD PLAZA PVT LTD,149.0,debit,0.0,HDFC_PIXEL,06,2026,8f03cd216613240e33a2cdb69325be3d7bc977e3242e81c94c7cf109f89236d7,Food & Dining,1.0,ml_exact,pending,,,,Not Available
2026-06-13,2026-06-13,AVENUE FOOD PLAZA PVT LTD,AVENUE FOOD PLAZA PVT LTD,15.0,debit,0.0,HDFC_PIXEL,06,2026,41c72e934460f9f11f88f6c285c790a033d7eef5e1de3bad8ef7cf30b217a035,Food & Dining,1.0,ml_exact,pending,,,,Not Available
2026-06-13,2026-06-13,MAYURA BAKERY,MAYURA BAKERY,10.0,debit,0.0,HDFC_PIXEL,06,2026,0899c26163c3de467ab6cd941215b704ee32a46ac337c6898ab34947dd3fb134,Food & Dining,1.0,ml_exact,pending,,,,Not Available
2026-06-13,2026-06-13,PUSHPA C K,PUSHPA C K,26.0,debit,0.0,HDFC_PIXEL,06,2026,9cecb778f7827cc3d6ee848518ab91973b14c9b2b1b0217a37bdc65bcd1f032d,Un Wanted,1.0,rule,pending,,,,Not Available
2026-06-14,2026-06-14,MRS SIMRAN M,MRS SIMRAN M,60.0,debit,0.0,HDFC_PIXEL,06,2026,dc076467d31f9746cd05901ba551dcbe1784af64dc6a13b8f653e575e793e0fd,Others,1.0,ml_exact,pending,,,,Not Available
2026-06-14,2026-06-14,ELITE CAFE,ELITE CAFE,75.0,debit,0.0,HDFC_PIXEL,06,2026,7ad6aba09dff7b399dc04c14ee32ca686c03eb29c304266bc48c598e57dd40da,Food & Dining,1.0,ml_exact,pending,,,,Not Available
2026-06-16,2026-06-16,MEESHO TECHNOLOGIES PRIVATE LIMITED,MEESHO TECHNOLOGIES PRIVATE LIMITED,361.0,debit,0.0,HDFC_PIXEL,06,2026,7fe78b6c7cb6e55e6246c948f6ab201ec5eeb95940935d93ac43739434a8a76c,Shopping,1.0,rule,pending,,,,Not Available
2026-06-17,2026-06-17,MR GANESH M,Mr GANESH M,1100.0,debit,0.0,HDFC_PIXEL,06,2026,d7aa6cfa61defb45ca937280e624618051b87120a5a52f90fc39c8834b723b1a,Chicken,1.0,rule,pending,,,,Not Available
2026-06-17,2026-06-17,RAJANNA DOMMASANDRA JAYASURYA,RAJANNA DOMMASANDRA JAYASURYA,75.0,debit,0.0,HDFC_PIXEL,06,2026,5091e0e7b635693631ad8b2a2a81590d7f3af6670b47c352cb904e70f40400cc,Groceries & Supermarket,1.0,rule,pending,,,,Not Available
2026-06-20,2026-06-20,BHAGULIYA LAL,BHAGULIYA LAL,85.0,debit,0.0,HDFC_PIXEL,06,2026,3072238ed9248c238f30fea2d35d11677728cb453d8f0db20f8ad861fb6f3ba1,Others,1.0,ml_exact,pending,,,,Not Available
2026-06-20,2026-06-20,AYISHA,AYISHA,25.0,debit,0.0,HDFC_PIXEL,06,2026,4622211eff0492697df13069576ddb0bab796b57168a7333736f1c95cffc9186,Others,1.0,ml_exact,pending,,,,Not Available
2026-06-20,2026-06-20,ABDHESH YADAV,ABDHESH YADAV,100.0,debit,0.0,HDFC_PIXEL,06,2026,a3f8ecd9d2be38ba747e2a88baaf7276ec7d78a1e634cf461e2a500c87ee3441,Others,1.0,ml_exact,pending,,,,Not Available
2026-06-21,2026-06-21,PRAKASH,PRAKASH,120.0,debit,0.0,HDFC_PIXEL,06,2026,d8b1d88e182755ed03811dbf977a9d831ba43c778f152d663883b530a842214e,Others,1.0,ml_exact,pending,,,,Not Available
2026-06-22,2026-06-22,ANGEL CARE WOMEN AND CHILDREN S HOSPITAL,ANGEL CARE WOMEN AND CHILDREN S HOSPITAL,863.0,debit,0.0,HDFC_PIXEL,06,2026,fbe9af1d02708f939bb9d555921fdb5e8fcd23049dbba8f7a144fce688fc414d,Medical & Health,1.0,ml_exact,pending,,,,Not Available
2026-06-22,2026-06-22,K581 KFC NATURA WALK KIOSK,K581 KFC Natura Walk Kiosk,426.9,debit,0.0,HDFC_PIXEL,06,2026,5c9596f4efdc8e5cf2e4f13a2dc0c2e4e41b3fd09d2113973501669ff62fc7bb,Food & Dining,1.0,rule,pending,,,,Not Available
2026-06-23,2026-06-23,MR AHMED ZIYAD,Mr Ahmed Ziyad,250.0,debit,0.0,HDFC_PIXEL,06,2026,6d3e7a0a2523df78789d07f8ff17adca69a548d3f3a2445db703d1fc38a37712,Food & Dining,1.0,rule,pending,,,,Not Available
2026-06-24,2026-06-24,VASANTHA KUMAR C,VASANTHA KUMAR C,300.0,debit,0.0,HDFC_PIXEL,06,2026,402d0d8b1313b10a92dac43fe2d0ad9b9058d459b8c1602d3e851bad6c3f2609,Chicken,1.0,ml_exact,pending,,,,Not Available
2026-06-24,2026-06-24,SHYAM SINGH D B,SHYAM SINGH D B,160.0,debit,0.0,HDFC_PIXEL,06,2026,8ae68e04b7fcc6e675bf01435771f3d8e980ca436e81f8b906d4c65ca511084f,Others,1.0,ml_exact,pending,,,,Not Available
2026-06-24,2026-06-24,SHYAM SINGH D B,SHYAM SINGH D B,30.0,debit,0.0,HDFC_PIXEL,06,2026,ea8c161c56c611fb2f28bd8f90f90647c1ba6954715081a14ad2d2e0c6fe292d,Others,1.0,ml_exact,pending,,,,Not Available
2026-06-24,2026-06-24,PUSHPA C K,PUSHPA C K,75.0,debit,0.0,HDFC_PIXEL,06,2026,6e5063936fa60cc91b9f2b2240d84ebd2b5604324e733afda3a475f39a60626b,Un Wanted,1.0,rule,pending,,,,Not Available
2026-06-24,2026-06-24,MR LATHIF KHAN,Mr LATHIF KHAN,200.0,debit,0.0,HDFC_PIXEL,06,2026,5ce1213e0d59304831745e6ebbf329e157f209c50c20fce4313f305bb7fd527a,Mutton,1.0,rule,pending,,,,Not Available
2026-06-26,2026-06-26,KHAN SAHEB,KHAN SAHEB,300.0,debit,0.0,HDFC_PIXEL,06,2026,3355b6df8c7174422970a52baf9e837e30b8b84dde053d9787bcc06a357eaf56,Food & Dining,1.0,rule,pending,,,,Not Available
2026-06-27,2026-06-27,GANGAPPA S O SUBRAMANI,GANGAPPA S O SUBRAMANI,70.0,debit,0.0,HDFC_PIXEL,06,2026,7248bb0dffb37f0d86944e51c8a3e8906d214cc924cfc663f5552db6428c9f7b,Others,1.0,ml_exact,pending,,,,Not Available
2026-06-27,2026-06-27,MOHMMED ANEESH,MOHMMED ANEESH,40.0,debit,0.0,HDFC_PIXEL,06,2026,d5dcda754619316a409815f85bf4970e5ce070f52c2cbdd2d1ec71157c76f7a1,Others,1.0,ml_exact,pending,,,,Not Available
2026-06-27,2026-06-27,MAYURA BAKERY,MAYURA BAKERY,120.0,debit,0.0,HDFC_PIXEL,06,2026,1aeaa13aa847efd3f1c9591d7129fcb8b05479948df58bb6f6941504ae1642ef,Food & Dining,1.0,ml_exact,pending,,,,Not Available
2026-06-28,2026-06-28,VASANTHAKUMARKP DAYS 0 145 0 0 145 0 0 NOT BILLED THE AVAILABLE CREDIT LIMIT SHOWN IN THIS STATEMENT TAKES INTO ACCOUNT CHARGES INCURRED BUT NOT DUE PLEASE ENSURE THAT AT LEAST THE MINIMUM AMOUNT DUE REACHES US BY THE DUE DATE IF THE MINIMUM AMOUNT DUE OR PART AMOUNT LESS THAN THE TOTAL AMOUNT DUE IS PAID INTEREST CHARGES ARE APPLICABLE INCLUDING FRESH PURCHASES IF ANY ON AN AVERAGE DAILY REDUCING BALANCE METHOD TO HOTLIST YOUR CREDIT CARD CALL OUR PHONE BANKING NUMBERS PLEASE CLICK HERE IN CASE OF CARDHOLDERS HOLDING BOTH VISA RUPAY VARIANTS OF PIXEL CREDIT CARD A SINGLE STATEMENT WILL BE ISSUED INCLUDING TRANSACTIONS INCURRED ON BOTH THE CARDS THE MINIMUM AMOUNT DUE MAD TOTAL AMOUNT DUE TAD WILL BE CALCULATED ON THE COMBINED OUTSTANDING OF BOTH THE CARDS CREDIT INFORMATION COMPANIES CICS ARE APPROVED BY THE RESERVE BANK OF INDIA TO FACILITATE AN EFFECTIVE AND INFORMED CREDIT RISK ASSESSMENT BANK RESERVES THE RIGHT TO INCLUDE YOUR NAME IN THE LIST OF DEFAULTERS AND SHARE THE CONDUCT OF YOUR CREDIT CARD ACCOUNT WITH THESE CICS AND STATUTORY BODIES IN ACCORDANCE WITH THE CIC REGULATION ACT 2005 TO KNOW THE VOLUNTARY CODES AS PRESCRIBED BY THE THE BANKING CODES AND STANDARDS BOARD OF INDIA BCSBI PLEASE CLICK HERE HOW TO READ GST ENTRY IN YOUR CREDIT CARD STATEMENT S IN T F A O TE RM M A E T N IO T N PAYMENT RELATED M CO IT N C D I T M IO O N S S T IMPORTANT TERMS AND PAYMENT OPTIONS CUSTOMER RIGHTS POLICY,"VASANTHAKUMARKP DAYS 0 145 0 0 145 0 0 not billed The ""Available Credit Limit"" shown in this statement takes into account charges incurred but not due. Please ensure that at least the ""Minimum Amount Due"" reaches us by the ""Due Date"" If the minimum amount due or part amount less than the total amount due is paid, interest charges are applicable (including fresh purchases, if any) on an average daily reducing balance method. To Hotlist your credit card, call our phone banking numbers, please Click here In case of cardholders holding both Visa & RuPay variants of Pixel credit card, a single statement will be issued including transactions incurred on both the cards. The Minimum Amount Due MAD & Total Amount Due TAD will be calculated on the combined outstanding of both the cards. Credit Information Companies CICs) are approved by the Reserve Bank of India to facilitate an effective and informed credit risk assessment, Bank reserves the right to include your name in the list of defaulters and share the conduct of your credit card account with these CICs and statutory bodies in accordance with the CICRegulation) Act 2005. To know the Voluntary Codes as prescribed by the ""The Banking Codes and Standards Board of India BCSBI"" , please Click here How to read GST entry in your Credit Card statement S in t f a o te rm m a e t n io t  n & Payment related M Co IT n C d   i  t M io o n s s t )  Important Terms and Payment Options Customer Rights Policy",200.0,debit,0.0,HDFC_PIXEL,06,2026,f3c02b45cfc6b52318c88f2626c8df655d789c159512eb3c212de62e9b881377,CC Bill Payment,1.0,rule,pending,,,,Not Available
2026-06-03,2026-06-03,CARD CASHBACK CREDIT,CARD CASHBACK CREDIT,457.0,credit,0.0,SBI_CASHBACK,06,2026,e318437385444617e5fc7069209c091bd09b19a2df3f07cd5e5a929a36b6b864,Cashback & Rewards,1.0,ml_exact,pending,,,,Not Available
2026-06-04,2026-06-04,PAYMENT RECEIVED 000DP016155075025VRTT6T TRANSACTIONS FOR R GANESH NAG,PAYMENT RECEIVED 000DP016155075025vrtT6T TRANSACTIONS FOR R Ganesh Nag,10315.0,credit,0.0,SBI_CASHBACK,06,2026,f78efd074888d9e81fb34de14a0481a47e0eb2ec122393b033f0c2570456abe4,CC Bill Payment,1.0,rule,pending,,,,Not Available
2026-06-04,2026-06-04,THG PUBLISHING PRIVATE CHENNAI IN,THG Publishing Private Chennai IN,1.0,debit,0.0,SBI_CASHBACK,06,2026,55130f71f7537281cb114f21ee1f2409d7ce27320a2cc10394ea35c606d938fc,Subscriptions & Software,1.0,ml_exact,pending,,,,Not Available
2026-06-04,2026-06-04,MYJIO MUMBAI IN,MYJIO MUMBAI IN,899.0,debit,0.0,SBI_CASHBACK,06,2026,7d1939affb915b4e0afc8efc9dca4c581b8f523b859f56373af73303449b8cf1,Subscriptions & Software,1.0,ml_exact,pending,,,,Not Available
2026-06-08,2026-06-08,FLIPKART INTERNET PVT NOIDA IN,FLIPKART INTERNET Pvt NOIDA IN,1145.0,debit,0.0,SBI_CASHBACK,06,2026,1d19105077832d8d68fd7561533b6944886b78dffbab00a2ba8b28d03db4b5e8,Shopping,1.0,rule,pending,,,,Not Available
2026-06-08,2026-06-08,RIDEVENTUR BANGALORE IN PAY IN EMIS,RIDEVENTUR BANGALORE IN (Pay in EMIs),6202.0,debit,0.0,SBI_CASHBACK,06,2026,a1fed288f6ad82d74e8c8d08f510d63359a4dcf12a3d7c8d42b5147725901c46,EMI,1.0,rule,pending,,,,Not Available
2026-06-16,2026-06-16,FLIPKART INTERNET PVT NOIDA IN,FLIPKART INTERNET Pvt NOIDA IN,499.0,credit,0.0,SBI_CASHBACK,06,2026,de98237718b367fb4ab28b59efe43b5f3dc432e9a21c58abbef673490bfe6c5b,Shopping,1.0,rule,pending,,,,Not Available
2026-06-18,2026-06-18,RAZ SWIGGY BANGALORE KA IN,RAZ*Swiggy Bangalore KA IN,595.0,debit,0.0,SBI_CASHBACK,06,2026,a4fca2eef72a6814278b7e1df12dac07bb5dc3ef4157d65a24f4cb8d8e177df0,Food & Dining,1.0,rule,pending,,,,Not Available
2026-06-19,2026-06-19,RAZ SWIGGY BANGALORE KA IN,RAZ*Swiggy Bangalore KA IN,463.0,debit,0.0,SBI_CASHBACK,06,2026,739657f6b2ba27476d4ffe955bb11daf9c0909f48fbaf47fc3c3050173da1d2b,Food & Dining,1.0,rule,pending,,,,Not Available
2026-06-19,2026-06-19,FLIPKART INTERNET PVT NOIDA IN,FLIPKART INTERNET Pvt NOIDA IN,494.0,debit,0.0,SBI_CASHBACK,06,2026,a024994174067a34877603924cce4f03de394e01404c557547c18dca27f8e43b,Shopping,1.0,rule,pending,,,,Not Available
2026-06-23,2026-06-23,ZOMATO CYBS NEWDELHI IN,ZOMATO CYBS NEWDELHI IN,287.99,debit,0.0,SBI_CASHBACK,06,2026,128d9cfd633749612a2d5778e4f340e934aa5c697fcb18f9e1a60e782094dfb9,Food & Dining,1.0,rule,pending,,,,Not Available
2026-06-23,2026-06-23,FLIPKART INTERNET PVT NOIDA IN,FLIPKART INTERNET Pvt NOIDA IN,1647.0,debit,0.0,SBI_CASHBACK,06,2026,1e2088b0b1d3b0fbd287542294382cd08d69df39ebe0045bebab879de6e9f433,Shopping,1.0,rule,pending,,,,Not Available
2026-06-28,2026-06-28,USUPI GRAND BANGALORE IN,USUPI GRAND BANGALORE IN,731.0,debit,0.0,SBI_CASHBACK,06,2026,a769fe26d8ef4467e6584ad81f674cd0c08339a856aed810b351417ab3e24044,Food & Dining,1.0,ml_exact,pending,,,,Not Available
2026-07-01,2026-07-01,CAS SWIGGY BENGALURU IN,CAS*Swiggy Bengaluru IN,467.0,debit,0.0,SBI_CASHBACK,07,2026,5cbaaaf53430cf834923ace6eb7812d1afe7a61409a083aa95ce0699af9266d5,Food & Dining,1.0,rule,pending,,,,Not Available
2026-07-01,2026-07-01,SWIGGY E COM BANGALORE IN TRANSACTIONS HIGHLIGHTED IN GREY COLOR IF ANY DO NOT FORM PART OF PURCHASES OTHER DEBITS TRANSACTIONS FULLY PARTIALLY CONVERTED TO FLEXIPAY ENCASH MERCHANT EMI C CREDIT D DEBIT EN ENCASH FP FLEXIPAY EMD EASY MONEY DRAFT BT BALANCE TRANSFER M MONTHLY INSTALLMENTS TAD TOTAL AMOUNT DUE T TEMPORARY CREDIT IMPORTANT MESSAGES W E F 1ST MAY 2026 LATE PAYMENT CHARGES LPC WILL BE REVISED TO RS 100 FOR OUTSTANDING AMOUNT DUE GREATER THAN RS 100 UP TO RS 500 AND RS 500 FOR OUTSTANDING AMOUNT DUE GREATER THAN RS 500 UP TO RS 1 000 TOTAL AMOUNT DUE TAD NEEDS TO BE PAID BY PAYMENT DUE DATE TO AVOID LEVY OF FINANCE CHARGES ON NEW TRANSACTIONS DONE AFTER THE STATEMENT DATE THE DIFFERENCE IF ANY BETWEEN THE TOTAL AMOUNT DUE AND THE TOTAL OUTSTANDING IS THE BALANCE ON THE FLEXIPAY ENCASH INSTALLMENTS AS APPLICABLE TO KEEP YOUR CREDIT CARD IN GOOD STANDING YOU HAVE THE OPTION OF PAYING ATLEAST THE MINIMUM AMOUNT DUE ON OR BEFORE THE DUE DATE THE MINIMUM AMOUNT DUE INCLUDES THE EMI ON FLEXIPAY ENCASH INSTALLMENT AMOUNTS 100 OF ALL APPLICABLE TAXES CONTENT OF THIS STATEMENT WILL BE CONSIDERED CORRECT IF NO ERROR IS REPORTED WITHIN 20 DAYS SUBJECT TO MEETING THE ELIGIBLE SPEND AMOUNT THE ANNUAL FEE REVERSAL WILL REFLECT IN YOUR SBI CARD ACCOUNT WITHIN 10 DAYS OF THE FEE BEING LEVIED SAVINGS AND BENEFITS SECTION FOR THIS STATEMENT FOR THIS YEAR FROM THE CARD ISSUE DATE OFFER CASHBACK 0 00 0 00 0 00 PETROL SURCHARGE WAIVER 0 00 33 72 33 72 CARD CASHBACK 312 1798 22017 WITH EFFECT FROM TRANSACTIONS DATED 17 NOV 2011 TREATMENT OF EMI BENEFITS SERVICES AVAILED BY THE CARDHOLDER INSTANT INFORMATION 24X7 BY JUST SENDING AN SMS TO 5676791 ONCE THE ACCOUNT TURNS NPA A DAY AFTER THE STATEMENT IS GENERATED POST ACCOUNT SIMPLY BALANCE ENQUIRY AVAILABLE CREDIT CASH LIMIT CLASSIFICATION AS NPA ALL EMI PLANS EXCLUDING RESTRUCTURED PLANS SMS BAL XXXX AVAIL XXXX AVAILABLE ON THE ACCOUNT SHALL BE CLOSED THE PRINCIPAL OUTSTANDING ALONG WITH THE OUTSTANDING INTEREST ACCRUED TILL THE HOTLIST LOST STOLEN CARD LAST PAYMENT STATUS DATE OF SUCH EMI PLANS SHALL BE DEBITED TO THE CREDIT CARD BLOCK XXXX PAYMENT XXXX ACCOUNT APPEAR IN THE SUBSEQUENT MONTHLY STATEMENT SBI CARD REWARD POINT SUMMARY SUBSCRIBE TO ESTATEMENT SHALL BE ENTITLED TO DEMAND IMMEDIATE REPAYMENT OF SUCH REWARD XXXX ESTMT XXXX CONSOLIDATED OUTSTANDING AMOUNTS AS A PART OF THE CREDIT CARD DUPLICATE STATEMENT ACCOUNT THIS BALANCE WILL ATTRACT ALL APPLICABLE CHARGES INCLUDING DSTMT XXXX STATEMENT PERIOD IN MMYY FINANCE CHARGES AT APPLICABLE INTEREST RATE AS OUTLINED IN THE MITC XXXX LAST 4 DIGITS OF THE CARD NO W E F 15 SEP 2025 A REVISED CHEQUE PROCESSING FEE OF RS IMPORTANT INFORMATION ON DISPUTED TRANSACTION S 200 WILL BE APPLICABLE ON OUTSTANDING PAYMENTS MADE VIA CHEQUE THIS REVISION IS REFLECTIVE OF THE INCREASED OPERATIONAL KINDLY NOTE THAT THIS TEMPORARY CREDIT T HAS BEEN RENDERED TO COST ASSOCIATED WITH OFFLINE PAYMENT MODES PAYMENTS MADE YOU IN THE INTERIM AND THOUGH THE AMOUNT IS INCLUDED IN YOUR THROUGH DIGITAL CHANNELS SUCH AS UPI BBPS NEFT ETC WILL AVAILABLE CREDIT LIMIT YOU WILL NOT BE ABLE TO SPEND THE AMOUNT CONTINUE TO BE FREE OF ANY ADDITIONAL CHARGES WE ENCOURAGE OUR WHILE THE DISPUTE IS STILL UNDER INVESTIGATION CARDHOLDERS TO EXPLORE DIGITAL MODES FOR HASSLE FREE PAYMENTS AS WE ARE DEPENDENT ON FEEDBACK FROM EXTERNAL PARTIES SUCH AS FASTER CREDITS ACQUIRING BANK CLOSURE OF SUCH DISPUTES MAY TAKE UP TO A MAXIMUM OF 120 DAYS FROM DATE OF INITIATION OF INVESTIGATION IMPORTANT NOTES POST COMPLETION OF THE INVESTIGATION IN CASE THE DISPUTE IS DESCRIPTION OF SERVICES CREDIT CARD SERVICES NOT CLOSED IN CARDHOLDER S FAVOR THE TEMPORARY CREDIT SHALL BE HSN CODE 997113 REVERSED AND CORRESPONDING DEBIT ENTRY SHALL REFLECT ON THE DECLARATION WE HEREBY DECLARE THAT THE TAX IN RELATION TO THIS CARD ACCOUNT HOWEVER IN CASE THE DISPUTE GETS RESOLVED IN STATEMENT IS NOT PAYABLE UNDER REVERSE CHARGE MECHANISM FAVOR OF THE CARDHOLDER THE TEMPORARY CREDIT SHALL BE NAME AND THE ADDRESS OF THE SUPPLIER SBI CARDS AND PAYMENT REGULARIZED AND REPLACED BY A PERMANENT CREDIT REWARD POINTS SERVICES LIMITED SBI CARD DLF CYBER CITY TOWER C FOR THE DISPUTED TRANSACTION WILL BE DEBITED IN CASE THE DISPUTE IS BLOCK 2 BUILDING 3 DLF INFINITY TOWERS 12TH FLOOR GURUGRAM CLOSED IN CARDHOLDERS FAVOR FURTHER ANY CHARGES LEVIED ON THE HR 122002 DISPUTED TRANSACTION DURING THE PERIOD OF INVESTIGATION WILL BE REVERSED HOWEVER SAME WILL BE BILLED IN THE SUBSEQUENT CARD STATEMENT INCASE THE DISPUTE IS NOT CLOSED IN CARDHOLDERS FAVOR LOG ONTO SBICARD COM TO VIEW THE MOST IMPORTANT TERMS ALL TRANSACTION DISPUTES ARE RESOLVED AS PER THE NETWORK CONDITIONS UPDATED INFORMATION ON ALL ONGOING OFFERS VISA MASTERCARD RUPAY AMEX GUIDELINES YOU WILL RECEIVE SBI CARD SBICPSL IS A CORPORATE AGENT OF ROYAL SUNDARAM CONTINUOUS UPDATES ON STATUS OF THE DISPUTE GENERAL INSURANCE CO LIMITED SBI GENERAL INSURANCE THE INTEREST AMOUNT CHARGEABLE IN THE 1ST EMI WILL BE CALCULATED COMPANY LIMITED AND SBI LIFE INSURANCE COMPANY LIMITED FOR THE PERIOD BETWEEN PLAN OPEN DATE ENCASH ENCASH INLINE BT VIDE IRDAI REGISTRATION CODE CA0075 INSURANCE IS THE ON EMI FLEXIPAY BOOKING CONFIRMATION DATE MERCHANT EMI SUBJECT MATTER OF SOLICITATION AND THE PAYMENT DUE DATE PDD AS PER THE CREDIT CARD STATEMENT CYCLE FROM 2ND EMI ONWARDS INTEREST WILL BE LEVIED FOR A 30 DAY PERIOD FROM ONE PDD TO THE NEXT PDD HENCE THE 1ST EMI AMOUNT MAY BE DIFFERENT FROM SUBSEQUENT EMIS SAFETY FIRST SBI CARD HAS NOW INTRODUCED OTP FOR 3D SECURE AUTHENTICATION OF ALL ONLINE CREDIT CARD TRANSACTIONS PLEASE ENSURE YOUR CURRENT MOBILE NO IS REGISTERED WITH US PLEASE DO NOT SHARE THIS 6 DIGITS OTP WITH ANYONE SBI CARD NEVER ASKS FOR SUCH INFORMATION IMPORTANT INFORMATION IMPORTANT TERMS CONDITIONS CHARGES CARDHOLDER AGREEMENT PRIVACY POLICY REACH US PAYMENT OPTIONS CKYC CKYC CENTRAL KNOW YOUR CUSTOMER IS A CENTRALIZED DATABASE OF KYC RECORDS OF CUSTOMERS TAKING FINANCIAL SERVICES FROM BANKS NBFCS ETC CKYC IDENTIFIER IS A UNIQUE NUMBER GENERATED FOR AN INDIVIDUAL ON COMPLETING KYC FORMALITIES AT THE TIME OF ACCOUNT OPENING UPDATION TRANSACTIONS THAT REMAIN UNBILLED ON THE STATEMENT DATE WILL REFLECT IN THE NEXT CYCLE YOU CAN CHECK TRANSACTION STATUS AT HTTPS SBICARD COM MOBILE APP OR HTTPS ILA SBICARD COM W E F 1ST NOV 25 THE FOLLOWING CHARGES WILL BE LEVIED ON THE BELOW MENTIONED TRANSACTIONS FOR MORE DETAILS PLEASE REFER THE MOST IMPORTANT TERMS AND CONDITIONS MITC ON WWW SBICARD COM FEE OF 1 OF THE TRANSACTION AMOUNT APPLICABLE ON EDUCATION PAYMENTS MADE THROUGH THIRD PARTY APPS HOWEVER PAYMENTS MADE DIRECTLY TO COLLEGES OR SCHOOLS VIA THEIR WEBSITES OR POS MACHINES WILL NOT ATTRACT ANY FEE FEE OF 1 OF THE TRANSACTION AMOUNT APPLICABLE ON EVERY WALLET LOAD TRANSACTION EXCEEDING RS 1000 DECLARATION I WE HEREBY DECLARE THAT THOUGH OUR AGGREGATE TURNOVER IN ANY PRECEDING FINANCIAL YEAR FROM 2017 18 ONWARDS IS MORE THAN THE AGGREGATE TURNOVER NOTIFIED UNDER SUB RULE 4 OF RULE 48 WE ARE NOT REQUIRED TO PREPARE AN INVOICE IN TERMS OF THE PROVISIONS OF THE SAID SUB RULE VERSION 1 1 OCT 2025 FOR SBI CARDS AND PAYMENT SERVICES LIMITED SBI CARD AUTHORIZED SIGNATORY SCHEDULE OF CHARGES ANNUAL CREDIT CARD NAME RENEWAL FEE RS FEE RS 9 999 WAIVED OFF ON ANNUAL SPENDS OF 12 LAKH OR MORE AURUM 9 999 IN THE PRECEDING YEAR KRISFLYER SBI CARD APEX 9 999 9 999 KRISFLYER SBI CARD 2 999 2 999 2 999 WAIVED OFF ON ANNUAL SPENDS OF 3 LAKH OR MORE SBI CARD PRIME 2 999 IN THE PRECEDING YEAR 2 999 WAIVED OFF ON ANNUAL SPENDS OF 3 LAKH OR MORE SBI CARD PRIME ADVANTAGE 2 999 IN THE PRECEDING YEAR 1 499 WAIVED OFF ON ANNUAL SPENDS OF 2 LAKH OR MORE DOCTOR S SBI CARD 1 499 IN THE PRECEDING YEAR 1 499 WAIVED OFF ON ANNUAL SPENDS OF 1 5 LAKH OR MORE SHAURYA SELECT SBI CARD 1 499 IN THE PRECEDING YEAR 250 WAIVED OFF ON ANNUAL SPENDS OF 50 000 OR MORE SHAURYA SBI CARD 250 IN THE PRECEDING YEAR 1 499 WAIVED OFF ON ANNUAL SPENDS OF 2 LAKH OR MORE IN SBI CARD PULSE 1 499 THE PRECEDING YEAR 999 WAIVED OFF ON ANNUAL SPENDS OF 2 LAKH OR MORE 999 CASHBACK SBI CARD IN THE PRECEDING YEAR 499 WAIVED OFF ON ANNUAL SPENDS OF 1 LAKH OR MORE SIMPLYCLICK SBI CARD 499 IN THE PRECEDING YEAR 499 WAIVED OFF ON ANNUAL SPENDS OF 1 LAKH OR MORE IN SIMPLYCLICK ADVANTAGE SBI CARD 499 THE PRECEDING YEAR 499 WAIVED OFF ON ANNUAL SPENDS OF 1 LAKH OR MORE SIMPLYSAVE SBI CARD 499 IN THE PRECEDING YEAR 499 WAIVED OFF ON ANNUAL SPENDS OF 1 LAKH OR MORE SIMPLYSAVE ADVANTAGE SBI CARD 499 IN THE PRECEDING YEAR SBI CARD UNNATI NIL 499 5TH YEAR ONWARDS 499 WAIVED OFF ON ANNUAL SPENDS OF 30 000 OR MORE IN KRISHAK UNNATI SBI CARD NIL THE PRECEDING YEAR ADITYA BIRLA SBI CARD 499 499 ADITYA BIRLA SBI CARD SELECT 1 499 1 499 AIR INDIA SBI PLATINUM CARD 1 499 1 499 AIR INDIA SBI SIGNATURE CARD 4 999 4 999 499 WAIVED OFF ON ANNUAL SPENDS OF 1 LAKH OR MORE APOLLO SBI CARD 499 IN THE PRECEDING YEAR 499 WAIVED OFF ON ANNUAL SPENDS OF 1 LAKH OR MORE IN BPCL SBI CARD 499 THE PRECEDING YEAR 1 499 WAIVED OFF ON ANNUAL SPENDS OF 2 LAKH OR MORE BPCL SBI CARD OCTANE 1 499 IN THE PRECEDING YEAR CLUB VISTARA SBI CARD PRIME 2 999 2 999 CLUB VISTARA SBI CARD 1 499 1 499 499 WAIVED OFF ON ANNUAL SPENDS OF 1 LAKH OR MORE DELHI METRO SBI CARD 499 IN THE PRECEDING YEAR 499 WAIVED OFF ON ANNUAL SPENDS OF 1 LAKH OR MORE FABINDIA SBI CARD 499 IN THE PRECEDING YEAR 1 499 WAIVED OFF ON ANNUAL SPENDS OF 2 LAKH OR MORE FABINDIA SBI CARD SELECT 1 499 IN THE PRECEDING YEAR IRCTC SBI CARD 500 500 1 499 WAIVED OFF ON ANNUAL SPENDS OF 2 LAKH OR MORE IRCTC SBI CARD PREMIER 1 499 IN THE PRECEDING YEAR LIFESTYLE HOME CENTRE SBI CARD MAX SBI 499 499 CARD SPAR SBI CARD LIFESTYLE HOME CENTRE SBI CARD PRIME 2 999 2 999 MAX SBI CARD PRIME SPAR SBI CARD PRIME LIFESTYLE HOME CENTRE SBI CARD SELECT 1 499 1 499 MAX SBI CARD SELECT SPAR SBI CARD SELECT 1 499 WAIVED OFF ON ANNUAL SPENDS OF 2 LAKH OR MORE NATURE S BASKET SBI CARD 1 499 IN THE PRECEDING YEAR 4 999 WAIVED OFF ON ANNUAL SPENDS OF 10 LAKH OR MORE NATURE S BASKET SBI CARD ELITE 4 999 IN THE PRECEDING YEAR 499 WAIVED OFF ON ANNUAL SPENDS OF 1 LAKH OR MORE IN OLA MONEY SBI CARD NIL THE PRECEDING YEAR PAYTM SBI CARD 499 499 1 499 WAIVED OFF ON ANNUAL SPENDS OF 2 LAKH OR MORE IN PAYTM SBI CARD SELECT 1 499 THE PRECEDING YEAR 499 WAIVED OFF ON ANNUAL SPENDS OF 1 LAKH OR MORE IN YATRA SBI CARD 499 THE PRECEDING YEAR 2 999 WAIVED OFF ON ANNUAL SPENDS OF 3 LAKH OR MORE CITY UNION BANK SBI CARD PRIME 2 999 IN THE PRECEDING YEAR CITY UNION BANK SIMPLYSAVE SBI 499 499 WAIVED OFF ON ANNUAL SPENDS OF 1 LAKH OR MORE CARD IN THE PRECEDING YEAR 2999 WAIVED OFF ON ANNUAL SPENDS OF 3 LAKH OR MORE KARNATAKA BANK SBI CARD PRIME 2 999 IN THE PRECEDING YEAR 499 WAIVED OFF ON ANNUAL SPENDS OF 1 LAKH OR MORE KARNATAKA BANK SIMPLYSAVE SBI 499 IN THE PRECEDING YEAR CARD 2 999 WAIVED OFF ON ANNUAL SPENDS OF 3 LAKH OR MORE PSB SBI CARD PRIME 2 999 IN THE PRECEDING YEAR 4 999 WAIVED OFF ON ANNUAL SPENDS OF 10 LAKH OR MORE PSB SBI CARD ELITE 4 999 IN THE PRECEDING YEAR 499 WAIVED OFF ON ANNUAL SPENDS OF 1 LAKH OR MORE PSB SIMPLYSAVE SBI CARD 499 IN THE PRECEDING YEAR 499 499 WAIVED OFF ON ANNUAL SPENDS OF 1 LAKH OR MORE UCO BANK SIMPLYSAVE SBI CARD IN THE PRECEDING YEAR 2 999 WAIVED OFF ON ANNUAL SPENDS OF 3 LAKH OR MORE 2 999 UCO BANK SBI CARD PRIME IN THE PRECEDING YEAR UCO BANK SBI CARD ELITE 4 999 4 999 WAIVED OFF ON ANNUAL SPENDS OF 10 LAKH OR MORE IN THE PRECEDING YEAR SIMPLYSAVE MERCHANT SBI CARD NIL NIL 499 WAIVED OFF ON ANNUAL SPENDS OF 1 LAKH OR MORE RELIANCE SBI CARD 499 IN THE PRECEDING YEAR 2 999 WAIVED OFF ON ANNUAL SPENDS OF 3 LAKH OR MORE RELIANCE SBI CARD PRIME 2 999 IN THE PRECEDING YEAR 2 999 WAIVED OFF ON ANNUAL SPENDS OF 3 LAKH OR MORE TITAN SBI CARD 2 999 IN THE PRECEDING YEAR 1 499 WAIVED OFF ON ANNUAL SPENDS OF 6 LAKH OR MORE SBI CARD MILES 1 499 IN THE PRECEDING YEAR 2 999 WAIVED OFF ON ANNUAL SPENDS OF 10 LAKH OR MORE SBI CARD MILES PRIME 2 999 IN THE PRECEDING YEAR 4 999 WAIVED OFF ON ANNUAL SPENDS OF 15 LAKH OR MORE 4 999 SBI CARD MILES ELITE IN THE PRECEDING YEAR SHAURYA SELECT NIL NIL SOUTH INDIAN BANK SBI PLATINUM 2 999 2 999 CREDIT CARD SOUTH INDIAN BANK SIMPLYSAVE SBI 499 WAIVED OFF ON ANNUAL SPENDS OF RS 1 LAKH OR MORE 499 CARD IN THE PRECEDING YEAR KVB SBI SIGNATURE CARD 4 999 4 999 KARUR VYSYA BANK SBI PLATINUM 2 999 2 999 CREDIT CARD 499 WAIVED OFF ON ANNUAL SPENDS OF RS 1 LAKH OR MORE KARUR VYSYA BANK SBI CARD 499 IN THE PRECEDING YEAR CENTRAL SBI SELECT CARD 750 750 CENTRAL SBI SELECT CARD 2999 2999 FBB SBI STYLEUP CARD 499 499 IRCTC SBI PLATINUM CARD 500 500 2 999 WAIVED OFF ON ANNUAL SPENDS OF 3 LAKH OR MORE IN SOUTH INDIAN BANK SBI CARD PRIME 2 999 THE PRECEDING YEAR 4 999 WAIVED OFF ON ANNUAL SPENDS OF 10 LAKH OR MORE KVB SBI CARD ELITE 4 999 IN THE PRECEDING YEAR 2 999 WAIVED OFF ON ANNUAL SPENDS OF 3 LAKH OR MORE IN KVB SBI CARD PRIME 2 999 THE PRECEDING YEAR KVB SIMPLYSAVE SBI CARD 499 499 WAIVED OFF ON ANNUAL SPENDS OF 1 LAKH OR MORE IN THE PRECEDING YEAR SBI CARD ELITE 4 999 WAIVED OFF ON ANNUAL SPENDS OF 10 LAKH OR MORE 4 999 IN THE PRECEDING YEAR SBI CARD ELITE ADVANTAGE 4 999 4 999 WAIVED OFF ON ANNUAL SPENDS OF 10 LAKH OR MORE IN THE PRECEDING YEAR SBI CARD PRIME NRI SECURED 1 500 1 500 499 499 WAIVED OFF ON ANNUAL SPENDS OF RS 1 LAKH OR MORE TATA NEU PLUS SBI CREDIT CARD IN THE PRECEDING YEAR 1 499 WAIVED OFF ON ANNUAL SPENDS OF RS 3 LAKH OR 1 499 TATA NEU INFINITY SBI CREDIT CARD MORE IN THE PRECEDING YEAR 1 499 1 499 WAIVED OFF ON ANNUAL SPENDS OF RS 3 LAKH OR APOLLO SBI CARD SELECT MORE IN THE PRECEDING YEAR BANK OF MAHARASHTRA SBI CARD 4 999 WAIVED OFF ON ANNUAL SPENDS OF RS 10 LAKH OR 4 999 ELITE MORE IN THE PRECEDING YEAR BANK OF MAHARASHTRA SBI CARD 2 999 WAIVED OFF ON ANNUAL SPENDS OF RS 3 LAKH OR MORE 2 999 PRIME IN THE PRECEDING YEAR BANK OF MAHARASHTRA SIMPLYSAVE 499 WAIVED OFF ON ANNUAL SPENDS OF RS 1 LAKH OR MORE 499 SBI CARD IN THE PRECEDING YEAR 499 WAIVED OFF ON ANNUAL SPENDS OF RS 1 LAKH OR MORE PHONEPE SBI CARD PURPLE 499 IN THE PRECEDING YEAR PHONEPE SBI CARD SELECT 1 499 WAIVED OFF ON ANNUAL SPENDS OF RS 3 LAKH OR MORE 1 499 BLACK IN THE PRECEDING YEAR 500 WAIVED OFF ON ANNUAL SPENDS OF RS 3 5 LAKH OR 500 FLIPKART SBI CARD MORE IN THE PRECEDING YEAR INDIGO SBI CARD ELITE 4 999 4 999 INDIGO SBI CARD 1 499 1 499 499 WAIVED OFF ON ANNUAL SPENDS OF RS 1 LAKH OR MORE IN 499 GOOGLE PAY FLEX SBI CREDIT CARD THE PRECEDING YEAR EXTENDED CREDIT INTEREST FREE CREDIT PERIOD 20 50 DAYS APPLICABLE ONLY ON RETAIL PURCHASES AND IF PREVIOUS MONTH S OUTSTANDING BALANCE IS PAID IN FULL FINANCE CHARGES 3 75 P M 45 P A FOR UNSECURED CARDS 2 75 P M 33 P A FOR SHAURYA DEFENCE CARDS AND SECURED CARDS 25 MINIMUM FINANCE CHARGES 100 OF GST 100 OF EMI AMOUNT 100 OF FEES CHARGES MINIMUM AMOUNT DUE 100 OF FINANCE CHARGES OVERLIMIT AMOUNT IF ANY 2 OF REMAINING BALANCE OUTSTANDING CASH ADVANCE CASH ADVANCE LIMIT CASH ADVANCE LIMIT IS A PART OF THE OVERALL CREDIT LIMIT CASH ADVANCE LIMIT IS INDICATED IN THE MONTHLY CARD STATEMENT MAX CASH WITHDRAWAL LIMIT IS RS 15 000 PER DAY ON MCC 6011 ATM WITHDRAWALS SUBJECT TO CASH ADVANCE LIMIT AVAILABILITY CASH ADVANCE IS NOT AVAILABLE FOR MCC 6010 OVER THE COUNTER CASH DISBURSEMENT FREE CREDIT PERIOD NIL 3 75 P M 45 P A FOR UNSECURED CARDS 2 75 P M FINANCE CHARGES 33 P A FOR SHAURYA DEFENCE CARDS AND SECURED CARDSTHE ABOVE MENTIONED CHARGES WILL BE APPLICABLE FROM THE DATE OF CASH WITHDRAWAL MINIMUM FINANCE CHARGES 25 CASH ADVANCE FEES 2 5 OF TRANSACTION AMOUNT SUBJECT TO A MINIMUM OF 500 SBI ATMS OTHER DOMESTIC ATMS 2 5 OF TRANSACTION AMOUNT SUBJECT TO A MINIMUM OF 500 INTERNATIONAL ATMS OTHER CHARGES FEES CASH PAYMENT FEE 250 PAYMENT DISHONOR FEE 2 OF PAYMENT AMOUNT SUBJECT TO A MINIMUM OF 500 CHEQUE PAYMENT FEE 200 LATE PAYMENT NIL FOR OUTSTANDING AMOUNT DUE FROM 0 100 100 FOR OUTSTANDING AMOUNT DUE GREATER THAN 100 UPTO 500 500 FOR OUTSTANDING AMOUNT DUE GREATER THAN 500 UPTO 1 000 750 FOR OUTSTANDING AMOUNT DUE GREATER THAN 1 000 UPTO 10 000 950 FOR OUTSTANDING AMOUNT DUE GREATER THAN 10 000 UPTO 25 000 1 100 FOR OUTSTANDING AMOUNT DUE GREATER THAN 25 000 UPTO 50 000 1 300 FOR OUTSTANDING AMOUNT DUE GREATER THAN 50 000 ADDITIONAL LATE PAYMENT CHARGES 100 LATE PAYMENT CHARGES ON RE 500 FOR OUTSTANDING AMOUNT DUE GREATER THAN 1 000 OVERLIMIT FEE 2 5 OF OVERLIMIT AMOUNT SUBJECT TO A MINIMUM OF RS 600 OVERLIMIT FEE WILL NOT BE REVERSED IN CASE OF TRANSACTION REVERSAL CANCELLATION REFUND CARD REPLACEMENT 100 250 1500 FOR AURUM EMERGENCY CARD REPLACEMENT WHEN ACTUAL COST SUBJECT TO A MINIMUM OF 175 FOR VISA AND 148 ABROAD FOR MASTERCARD FOREIGN CURRENCY TRANSACTION FEE 3 5 FOR ALL CARDS EXCEPT ELITE AURUM AND SBI CARD MILES SBI CARD MILES PRIME SBI CARD MILES ELITE AND TATA NEU INFINITY SBI CREDIT CARD 3 FOR SBI CARD MILES 2 5 FOR SBI CARD MILES PRIME AND 1 99 FOR ELITE AURUM SBI CARD MILES ELITE AND TATA NEU INFINITY SBI CREDIT CARD 3 5 FOR ALL CARDS EXCEPT ELITE AURUM AND SBI CARD MILES DYNAMIC CURRENCY CONVERSION FEE SBI CARD MILES PRIME SBI CARD MILES ELITE AND TATA NEU INFINITY SBI CREDIT CARD 3 FOR SBI CARD MILES 2 5 FOR SBI CARD MILES PRIME AND 1 99 FOR ELITE AURUM SBI CARD MILES ELITE AND TATA NEU INFINITY SBI CREDIT CARD REWARDS REDEMPTION FEE 99 APPLICABLE ONLY ON PHYSICAL PRODUCT STATEMENT FEE CREDIT ON VOUCHERS THAT ARE SENT PHYSICALLY AS SPECIFIED IN THE INDIVIDUAL PRODUCT TERMS CONDITIONS FOR ALL CARDS EXCEPT AURUM W E F 1ST DEC 2024 1 OF TOTAL AMOUNT OF UTILITY PAYMENTS IF UTILITY PAYMENTS FEE THE TOTAL AMOUNT EXCEEDS RS 50 000 IN A BILLING CYCLE W E F 1ST NOV 25 1 OF THE TRANSACTION AMOUNT APPLICABLE ON FEE ON EDUCATION PAYMENT TRANSACTIONS EDUCATION PAYMENTS MADE THROUGH THIRD PARTY APPS HOWEVER PAYMENTS MADE DIRECTLY TO COLLEGES OR SCHOOLS VIA THEIR WEBSITES OR POS MACHINES WILL NOT ATTRACT ANY FEE W E F 1ST NOV 25 1 OF THE TRANSACTION AMOUNT APPLICABLE ON FEE ON WALLET LOAD TRANSACTIONS EVERY WALLET LOAD TRANSACTION EXCEEDING RS 1000 PROCESSING FEE ON ALL RENT PAYMENT 199 PROCESSING FEE WILL NOT BE REVERSED IN CASE OF TRANSACTIONS TRANSACTION REVERSAL CANCELLATION REFUND LOUNGECHARGES ALL AIRPORT LOUNGE VISITS WITHIN INDIA THROUGH INTERNATIONAL LOUNGE ACCESS PROGRAMS LIKE PRIORITY PASS PROGRAM WILL BE CHARGED A USAGE FEE OF UP TO USD 27 PER VISIT APPLICABLE TAXES FOR DETAILS PLEASE VISIT SBICARD COM ALL AIRPORT LOUNGE VISITS OUTSIDE INDIA THROUGH INTERNATIONAL LOUNGE ACCESS PROGRAMS LIKE PRIORITY PASS PROGRAM AFTER EXHAUSTING THE COMPLIMENTARY VISITS WILL BE CHARGED WITH A USAGE FEE OF UP TO USD 27 PER VISIT APPLICABLE TAXES FOR DETAILS PLEASE VISIT SBICARD COM GRACE PERIOD GRACE PERIOD OF 3 DAYS IS ALLOWED FROM THE PAYMENT DUE DATE ON CREDIT CARD ACCOUNTS WHERE PAYMENTS ARE NOT OVERDUE FROM PREVIOUS BILLING CYCLE S THE PAYMENT DUE DATE AS MENTIONED ON THE CREDIT CARD STATEMENT IS THE DATE BY WHICH CLEAR FUNDS MUST BE CREDITED TO THE CREDIT CARD HOWEVER 3 GRACE DAYS ARE PROVIDED TO ACCOMMODATE FOR PROCESSING TIME OF PAYMENTS SURCHARGE AS PRESCRIBED BY IRCTC INDIAN RAILWAYS RAILWAY TICKETS WWW IRCTC CO IN 1 OF TRANSACTION AMOUNT ALL APPLICABLE TAXES PETROL ALL PRODUCTS SERVICES SOLD FUEL SURCHARGE IS LEVIED BY ACQUIRING BANK PROVIDING THE AT PETROL PUMPS TERMINAL TO THE MERCHANT THE TRANSACTION VALUE ON CHARGE SLIP WILL DIFFER FROM CREDIT CARD STATEMENT SINCE THE SURCHARGE GST IS LEVIED BY ACQUIRING BANK ON THE TRANSACTION VALUE 1 FUEL SURCHARGE WAIVER EXCLUDING GST SHALL BE PROVIDED FOR ELIGIBLE TRANSACTION VALUE ON SELECT CARDS FUEL SURCHARGE WAIVER TERMS AND CONDITIONS MAY VARY REFER PRODUCT T CS FOR DETAILS FOR REWARD POINT REDEMPTION YOUR SBI CARD MUST NOT BE OVERDUE SUSPENDED BLOCKED CANCELLED OR TERMINATED BY SBICPSL AT THE TIME OF REDEMPTION REQUEST APPLICABLE TAXES MEANS FOR THE CARDHOLDERS HAVING STATE OF RESIDENCE IN THE RECORDS OF SBI CARD ON THE STATEMENT DATE AS HARYANA CENTRAL TAX 9 AND STATE TAX 9 FOR THE CARDHOLDERS HAVING STATE OF RESIDENCE IN THE RECORDS OF SBI CARD ON THE STATEMENT DATE AS OTHER THAN HARYANA INTEGRATED TAX 18 ALL TRANSACTIONS TOWARDS PAYMENT OF RENT THROUGH ANY MERCHANT WILL BE LEVIED RS 199 APPLICABLE TAXES AS PROCESSING FEE ALL THE TRANSACTIONS IDENTIFIED UNDER MERCHANT CATEGORY CODE MCC 6513 WILL BE CONSIDERED AS RENT PAYMENT TRANSACTIONS IMPORTANT POINTS PAYMENT OF ANY AMOUNT LESSER THAN THE TOTAL AMOUNT DUE IN ANY MONTH RESULTS IN INTEREST ACCRUAL ON THE BALANCE OUTSTANDING AMOUNT INCLUDING ANY NEW PURCHASES AND CASH ADVANCES TO ENJOY THE BENEFIT OF INTEREST FREE PERIOD PLEASE PAY THE TOTAL AMOUNT DUE TAD BEFORE THE PAYMENT DUE DATE PDD FURTHER MAKING ONLY THE MINIMUM PAYMENT EVERY MONTH WOULD RESULT IN THE REPAYMENT STRETCHING OVER MONTHS YEARS WITH CONSEQUENTIAL COMPOUNDED INTEREST PAYMENT ON YOUR OUTSTANDING BALANCE SMA NPA SPECIAL MENTION ACCOUNTS SMA IN FURTHERANCE TO REGULATORY REQUIREMENTS SBI CARD IS REQUIRED TO IDENTIFY INCIPIENT STRESS IN THE ACCOUNT BY CREATING A SUB ASSET CATEGORY VIZ SPECIAL MENTION ACCOUNTS SMA WITH THE THREE SUB CATEGORIES AS GIVEN IN THE TABLE BELOW CREDIT CARDS ARE TREATED AS LOANS OTHER THAN REVOLVING FACILITIES BASIS FOR CLASSIFICATION PRINCIPAL OR INTEREST PAYMENT OR ANY OTHER AMOUNT SMA SUB CATEGORIES WHOLLY OR PARTLY OVERDUE SMA 0 UPTO 30 DAYS FROM PAYMENT DUE DATE PDD SMA 1 MORE THAN 30 DAYS UPTO 60 DAYS FROM PDD SMA 2 MORE THAN 60 DAYS UPTO 90 DAYS FROM PDD EXAMPLE REGARDING CLASSIFICATION OF SMA IF PAYMENT DUE DATE PDD OF A CREDIT CARD ACCOUNT IS 31ST MARCH 2021 AND MINIMUM AMOUNT DUE MAD IS NOT RECEIVED BEFORE THIS DATE THEN AFTER THE DUE DATE THE ACCOUNT WILL BE MENTIONED AS SMA 0 IF THE ACCOUNT CONTINUES TO REMAIN OVERDUE BEYOND 30 DAYS FROM PDD I E BEYOND 30TH APRIL 2021 THEN THIS ACCOUNT SHALL GET TAGGED AS SMA 1 SIMILARLY IF THE ACCOUNT CONTINUES TO REMAIN OVERDUE BEYOND 60 DAYS FROM PDD I E BEYOND 30TH MAY 2021 THEN THIS ACCOUNT SHALL GET TAGGED AS SMA 2 NON PERFORMING ASSET NPA A CREDIT CARD ACCOUNT WILL BE TREATED AS NON PERFORMING ASSET NPA IF THE MINIMUM AMOUNT DUE AS MENTIONED IN THE STATEMENT IS NOT PAID FULLY WITHIN NINETY 90 DAYS FROM THE PDD MENTIONED IN THE STATEMENT FURTHER ANY ACCOUNT WHERE A SETTLEMENT OR RESTRUCTURING ARRANGEMENT HAS BEEN AVAILED WILL BE CLASSIFIED AS NPA AN ACCOUNT CONTINUES TO BE CLASSIFIED AS NPA TILL THE ENTIRE ARREARS OF INTEREST AND PRINCIPAL ARE PAID SETTLEMENT AND RESTRUCTURED ACCOUNTS DO NOT QUALIFY FOR AN UPGRADE FINALLY IF ANY CUSTOMER HAS EVEN ONE CREDIT CARD WITH SBICARD TAGGED AS NPA ALL CARDS OF THE CUSTOMER WILL BE CLASSIFIED AS NPA EXAMPLE REGARDING CLASSIFICATION OF AN ACCOUNT AS NPA IF PAYMENT DUE DATE PDD OF A CREDIT CARD ACCOUNT IS 31ST MARCH 2021 AND MINIMUM AMOUNT DUE AS MENTIONED IN THE STATEMENT HAS NOT BEEN FULLY PAID BY THE CUSTOMER WITHIN A PERIOD OF 90 DAYS FROM THE PDD I E TILL 29TH JUNE 2021 THEN THE LENDER SHALL CONSIDER THE CREDIT CARD ACCOUNT AS NPA AS PER RECENT RBI GUIDELINES CHEQUES SHOULD HAVE NO CORRECTIONS ON THE PAYEE NAME AMOUNT EITHER IN WORDS OR FIGURES HENCE WE REQUEST YOU TO TAKE CARE AT THE TIME OF ISSUING CHEQUES AGAINST YOUR SBI CARD DUES IN ORDER TO AVOID ANY INCONVENIENCE CHARGES INCASE OF ANY TRANSACTION DISPUTE PLEASE SEND A SIGNED DISPUTE FORM WITHIN 25 DAYS FROM DATE OF TRANSACTION TO CHARGEBACK SBICARD COM NO NEW STATEMENT WILL BE SENT IN CASE OF CREDIT BALANCE AND NO NEW TRANSACTION ON THE ACCOUNT WITHIN 30 DAYS OF THE LAST STATEMENT SBI CARDS MAY NOT APPROVE HIGH RISK TRANSACTIONS E G JEWELLERY ETC TO PREVENT MISUSE OR POTENTIAL FRAUD ON YOUR SBI CARD SBI CARD DISCLOSES INFORMATION REGARDING YOUR ACCOUNT TO CREDIT INFORMATION BUREAUS AGENCIES ON A REGULAR BASIS AS MANDATED BY RBI IN THE EVENT OF NON PAYMENT OF AT LEAST THE MINIMUM AMOUNT DUE BY THE PAYMENT DUE DATE YOUR CARD ACCOUNT WILL BE REPORTED AS DEFAULT TO CREDIT INFORMATION BUREAUS AGENCIES CARDHOLDERS WITH ACTIVE CREDIT CARDS WITH IDENTICAL BILLING CYCLE WILL BE ASSIGNED THE SAME BILLING CYCLE FOR ANY NEW CARD ISSUANCE BILLING CYCLE OF NEW CREDIT CARD S FOR CARDHOLDERS WITH ONLY ONE ACTIVE CREDIT CARD WILL BE SAME AS THE EXISTING CARD LET S CONNECT LET S SIMPLIFY BY PHONE FOR ALL CARD EXCEPT AURUM 39 02 02 02 PREFIX LOCAL STD CODE OR 1860 180 1290 BY E MAIL FOR ALL CARD EXCEPT AURUM CUSTOMERCARE SBICARD COM FOR ALL CARD EXCEPT AURUM LOG ON TO WWW SBICARD COM AND REGISTER BY WEB BY LETTER WRITE TO US AT MANAGER CUSTOMER CORRESPONDENCE UNIT DLF INFINITY TOWERS TOWERC 12TH FLOOR BLOCK 2 BUILDING 3 DLF CYBER CITY GURUGRAM 122002 HARYANA INDIA OR POST BAG NO 28 GPO NEW DELHI 110001 CUSTOMER GRIEVANCE REDRESSAL ALL GRIEVANCE ESCALATIONS SHOULD BE MARKED TO MR PROSENJIT DHAR NODAL OFFICER SBI CARDS AT ABOVE ADDRESS OR VIA EMAIL AT NODALOFFICER SBICARD COM IF CONCERN NOT RESOLVED WITHIN 15 DAYS YOU MAY APPROACH MR MANISH DEWAN HEAD CUSTOMER SERVICES AT CUSTOMERSERVICEHEAD SBICARD COM BILLING AND STATEMENT SBICPSL WILL SEND THE CARDHOLDER A MONTHLY STATEMENT SHOWING THE PAYMENTS CREDITED AND THE TRANSACTIONS DEBITED TO THE CARDHOLDER S ACCOUNT SINCE THE LAST STATEMENT PROVIDED THE CARD HAS BEEN ACTIVE DURING THE SAID PERIOD SBICPSL WILL EITHER MAIL A STATEMENT OF TRANSACTIONS IN THE CARD ACCOUNT TO THE MAILING ADDRESS IT HAS ON RECORD OR SEND A STATEMENT THROUGH EMAIL TO THE EMAIL ID ON RECORD ON A PRE DETERMINED DATE WAYS TO MAKE PAYMENT FOR YOUR SBI CREDIT CARD PAY VIA STANDING INSTRUCTION E NACH ENROLL FOR E NACH FOR AUTOMATED AND HASSLE FREE BILL PAYMENTS EVERY MONTH YOUR CARD DUES WILL BE DEDUCTED DIRECTLY FROM YOUR BANK ACCOUNT ON THE PAYMENT DUE DATE FOR MORE DETAILS VISIT WWW SBICARD COM PAY VIA UPI YOU CAN PAY YOUR BILL FASTER VIA UPI PAYMENT MODE ON SBI CREDIT CARD APP OR ON WEBSITE USING QR CODE NEFT NATIONAL ELECTRONIC FUNDS TRANSFER PAY YOUR SBI CREDIT CARD OUTSTANDING USING NEFT AND GET INSTANT CREDIT TO YOUR CARD ACCOUNT 24X7 USE YOUR 15 16 DIGIT CREDIT CARD NUMBER AS BENEFICIARY A C IFSC CODE SBIN00CARDS TO REGISTER YONO BY SBI PAY YOUR SBI CREDIT CARD BILLS WITH YONO BY SBI APP AND GET INSTANT CREDIT IN YOUR SBI CARD ACCOUNT PAYNET CLICK ON PAYNET AT WWW SBICARD COM TO MAKE YOUR PAYMENT ONLINE THROUGH NETBANKING OR YOUR SBI ATM CUM DEBIT CARD PAYMENT WILL REFLECT INSTANTLY ON YOUR SBI CREDIT CARD ACCOUNT FOR BANK DETAILS PLEASE LOG ONTO WWW SBICARD COM DEBIT CARD PAYMENT PAY ONLINE USING SELECTED BANKS DEBIT CARD PAYMENT WILL REFLECT INSTANTLY ON YOUR SBI CREDIT CARD ACCOUNT FOR MORE DETAILS VISIT WWW SBICARD COM VISA CREDIT CARD PAY USE VISA CREDIT CARD PAY TO PAY YOUR SBI CREDIT CARD BILL YOUR PAYMENT WILL BE CREDITED INSTANTLY AUTO DEBIT AUTHORIZE SBI CARD TO DEBIT YOUR BANK ACCOUNT SAVINGS CURRENT BY FILLING THE AUTO DEBIT MANDATE AVAILABLE AT SELECTED BANKS FOR MORE DETAILS VISIT WWW SBICARD COM MASTERCARD MONEYSEND DOWNLOAD ANY AUTHORIZED THIRD PARTY PAYMENT APP USE A PLATFORM THAT SUPPORTS THE MASTERCARD MONEYSEND PAYMENT MODE YOUR PAYMENT WILL BE CREDITED INSTANTLY TO YOUR CREDIT CARD ACCOUNT BBPS VISIT THE SBI UNIPAY WEBSITE TO PAY YOUR CREDIT CARD BILL CONVENIENTLY AND SECURELY THROUGH BHARAT BILL PAYMENT SYSTEM OTC PAY YOUR SBI CREDIT CARD DUES OVER THE COUNTER AT ANY SBI BRANCH IN INDIA ATM PAY AT ANY SBI ATM WITH YOUR SBI DEBIT CARD THIS SERVICE IS AVAILABLE AT ALL SBI ATMS ACROSS INDIA CHEQUE PAY YOUR SBI CREDIT CARD DUES THROUGH CHEQUE YOU CAN DROP YOUR CHEQUE AT ANY OF THE SBI CARD DROP BOXES AVAILABLE ACROSS INDIA IMPS PAY YOUR SBI CREDIT CARD OUTSTANDING USING IMPS AND GET INSTANT CREDIT TO YOUR CARD ACCOUNT 24X7 USE COUNTRY CODE 91 REGISTERED MOBILE NUMBER ALONG LAST 4 DIGIT OF CARD NUMBER WITH IFSC CODE SBIN00CARDS NOTE FOR SMOOTH PROCESSING OF PAYMENT MADE TOWARDS YOUR CARD OUTSTANDING PLEASE AVOID USING PAYMENT MODES NOT ADVISED BY SBI CARD TO KNOW MORE ABOUT THE WAYS TO MAKE PAYMENT PLEASE VISIT HTTPS SBICARD COM EN PERSONAL PAY PAGE IMPORTANT COMMUNICATION ON PAYMENT DECLINE AS PER SBI CARD INTERNAL POLICY PAYMENTS MADE BY CUSTOMER THROUGH ANY INSTANT CHANNEL NEFT VISA MONEY TRANSFER MASTERCARD MONEYSEND BBPS PAYNET DEBIT CARD OR UPI WILL BE DECLINED IF THE AMOUNT PAID IS MORE THAN THE CURRENT OUTSTANDING HENCE CUSTOMERS ARE ADVISED NOT TO MAKE EXCESS PAYMENT TOWARDS THEIR CREDIT CARD AN ILLUSTRATION OF THE FINANCE CHARGE CALCULATION STATEMENT DATE IS 2ND OF EVERY MONTH AND PAYMENT DUE DATE IS 22ND OF EVERY MONTH THE INTEREST FREE PERIOD IS FROM THE 3RD OF EVERY MONTH TO 22ND OF THE NEXT MONTH PROVIDED THE PREVIOUS OUTSTANDING BALANCE IS PAID IN FULL MAKING ONLY THE MINIMUM PAYMENT EVERY MONTH WOULD RESULT IN THE REPAYMENT STRETCHING OVER YEARS WITH CONSEQUENT INTEREST PAYMENT ON YOUR OUTSTANDING BALANCE CARDHOLDER MAKES A RETAIL PURCHASE OF 1 200 ON 30TH APRIL THEREFORE THE TOTAL AMOUNT DUE ON THE STATEMENT DATED 2ND MAY IS 1 200 TO BE PAID BEFORE 22ND MAY ON 21ST MAY THE CARDHOLDER PAYS MINIMUM AMOUNT DUE OF 200 ON 25TH MAY CARDHOLDER MAKES A FRESH PURCHASE OF 1 000 STATEMENT DATED 2ND JUNE WOULD SHOW THE FOLLOWING COMPONENTS A FINANCE CHARGE CALCULATED OUTSTANDING AMOUNT X 3 75 X 12 MONTHS X NO OF DAYS 365 FINANCE CHARGE ON 1 200 FROM 30TH APRIL TO 20TH MAY 21 DAYS 31 07 FINANCE CHARGE ON 1 000 FROM 21ST MAY TO 2ND JUNE 13 DAYS 16 03 FINANCE CHARGE ON 1 000 OF FRESH PURCHASE FROM 25TH MAY TO 2ND JUNE 9 DAYS 11 10 TOTAL FINANCE CHARGE FOR 2ND JUNE CYCLE 58 19 B TOTAL PRINCIPAL AMOUNT OUTSTANDING 2 000 BALANCE 1 000 OUTSTANDING FROM LAST MONTH S BILLING PERIOD 1 000 FRESH PURCHASE HENCE TOTAL AMOUNT DUE A B APPLICABLE TAXES IF MINIMUM AMOUNT DUE OF 200 IS NOT PAID BY DUE DATE OF 22ND MAY LATE PAYMENT CHARGES AS APPLICABLE WOULD BE LEVIED KRISHAK UNNATI SBI CARD CUSTOMERS PLEASE REFER TO BELOW TABLE PLEASE NOTE THAT THE FOLLOWING FEES AND CHARGES ARE NOT APPLICABLE FOR KRISHAK UNNATI SBI CARD CASH ADVANCE FEE NO CASH LIMIT ALLOCATED FOREX MARKUP INTERNATIONAL USAGE NOT ALLOWED CASH PAYMENT FEE FINANCE CHARGES LATE PAYMENT CHARGES PAYMENT DISHONOR FEE CARD REPLACEMENT FEE CHEQUE FEE CHEQUE PICKUP FEE STATEMENT RETRIEVAL FEE OVERLIMIT FEE REWARD REDEMPTION FEE SURCHARGES AND OTHER DUTIES ALONG WITH APPLICABLE TAXES WILL BE APPLICABLE THIS CARD DOES NOT OFFER CARDHOLDER A REVOLVING CREDIT FACILITY CARDHOLDER HAS TO PAY TOTAL AMOUNT DUE PRINTED ON THE STATEMENT SIMPLYSAVE MERCHANT SBI CARD IS A CHARGE CARD THIS CARD DOES NOT OFFER CARDHOLDER A REVOLVING CREDIT FACILITY CARDHOLDER HAS TO PAY TOTAL AMOUNT DUE PRINTED ON THE STATEMENT FOR THE PURPOSES OF SIMPLYSAVE MERCHANT SBI CARD ONLY THE TOTAL AMOUNT DUE TAD WILL BE CONSTRUED TO BE EQUAL TO THE MINIMUM AMOUNT DUE MAD ORDER OF PAYMENT SETTLEMENT PAYMENT RECEIVED AGAINST THE CARDHOLDER S OUTSTANDING WILL BE ADJUSTED AGAINST 100 OF GST 100 OF EMI AMOUNT 100 OF FEES CHARGES 100 OF FINANCE CHARGES BALANCE TRANSFER RETAIL SPENDS AND CASH ADVANCE IN THAT ORDER UTILITY PAYMENTS SHALL BE IDENTIFIED UNDER MERCHANT CATEGORY CODE MCC 4900 ON BEST EFFORT BASIS THE MCCS ARE DEFINED BY THE NETWORK PARTNERS AND ARE SUBJECT TO CHANGE BASIS THEIR DISCRETION AND SUCH CHANGES SHALL BE IMPLEMENTED BASIS COMMUNICATION FROM THE NETWORKS WITHOUT ANY REQUIREMENT FOR INTIMATION INFORMATION TO THE CUSTOMERS IDENTIFIED UNDER MERCHANT CATEGORY CODE MCC 8211 8220 8241 8244 8249 AND 8299 ON BEST EFFORT BASIS THIRD PARTY APPS LIKE BUT NOT LIMITED TO CRED CHEQ MOBIKWIK ETC IDENTIFIED UNDER MERCHANT CATEGORY CODE MCC 6540 AND 6541 ON BEST EFFORT BASIS THE MCCS ARE DEFINED BY THE NETWORK PARTNERS AND ARE SUBJECT TO CHANGE BASIS THEIR DISCRETION AND SUCH CHANGES SHALL BE IMPLEMENTED BASIS COMMUNICATION FROM THE NETWORKS WITHOUT ANY REQUIREMENT FOR INTIMATION INFORMATION TO THE CUSTOMERS PAYMENTS AND COMBINED CREDIT LIMIT IF A CUSTOMER HOLDS MULTIPLE SBI CREDIT CARDS THE CREDIT LIMIT MAY BE SHARED ACROSS THESE CARDS AT THE CUSTOMER LEVEL AS APPROVED BY THE SBI CARD AT ITS SOLE DISCRETION AND IN ACCORDANCE WITH ITS INTERNAL POLICIES THE COMBINED USAGE ACROSS ALL SBI CARD CREDIT CARDS WILL BE RESTRICTED TO THE SHARED CREDIT LIMIT ASSIGNED PAYMENTS AGAINST THE MONTHLY CARD STATEMENT MUST BE MADE SEPARATELY FOR EACH CARD BASED ON THE AMOUNT REFLECTED IN THE RESPECTIVE STATEMENT IF ONE CARD HAS A CREDIT BALANCE EXCESS PAYMENT IT WILL NOT BE SET OFF AGAINST THE OUTSTANDING BALANCE ON OTHER CARD S NON PAYMENT OF THE OUTSTANDING AMOUNT BY THE PAYMENT DUE DATE WILL ATTRACT APPLICABLE CHARGES IN ACCORDANCE WITH THE MOST IMPORTANT TERMS AND CONDITIONS MITC,"SWIGGY E COM BANGALORE IN Transactions highlighted in grey color, if any, do not form part of Purchases & Other Debits; #Transactions fully/partially converted to Flexipay/Encash/Merchant EMI. C=Credit ; D=Debit; EN=Encash; FP=Flexipay; EMD=Easy Money Draft; BT=Balance Transfer; M=Monthly Installments; TAD=Total Amount Due; T=Temporary Credit. Important Messages W.e.f. 1st May 2026, Late Payment Charges (LPC) will be revised to Rs.100 for Outstanding Amount Due greater than Rs.100 up to Rs.500, and Rs.500 for Outstanding Amount Due greater than Rs.500 up to Rs.1,000. *Total Amount Due (TAD) needs to be paid by payment due date to avoid levy of finance charges on new transactions done after the statement date.The difference,if any, between the Total Amount Due and the Total Outstanding is the balance on the Flexipay/Encash/Installments as applicable.** To keep your credit card in good standing,you have the option of paying atleast the minimum amount due on or before the due date.The Minimum Amount Due includes the EMI on Flexipay/Encash/Installment amounts & 100% of all applicable taxes.Content of this statement will be considered correct if no error is reported within 20 days.Subject to meeting the eligible spend amount,the Annual Fee reversal will reflect in your SBI Card account within 10 days of the fee being levied. SAVINGS AND BENEFITS SECTION For this statement For this year From the card issue date Offer Cashback ( ` )# 0.00 0.00 0.00 Petrol Surcharge Waiver( ` )# 0.00 33.72 33.72 Card Cashback ( ` )# 312 1798 22017 # with effect from transactions dated 17-Nov-2011. Treatment of EMI benefits / services availed by the cardholder Instant information 24X7, by just sending an SMS to 5676791 once the account turns NPA : A day after the statement is generated post account Simply Balance Enquiry: Available Credit & Cash limit: classification as NPA, all EMI plans (excluding restructured plans) SMS BAL XXXX AVAIL XXXX available on the account shall be closed & the principal outstanding along with the outstanding interest accrued till the Hotlist Lost/Stolen Card: Last Payment Status: date of such EMI plans shall be debited to the Credit Card BLOCK XXXX PAYMENT XXXX Account & appear in the subsequent monthly statement. SBI Card Reward Point Summary: Subscribe to Estatement: shall be entitled to demand immediate repayment of such REWARD XXXX ESTMT XXXX consolidated outstanding amounts. As a part of the Credit Card Duplicate Statement: Account, this balance will attract all applicable charges (including DSTMT XXXX Statement Period in MMYY finance charges at applicable interest rate) as outlined in the MITC. XXXX = Last 4 Digits of the Card No. W.e.f. 15 Sep 2025, a revised ‘Cheque Processing Fee’ of Rs. Important Information on Disputed Transaction(s): 200 will be applicable on outstanding payments made via Cheque. This revision is reflective of the increased operational •Kindly note that this temporary credit (T) has been rendered to cost associated with offline payment modes. Payments made you in the interim and though the amount is included in your through digital channels such as UPI, BBPS, NEFT, etc will available credit limit, you will not be able to spend the amount continue to be free of any additional charges. We encourage our while the dispute is still under investigation. cardholders to explore digital modes for hassle-free payments & •As we are dependent on feedback from external parties such as faster credits. acquiring bank, closure of such disputes may take up to a maximum of 120 days from date of initiation of investigation. Important Notes •Post completion of the investigation, in case the dispute is •Description of Services :- Credit Card Services not closed in cardholder’s favor, the temporary credit shall be •HSN Code : 997113 reversed and corresponding debit entry shall reflect on the •Declaration : We hereby declare that the tax in relation to this card account. However, in case the dispute gets resolved in statement is not payable under reverse charge mechanism favor of the cardholder, the temporary credit shall be •Name and the address of the supplier : SBI Cards and Payment regularized and replaced by a permanent credit. Reward Points Services Limited (SBI Card) , DLF Cyber City, Tower C, for the disputed transaction will be debited in case the dispute is Block 2, Building 3 DLF Infinity Towers,12th Floor, Gurugram, closed in cardholders favor. Further any charges levied on the HR - 122002 disputed transaction during the period of investigation will be reversed,however same will be billed in the subsequent card statement, incase the dispute is not closed in cardholders favor. Log onto sbicard.com to view the “Most Important Terms & •All transaction disputes are resolved as per the Network Conditions” & updated information on all ongoing offers. (VISA, MasterCard, Rupay, Amex) Guidelines. You will receive SBI Card (SBICPSL) is a Corporate Agent of Royal Sundaram continuous updates on status of the dispute. General Insurance Co. Limited, SBI General Insurance The interest amount chargeable in the 1st EMI will be calculated Company Limited and SBI Life Insurance Company Limited for the period between Plan Open Date (Encash, Encash Inline, BT Vide IRDAI Registration Code CA0075. Insurance is the on EMI & Flexipay)/Booking Confirmation Date (Merchant EMI) subject matter of solicitation. and the payment due date (PDD), as per the credit card statement cycle. From 2nd EMI onwards, interest will be levied for a 30-day period, from one PDD to the next PDD. Hence, the 1st EMI amount may be different from subsequent EMIs. SAFETY FIRST •SBI Card has now introduced OTP for 3D secure authentication of all Online Credit Card transactions •Please ensure your current mobile no. is registered with us •Please do not share this 6 digits OTP with anyone. SBI Card never asks for such information IMPORTANT INFORMATION . . . . . Important Terms & Conditions Charges & Cardholder Agreement Privacy Policy Reach Us Payment Options CKYC CKYC (Central Know Your Customer) is a centralized database of KYC records of customers taking financial services from Banks, NBFCs etc. CKYC Identifier is a unique number generated for an individual on completing KYC formalities at the time of account opening/updation. Transactions that remain unbilled on the statement date will reflect in the next cycle. You can check transaction status at https://sbicard.com , Mobile App or https://ila.sbicard.com/. W.e.f. 1st Nov’25, the following charges will be levied on the below mentioned transactions. For more details, please refer the Most Important Terms and Conditions (MITC) on www.sbicard.com. • Fee of 1% of the transaction amount applicable on Education Payments made through third-party apps. However, payments made directly to colleges or schools via their websites or POS machines will not attract any fee. • Fee of 1% of the transaction amount applicable on every wallet load transaction exceeding Rs.1000. •Declaration : I/We hereby declare that though our aggregate turnover in any preceding financial year from 2017-18 onwards is more than the aggregate turnover notified under sub-rule (4) of rule 48, we are not required to prepare an invoice in terms of the provisions of the said sub-rule. Version 1.1 / OCT, 2025 For SBI Cards and Payment Services Limited (SBI Card). Authorized Signatory Schedule of Charges Annual Credit Card Name Renewal Fee (Rs.) Fee (Rs.) 9,999 (Waived off on annual spends of 12 Lakh or more AURUM 9,999 in the preceding year) KrisFlyer SBI Card Apex 9,999 9,999 KrisFlyer SBI Card 2,999 2,999 2,999 (Waived off on annual spends of 3 Lakh or more SBI Card PRIME 2,999 in the preceding year) 2,999 (Waived off on annual spends of 3 Lakh or more SBI Card PRIME Advantage 2,999 in the preceding year) 1,499 (Waived off on annual spends of 2 Lakh or more Doctor's SBI Card 1,499 in the preceding year) 1,499 (Waived off on annual spends of 1.5 Lakh or more Shaurya Select SBI Card 1,499 in the preceding year) 250 (Waived off on annual spends of 50,000 or more Shaurya SBI Card 250 in the preceding year) 1,499 (Waived off on annual spends of 2 Lakh or more in SBI Card PULSE 1,499 the preceding year) 999 (Waived off on annual spends of 2 Lakh or more 999 CASHBACK SBI Card in the preceding year) 499 (Waived off on annual spends of 1 Lakh or more SimplyCLICK SBI Card 499 in the preceding year) 499 (Waived off on annual spends of 1 Lakh or more in SimplyCLICK Advantage SBI Card 499 the preceding year) 499 (Waived off on annual spends of 1 Lakh or more SimplySAVE SBI Card 499 in the preceding year) 499 (Waived off on annual spends of 1 Lakh or more SimplySAVE Advantage SBI Card 499 in the preceding year) SBI Card Unnati NIL 499 (5th Year Onwards) 499 (Waived off on annual spends of 30,000 or more in Krishak Unnati SBI Card NIL the preceding year) Aditya Birla SBI Card 499 499 Aditya Birla SBI Card SELECT 1,499 1,499 Air India SBI Platinum Card 1,499 1,499 Air India SBI Signature Card 4,999 4,999 499 (Waived off on annual spends of 1 Lakh or more Apollo SBI Card 499 in the preceding year) 499 (Waived off on annual spends of 1 Lakh or more in BPCL SBI Card 499 the preceding year) 1,499 (Waived off on annual spends of 2 Lakh or more BPCL SBI Card Octane 1,499 in the preceding year) Club Vistara SBI Card PRIME 2,999 2,999 Club Vistara SBI Card 1,499 1,499 499 (Waived off on annual spends of 1 Lakh or more Delhi Metro SBI Card 499 in the preceding year) 499 (Waived off on annual spends of 1 Lakh or more Fabindia SBI Card 499 in the preceding year) 1,499 (Waived off on annual spends of 2 Lakh or more Fabindia SBI Card SELECT 1,499 in the preceding year) IRCTC SBI card 500 500 1,499 (Waived off on annual spends of 2 Lakh or more IRCTC SBI Card Premier 1,499 in the preceding year) ""Lifestyle Home Centre SBI Card , MAX SBI 499 499 Card, SPAR SBI Card"" ""Lifestyle Home Centre SBI Card PRIME, 2,999 2,999 MAX SBI Card PRIME, SPAR SBI Card PRIME"" ""Lifestyle Home Centre SBI Card SELECT, 1,499 1,499 MAX SBI Card SELECT, SPAR SBI Card SELECT"" 1,499 (Waived off on annual spends of 2 Lakh or more Nature's Basket SBI Card 1,499 in the preceding year) 4,999 (Waived off on annual spends of 10 Lakh or more Nature's Basket SBI Card ELITE 4,999 in the preceding year) 499 (Waived off on annual spends of 1 Lakh or more in OLA Money SBI Card NIL the preceding year) Paytm SBI Card 499 499 1,499 (Waived off on annual spends of 2 Lakh or more in Paytm SBI Card SELECT 1,499 the preceding year) 499 (Waived off on annual spends of 1 Lakh or more in Yatra- SBI Card 499 the preceding year) 2,999 (Waived off on annual spends of 3 Lakh or more City Union Bank SBI Card PRIME 2,999 in the preceding year) City Union Bank SimplySAVE SBI 499 499 (Waived off on annual spends of 1 Lakh or more Card in the preceding year) 2999 (Waived off on annual spends of 3 Lakh or more Karnataka Bank SBI Card PRIME 2,999 in the preceding year) 499 (Waived off on annual spends of 1 Lakh or more Karnataka Bank SimplySAVE SBI 499 in the preceding year) Card 2,999 (Waived off on annual spends of 3 Lakh or more PSB SBI Card PRIME 2,999 in the preceding year) 4,999 (Waived off on annual spends of 10 Lakh or more PSB SBI Card ELITE 4,999 in the preceding year) 499 (Waived off on annual spends of 1 Lakh or more PSB SimplySAVE SBI Card 499 in the preceding year) 499 499 (Waived off on annual spends of 1 Lakh or more UCO Bank SimplySAVE SBI Card in the preceding year) 2,999 (Waived off on annual spends of 3 Lakh or more 2,999 UCO Bank SBI Card PRIME in the preceding year) UCO Bank SBI Card ELITE 4,999 4,999 (Waived off on annual spends of 10 Lakh or more in the preceding year) SimplySAVE Merchant SBI Card NIL NIL 499 (Waived off on annual spends of 1 Lakh or more Reliance SBI Card 499 in the preceding year) 2,999 (Waived off on annual spends of 3 Lakh or more Reliance SBI Card PRIME 2,999 in the preceding year) 2,999 (Waived off on annual spends of 3 Lakh or more Titan SBI card 2,999 in the preceding year) 1,499 (Waived off on annual spends of 6 Lakh or more SBI Card MILES 1,499 in the preceding year) 2,999 (Waived off on annual spends of 10 Lakh or more SBI Card MILES PRIME 2,999 in the preceding year) 4,999 (Waived off on annual spends of 15 Lakh or more 4,999 SBI Card MILES ELITE in the preceding year) Shaurya Select NIL NIL South Indian Bank SBI Platinum 2,999 2,999 Credit Card South Indian Bank SimplySAVE SBI 499 (Waived off on annual spends of Rs. 1 lakh or more 499 Card in the preceding Year) KVB SBI Signature Card 4,999 4,999 Karur Vysya Bank SBI Platinum 2,999 2,999 Credit Card 499 (Waived off on annual spends of Rs. 1 lakh or more Karur Vysya Bank SBI Card 499 in the preceding Year) Central SBI Select Card 750 750 Central SBI Select+ Card 2999 2999 FBB SBI Styleup Card 499 499 IRCTC SBI Platinum Card 500 500 2,999 (Waived off on annual spends of 3 lakh or more in South Indian Bank SBI Card PRIME 2,999 the preceding Year) 4,999 (Waived off on annual spends of 10 lakh or more KVB SBI Card ELITE 4,999 in the preceding Year) 2,999 (Waived off on annual spends of 3 lakh or more in KVB SBI Card PRIME 2,999 the preceding Year) KVB SimplySAVE SBI Card 499 499 (Waived off on annual spends of 1 lakh or more in the preceding Year) SBI Card ELITE 4,999 (Waived off on annual spends of 10 lakh or more 4,999 in the preceding Year) SBI Card ELITE Advantage 4,999 4,999 (Waived off on annual spends of 10 lakh or more in the preceding Year) SBI Card PRIME NRI Secured 1,500 1,500 499 499 (Waived off on annual spends of Rs.1 Lakh or more Tata Neu Plus SBI Credit Card in the preceding year) 1,499 (Waived off on annual spends of Rs.3 Lakh or 1,499 Tata Neu Infinity SBI Credit Card more in the preceding year) 1,499 1,499 (Waived off on annual spends of Rs. 3 lakh or Apollo SBI Card SELECT more in the preceding year) Bank of Maharashtra SBI Card 4,999 (Waived off on annual spends of Rs.10 Lakh or 4,999 ELITE more in the preceding year) Bank of Maharashtra SBI Card 2,999 (Waived off on annual spends of Rs.3 Lakh or more 2,999 PRIME in the preceding year) Bank of Maharashtra SimplySAVE 499 (Waived off on annual spends of Rs.1 Lakh or more 499 SBI Card in the preceding year) 499 (Waived off on annual spends of Rs.1 Lakh or more PhonePe SBI Card PURPLE 499 in the preceding year) PhonePe SBI Card SELECT 1,499 (Waived off on annual spends of Rs.3 Lakh or more 1,499 BLACK in the preceding year) 500 ( Waived off on Annual Spends of Rs 3.5 Lakh or 500 Flipkart SBI Card more in the preceding year ) IndiGo SBI Card ELITE 4,999 4,999 IndiGo SBI Card 1,499 1,499 499 (Waived off on annual spends of Rs.1 Lakh or more in 499 Google Pay Flex SBI Credit Card the preceding year) Extended Credit Interest Free Credit Period 20-50 days (applicable only on retail purchases and if previous month’s outstanding balance is paid in full) Finance Charges 3.75% p.m. (45% p.a.) for Unsecured Cards; 2.75% p.m. (33% p.a.) for Shaurya, Defence Cards and Secured cards `25 Minimum Finance Charges 100% of GST + 100% of EMI amount + 100% of Fees/Charges Minimum Amount Due + 100% of finance charges + Overlimit Amount (if any) + 2% of remaining balance outstanding. Cash Advance Cash Advance Limit Cash Advance Limit is a part of the overall Credit Limit. Cash Advance Limit is indicated in the monthly card statement. Max. cash withdrawal limit is Rs.15,000 per day on MCC - 6011(ATM Withdrawals), subject to Cash Advance Limit availability.Cash Advance is not available for MCC - 6010 (""over-the-counter"" cash disbursement). Free Credit Period Nil 3.75% p.m. (45% p.a.) for Unsecured Cards; 2.75% p.m. Finance Charges (33% p.a.) for Shaurya, Defence Cards and Secured cardsThe above-mentioned charges will be applicable from the date of Cash withdrawal. Minimum Finance Charges `25 Cash Advance Fees 2.5% of transaction amount (subject to a minimum of `500) SBI ATMs/Other Domestic ATMs 2.5% of transaction amount (subject to a minimum of `500) International ATMs Other Charges & Fees Cash Payment fee `250 Payment Dishonor fee 2% of Payment amount (subject to a minimum of `500) Cheque Payment Fee `200 Late Payment Nil for Outstanding Amount due from `0 -`100; `100 for Outstanding Amount due greater than `100 & upto `500; `500 for Outstanding Amount due greater than `500 & upto `1,000; `750 for Outstanding Amount due greater than `1,000 & upto `10,000; `950 for Outstanding Amount due greater than `10,000 & upto `25,000; `1,100 for Outstanding Amount due greater than `25,000 & upto `50,000; `1,300 for Outstanding Amount due greater than `50,000 Additional late payment charges `100 Late Payment Charges on RE `500 for Outstanding Amount due greater than `1,000 Overlimit Fee 2.5% of Overlimit Amount (subject to a minimum of Rs 600). Overlimit Fee will not be reversed in case of transaction reversal / cancellation /refund Card Replacement `100 - `250 (`1500 for Aurum) Emergency Card Replacement (When Actual cost (subject to a minimum of $175 for VISA and $ 148 Abroad) for Mastercard) Foreign Currency Transaction Fee 3.5% (For all cards Except Elite, Aurum and SBI Card Miles. SBI Card Miles Prime, SBI Card Miles Elite and Tata Neu Infinity SBI Credit Card), 3% for SBI Card Miles, 2.5% for SBI Card Miles Prime and 1.99% (For ELITE, Aurum, SBI Card Miles Elite and Tata Neu Infinity SBI Credit Card) 3.5% (For all cards Except Elite, Aurum and SBI Card Miles. Dynamic Currency Conversion Fee SBI Card Miles Prime, SBI Card Miles Elite and Tata Neu Infinity SBI Credit Card), 3% for SBI Card Miles, 2.5% for SBI Card Miles Prime and 1.99% (For ELITE, Aurum, SBI Card Miles Elite and Tata Neu Infinity SBI Credit Card). Rewards Redemption Fee `99. Applicable only on physical product, Statement Fee Credit & on vouchers that are sent physically as specified in the individual product Terms & Conditions, for all cards except AURUM. w.e.f. 1st Dec 2024, 1% of total amount of Utility Payments, if Utility Payments Fee**** the total amount exceeds Rs. 50,000 in a billing cycle. W.e.f. 1st Nov’25, 1% of the transaction amount applicable on Fee on Education Payment Transactions^ Education Payments made through third-party apps.^^ However, payments made directly to colleges or schools via their websites or POS machines will not attract any fee. W.e.f. 1st Nov’25, 1% of the transaction amount applicable on Fee on Wallet Load Transactions^^^ every wallet load transaction exceeding Rs.1000. Processing Fee on all Rent Payment `199. Processing Fee will not be reversed in case of Transactions*** transaction reversal / cancellation / refund LoungeCharges All Airport Lounge visits within India through International Lounge Access Programs(like Priority Pass program) will be charged a usage fee of up to USD 27 per visit + applicable taxes. For details, please visit sbicard.com All Airport Lounge visits outside India through International Lounge Access Programs(like Priority Pass program) , after exhausting the complimentary visits, will be charged with a usage fee of up to USD 27 per visit + applicable taxes. For details, please visit sbicard.com Grace period Grace period of 3 days is allowed from the payment due date on credit card accounts, where payments are not overdue from previous billing cycle(s). The payment due date as mentioned on the credit card statement is the date by which clear funds must be credited to the credit card, however 3 grace days are provided to accommodate for processing time of payments. Surcharge As prescribed by IRCTC / Indian Railways Railway Tickets - www.irctc.co.in 1% of transaction amount + all applicable taxes Petrol & all products/services sold Fuel surcharge is levied by acquiring bank providing the at petrol pumps terminal to the merchant.The transaction value on charge slip will differ from credit card statement since the surcharge & GST is levied by acquiring bank on the transaction value. 1% fuel surcharge waiver (excluding GST) shall be provided for eligible transaction value on select cards.Fuel surcharge waiver terms and conditions may vary.Refer product T&Cs for details. For Reward Point redemption, your SBI Card must not be overdue, suspended, blocked,cancelled or terminated by SBICPSL at the time of redemption request. **Applicable taxes means:- For the cardholders having state of residence in the records of SBI Card on the statement date as ""Haryana"" - Central Tax @ 9% and State Tax @ 9% - For the cardholders having state of residence in the records of SBI Card on the statement date as other than ""Haryana"" - Integrated Tax @ 18%.***All transactions towards payment of rent through any merchant will be levied Rs.199+Applicable Taxes as processing fee. All the transactions identified under Merchant Category Code (MCC) 6513 will be considered as rent payment transactions. Important Points ""Payment of any amount lesser than the Total Amount Due in any month results in interest accrual on the balance outstanding amount including any new purchases and cash advances. To enjoy the benefit of interest free period, please pay the Total Amount Due (TAD) before the Payment Due Date (PDD). Further, making only the minimum payment every month would result in the repayment stretching over months/years with consequential compounded interest payment on your outstanding balance."" SMA & NPA •Special Mention Accounts (‘SMA’): In furtherance to Regulatory requirements, SBI Card is required to identify incipient stress in the account by creating a sub-asset category viz. ‘Special Mention Accounts (‘SMA’)"" with the three sub-categories as given in the table below. Credit cards are treated as ""Loans other than revolving facilities"". Basis for classification [Principal or interest payment or any other amount SMA Sub-categories wholly or partly overdue] SMA – 0 Upto 30 days from Payment Due Date (‘PDD’). SMA – 1 More than 30 days &upto 60 days from PDD SMA – 2 More than 60 days &upto 90 days from PDD Example regarding classification of SMA: If Payment Due Date (‘PDD’) of a Credit Card account is 31st March 2021, and ’Minimum Amount Due (‘MAD’) is not received before this date then after the due date, the account will be mentioned as SMA-0. If the account continues to remain overdue beyond 30 days from PDD i.e., beyond 30th April 2021 then this account shall get tagged as SMA-1. Similarly, if the account continues to remain overdue, beyond 60 days from PDD i.e., beyond 30th May 2021 then this account shall get tagged as SMA-2. •Non-Performing Asset (‘NPA’): A credit card account will be treated as non-performing asset (‘NPA’) if the Minimum Amount Due, as mentioned in the statement, is not paid fully within ninety (90) days from the PDD mentioned in the statement. Further, any account where a settlement or restructuring arrangement has been availed will be classified as NPA. An account continues to be classified as NPA till the entire arrears of interest and principal are paid. Settlement and restructured accounts do not qualify for an upgrade. Finally, if any customer has even one credit card with SBICard tagged as NPA, all cards of the customer will be classified as NPA. Example regarding classification of an account as NPA: If Payment Due Date (‘PDD’) of a Credit Card account is 31st March 2021, and Minimum Amount Due as mentioned in the statement has not been fully paid by the customer within a period of 90 days from the PDD i.e., till 29th June 2021, then the lender shall consider the credit card account as NPA. As per recent RBI Guidelines, cheques should have no corrections on the payee name, amount either in words or figures. Hence, we request you to take care at the time of issuing cheques against your SBI Card dues in order to avoid any inconvenience / charges. Incase of any transaction dispute please send a signed dispute form within 25 days from date of transaction to chargeback@sbicard.com No new statement will be sent, in case of credit balance and no new transaction on the account within 30 days of the last statement. SBI Cards may not approve High Risk Transactions (e.g. Jewellery etc.) to prevent misuse or potential fraud on your SBI Card. SBI Card discloses information regarding your account to credit information bureaus / agencies on a regular basis, as mandated by RBI. In the event of non-payment of at least the Minimum Amount Due by the Payment Due Date, your card account will be reported as ‘Default’ to credit information bureaus / agencies. Cardholders with active credit cards with identical billing cycle will be assigned the same billing cycle for any new card issuance. Billing cycle of new credit card(s), for cardholders with only one active credit card, will be same as the existing card. Let’s Connect! Let’s Simplify! By Phone For All Card (except AURUM) : 39 02 02 02 (prefix local STD code) or 1860 180 1290 By E-mail For All Card (except AURUM) : customercare@sbicard.com For All Card (except AURUM) : Log on to www.sbicard.com and register By Web By Letter Write to us at Manager, Customer Correspondence Unit DLF Infinity Towers, TowerC, 12th Floor, Block 2, Building 3, DLF Cyber City, Gurugram – 122002 (Haryana)India or Post Bag No.28, GPO, New Delhi – 110001 CUSTOMER GRIEVANCE REDRESSAL: All grievance escalations should be marked to Mr. Prosenjit Dhar (Nodal Officer), SBI Cards at above address or via email at nodalofficer@sbicard.com. If concern not resolved within 15 days, you may approach Mr. Manish Dewan - Head, Customer Services at CustomerServiceHead@sbicard.com BILLING AND STATEMENT SBICPSL will send the Cardholder a monthly statement showing the payments credited and the transactions debited to the Cardholder's Account since the last statement, provided the card has been active during the said period. SBICPSL will either mail a statement of transactions in the card account to the mailing address it has on record, or send a statement through email to the email id on record, on a pre-determined date. Ways to make payment for your SBI Credit Card Pay via Standing Instruction (e-NACH) Enroll for e-NACH for automated and hassle-free bill payments, every month. Your card dues will be deducted directly from your bank account on the Payment Due Date. For more details visit www.sbicard.com Pay via UPI You can pay your bill faster via UPI payment mode on SBI Credit Card app or on website using QR code. NEFT (National Electronic Funds Transfer) Pay your SBI Credit Card outstanding using NEFT and get instant credit to your card account, 24X7. Use your 15/16-digit credit card number as Beneficiary A/c & IFSC Code SBIN00CARDS to register YONO by SBI Pay your SBI Credit Card bills with YONO by SBI App and get instant credit in your SBI Card account. PayNet Click on PayNet at www.sbicard.com to make your payment online through netbanking or your SBI ATM cum debit card. Payment will reflect instantly on your SBI Credit Card account. For bank details, please log onto www.sbicard.com Debit Card Payment Pay online using selected banks debit card. Payment will reflect instantly on your SBI Credit Card account. For more details, visit www.sbicard.com VISA Credit Card Pay Use VISA Credit Card Pay to pay your SBI Credit Card bill. Your payment will be credited instantly. Auto Debit Authorize SBI Card to debit your bank account (savings/current) by filling the Auto Debit mandate available at selected banks. For more details, visit www.sbicard.com Mastercard MoneySend Download any authorized third-party payment app / use a platform that supports the Mastercard MoneySend payment mode. Your payment will be credited instantly to your credit card account. BBPS Visit the SBI Unipay website to pay your credit card bill conveniently and securely through Bharat Bill Payment System. OTC Pay your SBI Credit Card dues over the counter at any SBI Branch in India. ATM Pay at any SBI ATM with your SBI Debit Card. This service is available at all SBI ATMs across India. Cheque Pay your SBI Credit Card dues through cheque. You can drop your cheque at any of the SBI Card drop boxes available across India. IMPS Pay your SBI Credit Card outstanding using IMPS and get instant credit to your card account, 24X7. Use country code (91), Registered Mobile Number along & last 4-digit of Card Number with IFSC Code SBIN00CARDS. Note: For smooth processing of payment made towards your card outstanding, please avoid using payment modes not advised by SBI Card. To know more about the ways to make payment, please visit https://sbicard.com/en/personal/pay.page. Important Communication on Payment Decline: As per SBI Card internal policy, payments made by customer through any instant channel (NEFT, Visa Money Transfer, MasterCard MoneySend, BBPS, Paynet, Debit Card or UPI) will be declined if the amount paid is more than the current outstanding. Hence, customers are advised not to make excess payment towards their credit card. An illustration of the Finance Charge Calculation: •Statement Date is 2nd of every Month and Payment Due Date is 22nd of every month. •The interest free period is from the 3rd of every month to 22nd of the next month provided the previous outstanding balance is paid in full. Making only the minimum payment every month would result in the repayment stretching over years with consequent interest payment on your outstanding balance. •Cardholder makes a retail purchase of `1,200 on 30th April, therefore the Total Amount Due on the statement dated 2nd May is ` 1,200 to be paid before 22nd May. •On 21st May, the Cardholder pays Minimum Amount Due of ` 200. •On 25th May, Cardholder makes a fresh purchase of ` 1,000. Statement dated 2nd June would show the following components A) Finance Charge calculated= (Outstanding Amount X 3.75% X 12 Months X No. of Days) /365 Finance Charge on `1,200 from 30th April to 20th May (21 Days) ` 31.07 Finance Charge on `1,000 from 21st May to 2nd June (13 Days) ` 16.03 Finance Charge on `1,000 of fresh purchase from 25th May to 2nd June ( 9 Days) ` 11.10 Total Finance Charge for 2nd June cycle ` 58.19 B) Total Principal Amount Outstanding = `2,000 (Balance `1,000 outstanding from last month’s billing period + `1,000 fresh purchase) Hence Total Amount Due = (A) + (B) + Applicable taxes If Minimum Amount Due of ` 200 is not paid by due date of 22nd May, Late Payment charges as applicable would be levied *Krishak Unnati SBI Card customers, please refer to below Table • Please note that the following fees and charges are not applicable for Krishak Unnati SBI Card:Cash Advance Fee (No Cash Limit Allocated), Forex Markup (International usage not allowed),Cash Payment Fee, Finance Charges, Late Payment Charges, Payment Dishonor Fee, Card Replacement Fee, Cheque Fee, Cheque Pickup Fee, Statement Retrieval Fee, Overlimit Fee,Reward Redemption Fee. Surcharges and other duties (along with applicable taxes) will be applicable. • This Card does not offer Cardholder a revolving credit facility. Cardholder has to pay Total Amount Due printed on the Statement. • SimplySAVE Merchant SBI Card is a charge Card. • This card does not offer Cardholder a revolving credit facility.Cardholder has to pay Total Amount Due Printed on the Statement. • For the purposes of SimplySAVE Merchant SBI Card only,the Total Amount Due (TAD) will be construed to be equal to the Minimum Amount Due (MAD). Order of payment settlement -Payment received against the Cardholder's outstanding will be adjusted against 100% of GST, 100% of EMI amount, 100% of Fees/Charges, 100% of Finance charges, Balance transfer, Retail Spends and Cash Advance, in that order. **** Utility payments shall be identified under Merchant Category Code (MCC) 4900, on best effort basis. The MCCs are defined by the network partners and are subject to change basis their discretion and such changes shall be implemented basis communication from the networks without any requirement for intimation/information to the customers. ^ Identified under Merchant Category Code (MCC) 8211, 8220, 8241, 8244, 8249 and 8299, on best effort basis. ^^Third Party Apps like (but not limited to) CRED, Cheq, MobiKwik etc. ^^^Identified under Merchant Category Code (MCC) 6540 and 6541, on best effort basis. The MCCs are defined by the network partners and are subject to change basis their discretion and such changes shall be implemented basis communication from the networks without any requirement for intimation/information to the customers. Payments and Combined Credit Limit: If a customer holds multiple SBI Credit Cards, the credit limit may be shared across these cards at the customer level, as approved by the SBI Card at its sole discretion and in accordance with its internal policies.The combined usage across all SBI Card Credit Cards will be restricted to the shared credit limit assigned.Payments against the Monthly Card Statement must be made separately for each card based on the amount reflected in the respective statement. If one card has a credit balance (excess payment), it will not be set off against the outstanding balance on other card(s).Non-payment of the outstanding amount by the payment due date will attract applicable charges in accordance with the Most Important Terms and Conditions (MITC).",300.0,debit,0.0,SBI_CASHBACK,07,2026,61ae5179bd6a5d7848fc36a9198f21a18daba00f36c440ee9da935d7d3e188e0,CC Bill Payment,1.0,rule,pending,,,,Not Available
2026-06-01,2026-06-01,722601 87230792 40238 1 5 RESTS 07 06 ROAD BRANCH SITE NO 1218 B AECS MR R GANESH NAG LAYOUT A BLOCK KUDULU ROAD NEAR E 223 2ND WARD NEAR RAJU HOTEL COCO MART BANGALORE 560068 MUDDHANNA ROAD DOMMASANDRA KARNATAKA INDIA 562125 SAVINGS A C XXXXXXXX2206 3 14 589 17 REGISTERED TOTAL 3 14 589 17 INDIAN CLEARING CORPORATION LTD UPI INDIAN CLE ZERODHA ICCL7 NOTIFICATI HDFC BANK 615289995258 YJPE9E06DA728B34B48AFDFA5942E8F36 62,"722601/87230792-40238/1-5/RESTS/07-06 ROAD BRANCH, SITE NO. 1218/B, AECS MR.R GANESH NAG LAYOUT A BLOCK, KUDULU ROAD, NEAR E-223,2ND WARD NEAR RAJU HOTEL, COCO MART, BANGALORE 560068 MUDDHANNA ROAD,DOMMASANDRA KARNATAKA - INDIA - 562125 Å Savings A/c XXXXXXXX2206 3,14,589.17 Registered TOTAL 3,14,589.17 Indian Clearing Corporation Ltd UPI/Indian Cle/zerodha.iccl7./Notificati/HDFC BANK/615289995258/YJPe9e06da728b34b48afdfa5942e8f36 62/",18000.0,debit,321573.88,ICICI_SAVINGS,06,2026,e2af226c5fb84708a4d9c3a6ca3e14f2c3107bf3e4e8c1f7107dfb24ef9d59a1,Self Transfer,1.0,rule,pending,,,,Not Available
2026-06-01,2026-06-01,MAHABALA SHETTY UPI MAHABALA S Q145816495 YBL PAID VIA C YES BANKL 651800172489 YCD90E6CAA62AE84C1CAAF297506099 57C9,MAHABALA SHETTY UPI/MAHABALA S/Q145816495@ybl/Paid via C/YES BANKL/651800172489/YCD90e6caa62ae84c1caaf297506099 57c9,25.0,debit,321548.88,ICICI_SAVINGS,06,2026,903b56fc40dd65ee9507cd38c47a75566ad06ac90a3eb4d08bcd326930c2680b,Un Wanted,1.0,ml_exact,pending,,,,Not Available
2026-06-01,2026-06-01,CORP ICIC7021401251001551 00005XVZIB771Y3SNX261510 ACH INDIAN CLEARING ACH INDIAN CLEARING,CORP/ICIC7021401251001551/00005XVZIB771Y3SNX261510 ACH/INDIAN CLEARING ACH/INDIAN CLEARING,12000.0,debit,309548.88,ICICI_SAVINGS,06,2026,713b8e33a9763d832601cdd8a9ec6406a3ab0910b82db3c17219c148dafb8435,Investments & Finance,1.0,ml_exact,pending,,,,Not Available
2026-06-01,2026-06-01,CORP ICIC7021401251001551 0000AXKF4MS7391LOC26151 ACH INDIAN CLEARING,CORP/ICIC7021401251001551/0000AXKF4MS7391LOC26151 ACH/INDIAN CLEARING,2000.0,debit,307548.88,ICICI_SAVINGS,06,2026,c1677909112b1aa2615bb7597472e0c6630c51f73848c17c9bd036417ae7f3e6,Investments & Finance,1.0,ml_exact,pending,,,,Not Available
2026-06-01,2026-06-01,CORP ICIC7021401251001551 000045LW6BL3QZJ74I261510 ACH INDIAN CLEARING,CORP/ICIC7021401251001551/000045LW6BL3QZJ74I261510 ACH/INDIAN CLEARING,3000.0,debit,304548.88,ICICI_SAVINGS,06,2026,614b6b09a0ce3192cfbee15b52c11d566ecb8530030d91d71ed17e51b241ccfa,Investments & Finance,1.0,ml_exact,pending,,,,Not Available
2026-06-01,2026-06-01,CORP ICIC7021401251001551 000028OMJ4YH6XU9N626151 ACH INDIAN CLEARING,CORP/ICIC7021401251001551/000028OMJ4YH6XU9N626151 ACH/INDIAN CLEARING,5000.0,debit,299548.88,ICICI_SAVINGS,06,2026,283e8ff2e8546efaacd9e6fb5b7883b88a090c782ec05a351a989e2313e95bd8,Investments & Finance,1.0,ml_exact,pending,,,,Not Available
2026-06-01,2026-06-01,CORP ICIC7021401251001551 0000BN2UD3HN51CTO22615 INDIAN CLEARING CORPORATION LTD,CORP/ICIC7021401251001551/0000BN2UD3HN51CTO22615 Indian Clearing Corporation Ltd,1000.0,debit,298548.88,ICICI_SAVINGS,06,2026,19b254a49cbcf64dba2b2a664c9d6559046b4bdabe00590dd25daa946c48f805,Investments & Finance,1.0,rule,pending,,,,Not Available
2026-06-01,2026-06-01,UPI INDIAN CLE ZERODHA ICCL7 NOTIFICATI HDFC BANK 615292156529 YJPE759FD7030EE4D23BAF8D4C4D84B69 3F,UPI/Indian Cle/zerodha.iccl7./Notificati/HDFC BANK/615292156529/YJPe759fd7030ee4d23baf8d4c4d84b69 3f/,5000.0,debit,293548.88,ICICI_SAVINGS,06,2026,99756209498c5b221052c480282f898e5da6d25a1641a2022ac0c7c724a8127d,Investments & Finance,1.0,rule,pending,,,,Not Available
2026-06-01,2026-06-01,VINOD KUMAR K N UPI VINOD KUMA Q437455970 YBL PAID VIA C YES BANKL 651806213318 YCD5144D0F93EA44F61A5A6D87AED55 ABFC,VINOD KUMAR K N UPI/VINOD KUMA/Q437455970@ybl/Paid via C/YES BANKL/651806213318/YCD5144d0f93ea44f61a5a6d87aed55 abfc,120.0,debit,293428.88,ICICI_SAVINGS,06,2026,c3d387597acf24e80f1db6da6d59199621d496455206f8c70b7e7791e659c807,Others,1.0,ml_exact,pending,,,,Not Available
2026-06-01,2026-06-01,OMKAR DIGITAL PRINTERS UPI OMKAR DIGI PAYTMQR153Q03Z PAID VIA C YES BANKL 651812217659 YCD6CF95F631FD94110AB976BD70DBFD C77,OMKAR DIGITAL PRINTERS UPI/OMKAR DIGI/paytmqr153q03z/Paid via C/YES BANKL/651812217659/YCD6cf95f631fd94110ab976bd70dbfd c77,15.0,debit,293413.88,ICICI_SAVINGS,06,2026,c916e1ddc2573124b1ca4cfcff4ab7dbb14bdc8f2c554562fffc7d45570c692d,Shopping,1.0,ml_exact,pending,,,,Not Available
2026-06-01,2026-06-01,GOPI N UPI GOPI N BHARATPE 90070 PAY TO BHA FEDERAL BA 651823238081 YCD21C94D461D394CF1B3AD3798615EE55 4,GOPI N UPI/GOPI N/bharatpe.90070/PAY TO BHA/FEDERAL BA/651823238081/YCD21c94d461d394cf1b3ad3798615ee55 4/,60.0,debit,293353.88,ICICI_SAVINGS,06,2026,b55775de833c9f8679341bccb81ab0e0bbcc2119332cd54123730148e9325420,Others,1.0,ml_exact,pending,,,,Not Available
2026-06-01,2026-06-01,PUSHPA C K UPI PUSHPA C K PAYTMQR6Q1U01 PAID VIA C YES BANKL 651808280951 YCD8201CEC40FA448F0AA6E877FB838F D26 TOTAL 0 00 46 245 00 2 93 328 88,"PUSHPA C K UPI/PUSHPA C K/paytmqr6q1u01@/Paid via C/YES BANKL/651808280951/YCD8201cec40fa448f0aa6e877fb838f d26 Total: 0.00 46,245.00 2,93,328.88",25.0,debit,293328.88,ICICI_SAVINGS,06,2026,19051917672afc4d838e61ab28e1502f3e5be3737b31afbd840569ca6ef3d52c,Un Wanted,1.0,rule,pending,,,,Not Available
2026-06-02,2026-06-02,PAGE 1 OF 5 M 87230792 40238 MEESHO LIMITED UPI MEESHO LIM AMZN DQTVSHBIA PAID VIA C AXIS BANK 651924435683 AMZTOK9BAF171B64D8BA8DFF8ECAC1A1 43A,Page 1 of 5 M-87230792-40238 MEESHO LIMITED UPI/MEESHO LIM/amzn-dqtvshbia/Paid via C/AXIS BANK/651924435683/AMZTOK9baf171b64d8ba8dff8ecac1a1 43a/,291.0,debit,293037.88,ICICI_SAVINGS,06,2026,6868ce39e2de94bd337a2a4657f17701c82f8aad98b379fad9d64df8126fcef8,Shopping,1.0,rule,pending,,,,Not Available
2026-06-02,2026-06-02,PUSHPA C K UPI PUSHPA C K PAYTMQR6Q1U01 PAID VIA C YES BANKL 651910458358 YCDC4A8DB2EE18B4883BC7A87AA9F66 MR AHMED ZIYAD,PUSHPA C K UPI/PUSHPA C K/paytmqr6q1u01@/Paid via C/YES BANKL/651910458358/YCDc4a8db2ee18b4883bc7a87aa9f66 Mr Ahmed Ziyad,25.0,debit,293012.88,ICICI_SAVINGS,06,2026,acde22d59c8a72a35e1901aaea673507247e980269e79bf9597a87419d866830,Food & Dining,1.0,rule,pending,,,,Not Available
2026-06-02,2026-06-02,UPI MR AHMED Z PAYTMQR6YKVSG PAID VIA C YES BANKL 651917456591 YCD78D2EB8F27A846288D36C37FA13F PUSHPA C K,UPI/Mr Ahmed Z/paytmqr6ykvsg@/Paid via C/YES BANKL/651917456591/YCD78d2eb8f27a846288d36c37fa13f PUSHPA C K,250.0,debit,292762.88,ICICI_SAVINGS,06,2026,b99a750588703980c15f0f6de542926c5253a61bae6f94e41a8369e928fb0f03,Food & Dining,1.0,rule,pending,,,,Not Available
2026-06-03,2026-06-03,UPI PUSHPA C K PAYTMQR6VW15J PAID VIA C YES BANKL 652026530039 YCD410EDE8BE29F44E193C2C69F6346 UPENDRA KUMAR,UPI/PUSHPA C K/paytmqr6vw15j@/Paid via C/YES BANKL/652026530039/YCD410ede8be29f44e193c2c69f6346 UPENDRA KUMAR,75.0,debit,292687.88,ICICI_SAVINGS,06,2026,50731036cae82892cf9c780aa006eb5712cdff441fe888fa5e0f3c6ea5ddb882,Un Wanted,1.0,rule,pending,,,,Not Available
2026-06-03,2026-06-03,UPI UPENDRA KU PAYTM S25OQKV PAID VIA C YES BANKP 652021628425 YCD69B2C5E0AD3D48318EA4CF7B6600 CC2F,UPI/UPENDRA KU/paytm.s25oqkv@/Paid via C/YES BANKP/652021628425/YCD69b2c5e0ad3d48318ea4cf7b6600 cc2f,30.0,debit,292657.88,ICICI_SAVINGS,06,2026,7e1c6297a9aa50a619bbb21e8f321bf0bcd463000574536f830df26e37be3981,Un Wanted,1.0,rule,pending,,,,Not Available
2026-06-03,2026-06-03,ASHOKKUMAR RAJA UPI ASHOKKUMAR Q766187056 YBL PAID VIA C YES BANKL 652031633970 YCD1D723725687E4032BC9EF7F06801 C3CE,ASHOKKUMAR RAJA UPI/ASHOKKUMAR/Q766187056@ybl/Paid via C/YES BANKL/652031633970/YCD1d723725687e4032bc9ef7f06801 c3ce,120.0,debit,292537.88,ICICI_SAVINGS,06,2026,2f9c650360f8945f9e56713fcff2e8cf951176d16734eab802e7df197bb68d0e,Un Wanted,1.0,ml_exact,pending,,,,Not Available
2026-06-03,2026-06-03,THYAGARAJU A UPI THYAGARAJU Q275032608 YBL PAID VIA C YES BANKL 652014624237 YCDBCB71AFA691D44149BF934B9E969,THYAGARAJU A UPI/THYAGARAJU/Q275032608@ybl/Paid via C/YES BANKL/652014624237/YCDbcb71afa691d44149bf934b9e969,30.0,debit,292507.88,ICICI_SAVINGS,06,2026,87f4c3fda261e0800c2b4235ec6de1ce01435f803c9c98e679499ebe5e30b10e,Others,1.0,ml_exact,pending,,,,Not Available
2026-06-04,2026-06-04,ACH STATE BANK OF INDIA 11538983 B29B CRED CLUB,ACH/STATE BANK OF INDIA/11538983 b29b CRED Club,121.45,credit,292629.33,ICICI_SAVINGS,06,2026,845086ed8c524a613a1313b8a2f51f2cc5ec73aa85ad1a581ff83cff1a5bac31,DIVIDEND,1.0,ml_exact,pending,,,,Not Available
2026-06-04,2026-06-04,UPI CRED CLUB CRED CLUB AXIS PAYMENT ON AXIS BANK 652118714295 ACDB34EDA84F2C04AB1B0DE5019A8E6 9361,UPI/CRED Club/cred.club@axis/payment on/AXIS BANK/652118714295/ACDb34eda84f2c04ab1b0de5019a8e6 9361/,10315.0,debit,282314.33,ICICI_SAVINGS,06,2026,49bd3ca81cd3ec4d4a5503bd8cc4035a5ef4cbe997f66a3b7c639b36091486ca,Credit Card Payment,1.0,ml_exact,pending,,,,Not Available
2026-06-04,2026-06-04,PUSHPA C K UPI PUSHPA C K PAYTMQR6Q1U01 PAID VIA C YES BANKL 652129709118 YCDAE07DAACF96E4979938F0885DA74 67B3,PUSHPA C K UPI/PUSHPA C K/paytmqr6q1u01@/Paid via C/YES BANKL/652129709118/YCDae07daacf96e4979938f0885da74 67b3,25.0,debit,282289.33,ICICI_SAVINGS,06,2026,a4ba11e0e5c5a17d0d170b153ba1984eb208acc61e3b7342f05b28f1210d60c5,Un Wanted,1.0,rule,pending,,,,Not Available
2026-06-04,2026-06-04,VISHWANATH UPI VISHWANATH Q745965805 YBL PAID VIA C YES BANKL 652101742961 YCD894FDB1CC8464CDD8C5827E0F4B0C,VISHWANATH UPI/VISHWANATH/Q745965805@ybl/Paid via C/YES BANKL/652101742961/YCD894fdb1cc8464cdd8c5827e0f4b0c,120.0,debit,282169.33,ICICI_SAVINGS,06,2026,e2be94c4ba6b05ec69d9744150c8c62b5f5f154425b4ee10d6bcbf60375abc31,Others,1.0,ml_exact,pending,,,,Not Available
2026-06-05,2026-06-05,BIL PERSONAL LOAN XX45617 EMI R GA B64 PUSHPA C K,BIL/Personal Loan XX45617 EMI R Ga b64 PUSHPA C K,11014.0,debit,271155.33,ICICI_SAVINGS,06,2026,8d43b4a3bacb2a5f7998bb36e407e0e2b064f542546e8e6ee2ccc18d4bb302b4,Un Wanted,1.0,rule,pending,,,,Not Available
2026-06-05,2026-06-05,UPI PUSHPA C K PAYTMQR6Q1U01 PAID VIA C YES BANKL 652219892881 YCD4780596EF1F74C6B8A2E89988739 A6B2,UPI/PUSHPA C K/paytmqr6q1u01@/Paid via C/YES BANKL/652219892881/YCD4780596ef1f74c6b8a2e89988739 a6b2,26.0,debit,271129.33,ICICI_SAVINGS,06,2026,c06797c32ee150ec03ed2e0cf8dcf42f5ac03383bc7f78135cc466b40c24766f,Un Wanted,1.0,rule,pending,,,,Not Available
2026-06-05,2026-06-05,SRI KALABIRESHAWARA BAKERY UPI SRI KALABI GPAY 112516009 PAID VIA C AXIS BANK 652224950303 YCDBC02A82016DA4D48AEF0D3432BDE 836E,SRI KALABIRESHAWARA BAKERY UPI/SRI KALABI/gpay-112516009/Paid via C/AXIS BANK/652224950303/YCDbc02a82016da4d48aef0d3432bde 836e/,190.0,debit,270939.33,ICICI_SAVINGS,06,2026,e19756472f7c66560e82ae08ccd35d8384e490d7379a0f4034d3798e45770d83,Food & Dining,1.0,ml_exact,pending,,,,Not Available
2026-06-05,2026-06-05,KHAN SAHEB UPI KHAN SAHEB VYAPAR 1756933 PAID VIA C HDFC BANK 652216957567 YCD2425098450994718927D77B8C452 813E,KHAN SAHEB UPI/KHAN SAHEB/Vyapar.1756933/Paid via C/HDFC BANK/652216957567/YCD2425098450994718927d77b8c452 813e/,370.0,debit,270569.33,ICICI_SAVINGS,06,2026,0c1e349c64a0ad3c9eecd288f193cf54801c9d4b28eeeab238a62b60d29a1a20,Food & Dining,1.0,rule,pending,,,,Not Available
2026-06-05,2026-06-05,UPENDRA KUMAR UPI UPENDRA KU PAYTM S25OQKV PAID VIA C YES BANKP 652205945307 YCD76AB97AA2B164BF3A830313DE09,UPENDRA KUMAR UPI/UPENDRA KU/paytm.s25oqkv@/Paid via C/YES BANKP/652205945307/YCD76ab97aa2b164bf3a830313de09,26.0,debit,270543.33,ICICI_SAVINGS,06,2026,e6028cbed2b5c6339882d65af3e85127697c62c17a772889c888c618a63dfcca,Un Wanted,1.0,rule,pending,,,,Not Available
2026-06-07,2026-06-07,UPI MR LATHIF PAYTMQR6X95HS PAID VIA C YES BANK MR LATHIF KHAN L 652420220027 YCD2B5CB2FF8D824E46BD4AF12CEA184C6E PUSHPA C K,UPI/Mr LATHIF/paytmqr6x95hs@/Paid via C/YES BANK Mr LATHIF KHAN L/652420220027/YCD2b5cb2ff8d824e46bd4af12cea184c6e/ PUSHPA C K,1000.0,debit,269543.33,ICICI_SAVINGS,06,2026,360bd30c88bed108bbf2dd23b5925ab34d67518f9b4193c7a1e029319e1f96ff,Mutton,1.0,rule,pending,,,,Not Available
2026-06-07,2026-06-07,UPI PUSHPA C K PAYTMQR6Q1U01 PAID VIA C YES BANKL 652426200458 YCD5B7F01EAA93541888A3E0127758 B8549,UPI/PUSHPA C K/paytmqr6q1u01@/Paid via C/YES BANKL/652426200458/YCD5b7f01eaa93541888a3e0127758 b8549,25.0,debit,269518.33,ICICI_SAVINGS,06,2026,b6e2680b8db741a40444439a36ac38a0d9d0efbc01e1eabe3c8d10a25482cfff,Un Wanted,1.0,rule,pending,,,,Not Available
2026-06-08,2026-06-08,PUSHPA C K UPI PUSHPA C K PAYTMQR6Q1U01 PAID VIA C YES BANKL 652516380553 YCD6190B484945A4D0FB3576E808C4F 1E0B,PUSHPA C K UPI/PUSHPA C K/paytmqr6q1u01@/Paid via C/YES BANKL/652516380553/YCD6190b484945a4d0fb3576e808c4f 1e0b,25.0,debit,269493.33,ICICI_SAVINGS,06,2026,1bdff7c006aafcb42e1c054c8a1097b9a9ed8207e533f7498b3ebfd76957f178,Un Wanted,1.0,rule,pending,,,,Not Available
2026-06-08,2026-06-08,GOPINATH ENTERPROSES UPI GOPINATH E PINELABS 10611 PAID VIA C HDFC BANK 652511389427 YCD07ED937C81854D02BC777752D75D 3695 TOTAL 121 45 24 257 00 2 69 193 33,"GOPINATH ENTERPROSES UPI/GOPINATH E/pinelabs.10611/Paid via C/HDFC BANK/652511389427/YCD07ed937c81854d02bc777752d75d 3695/ Total: 121.45 24,257.00 2,69,193.33",300.0,debit,269193.33,ICICI_SAVINGS,06,2026,aa593bc497367f1abbda4cd078f86030d76d602e69e579e1f7cb3cad84d79dae,Fuel & Transport,1.0,rule,pending,,,,Not Available
2026-06-08,2026-06-08,PAGE 2 OF 5 M 87230792 40238 BMRCL JAYANAGR UPI BMRCL JAYA PAYTM S10MFEM PAID VIA C AXIS BANK 652501391330 YCDCBE45EAC186C4A899C0B156381C42 C6E,Page 2 of 5 M-87230792-40238 BMRCL JAYANAGR UPI/BMRCL JAYA/paytm.s10mfem@/Paid via C/AXIS BANK/652501391330/YCDcbe45eac186c4a899c0b156381c42 c6e/,30.0,debit,269163.33,ICICI_SAVINGS,06,2026,e2ebabe5f0a768edff0d06f27acecd5cc0d4b3572244a3ff3457b4e1d11046c9,Fuel & Transport,1.0,ml_exact,pending,,,,Not Available
2026-06-08,2026-06-08,UPI ASHOKA PAYTMQR6CWJWM PAID VIA C YES BANK ASHOKA L 652503395370 YCD3D5AA6F83100473282417DF6C541CA0A,UPI/ASHOKA/paytmqr6cwjwm@/Paid via C/YES BANK ASHOKA L/652503395370/YCD3d5aa6f83100473282417df6c541ca0a/,75.0,debit,269088.33,ICICI_SAVINGS,06,2026,dd3cf03c13d92e55c596aeaa8d9bdd2510ad64d835200076510cf9713bb1e529,Food & Dining,1.0,ml_exact,pending,,,,Not Available
2026-06-08,2026-06-08,UPI LOKESHA Q865139359 YBL PAID VIA C YES BANK LOKESHA L 652503410606 YCDC0FCC6A8F079420C83C3E89EDBD1CE3E JAGADESH S,UPI/LOKESHA/q865139359@ybl/Paid via C/YES BANK LOKESHA L/652503410606/YCDc0fcc6a8f079420c83c3e89edbd1ce3e/ JAGADESH S,40.0,debit,269048.33,ICICI_SAVINGS,06,2026,077e7d9e301f910aa191d5a9abbffb33eee979c49f048b385d57581614cb9d1a,Un Wanted,1.0,ml_exact,pending,,,,Not Available
2026-06-08,2026-06-08,UPI JAGADESH S 9035158526 NAV PAID VIA C CANARA BAN 652510466696 YCDDB12041AC0F64C7EB0974A57DE99D0 BMRCL CHICKPETE,UPI/JAGADESH S/9035158526@nav/Paid via C/CANARA BAN/652510466696/YCDdb12041ac0f64c7eb0974a57de99d0 BMRCL CHICKPETE,73.0,debit,268975.33,ICICI_SAVINGS,06,2026,5263839d9c397ceba18c4ef7c4ebad45978402fd81be18ba0f8654d88edbbd4f,Un Wanted,1.0,ml_exact,pending,,,,Not Available
2026-06-08,2026-06-08,UPI BMRCL CHIC PAYTM S10MFHA PAID VIA C AXIS BANK 652501463432 YCD58012EA4957C47C5B82A16B4CAB8 29C5,UPI/BMRCL CHIC/paytm.s10mfha@/Paid via C/AXIS BANK/652501463432/YCD58012ea4957c47c5b82a16b4cab8 29c5/,30.0,debit,268945.33,ICICI_SAVINGS,06,2026,91b24c186ad3fe6e3fa7e79d43074a38951e43d3b626167e1cb8d05f7819f162,Fuel & Transport,1.0,ml_exact,pending,,,,Not Available
2026-06-08,2026-06-08,GOPINATH ENTERPRISES UPI GOPINATH E PAYTM 91590976 PAID VIA C YES BANKL 652509475125 YCD580502D8FE9646969CE83169054B 148D,Gopinath Enterprises UPI/Gopinath E/paytm-91590976/Paid via C/YES BANKL/652509475125/YCD580502d8fe9646969ce83169054b 148d,1550.47,debit,267394.86,ICICI_SAVINGS,06,2026,e18327bd00e8e0e09ec21c7c24f3aaf41adc02b4b3e9d7ee5dad5f5f30032ca9,Fuel & Transport,1.0,rule,pending,,,,Not Available
2026-06-08,2026-06-08,JANAPRIYA MILTRY HOTEL UPI JANAPRIYA GPAY 112506097 PAID VIA C AXIS BANK 652521484558 YCD9AA1EC9FD54145EB8678D2DF997F6,Janapriya Miltry Hotel UPI/Janapriya/gpay-112506097/Paid via C/AXIS BANK/652521484558/YCD9aa1ec9fd54145eb8678d2df997f6,80.0,debit,267314.86,ICICI_SAVINGS,06,2026,75a64bd3ad4d1b5b076ef17138127f14915bab9c541bd9fff2afae5782a311d6,Food & Dining,1.0,ml_exact,pending,,,,Not Available
2026-06-09,2026-06-09,ACH GESL 4918255 0A6 SATHISH C,ACH/GESL/4918255 0a6/ SATHISH C,46.8,credit,267361.66,ICICI_SAVINGS,06,2026,28b50a2e83a43cfa806b901424832f0df0715d7f07d4595f9e8977c71b61f6d6,DIVIDEND,1.0,ml_exact,pending,,,,Not Available
2026-06-11,2026-06-11,UPI SATHISH C 9449115151SATI PAID VIA C CANARA BAN 652800815443 YCD12C8F7DB3905469E99324C17E8DF10 03,UPI/SATHISH C/9449115151sati/Paid via C/CANARA BAN/652800815443/YCD12c8f7db3905469e99324c17e8df10 03/,20.0,debit,267341.66,ICICI_SAVINGS,06,2026,878562362c8be0114b0ac05555c546074a1c61b3cc3b86cb13aeed24e422c828,Self Transfer,1.0,ml_exact,pending,,,,Not Available
2026-06-13,2026-06-13,SHANKAR R UPI SHANKAR R BANASHANKAR298 UPI ANDB 616446788331 ICIDF317EEBF23 54BC990F3F9F6DFBFEF74,SHANKAR R UPI/SHANKAR R/banashankar298/UPI/ANDB/616446788331/ICIdf317eebf23 54bc990f3f9f6dfbfef74,400.0,credit,267741.66,ICICI_SAVINGS,06,2026,43b323d95f41a464ea6cc23bb036a9805f92ad4a4eaf55b58c57ccfca0b956fc,Self Transfer,1.0,ml_exact,pending,,,,Not Available
2026-06-13,2026-06-13,SATISH KUMAR UPI SATISH KUM 8095633410 AXL PAYMENT FR STATE BANK 322807912873 AXL0F8C1BBF1CC647078CA46403BD2250 AF,SATISH KUMAR UPI/SATISH KUM/8095633410@axl/Payment fr/State Bank/322807912873/AXL0f8c1bbf1cc647078ca46403bd2250 af,200.0,credit,267941.66,ICICI_SAVINGS,06,2026,3874c924934090abd29ba50e43d1a7fd18908a215a97d87c10c8d279873d9ba4,Self Transfer,1.0,ml_exact,pending,,,,Not Available
2026-06-14,2026-06-14,KARNATAKA DEPARTMENT OF TREASURIES UPI KARNATAKA KARNATAKADEPTT PAYMENT FO ICICI BANK 950129355158 PAZBA8A31F5A46C4049B20081B0CA434 66A,Karnataka Department of Treasuries UPI/Karnataka/Karnatakadeptt/Payment fo/ICICI Bank/950129355158/PAZba8a31f5a46c4049b20081b0ca434 66a/,1000.0,debit,266941.66,ICICI_SAVINGS,06,2026,70f74eef0c02982a6c20491172e0bdca9f31b419754aa7ced79b3c682a270a66,Others,1.0,ml_exact,pending,,,,Not Available
2026-06-14,2026-06-14,SOMASHEKAR NAG D R UPI SOMASHEKAR RAVISHKMR512 I REMARK AXIS BANK 886968802832 PAZ2503106B3250474DA2C97895EB1FA C17,SOMASHEKAR NAG D R UPI/SOMASHEKAR/ravishkmr512@i/remark/AXIS BANK/886968802832/PAZ2503106b3250474da2c97895eb1fa c17/,2700.0,debit,264241.66,ICICI_SAVINGS,06,2026,32fd0fbdbdcb7d15b1bcb805cd9e81f7a8e2d11a33c4585e491e8bd9b1a94bed,Self Transfer,1.0,ml_exact,pending,,,,Not Available
2026-06-14,2026-06-14,KIRAN NAG P UPI KIRAN NAG 9845697495 AXL PAYMENT FR AXIS BANK 225318372832 AXL16AD5DD564904806BD3E1794C1E3,KIRAN NAG P UPI/KIRAN NAG/9845697495@axl/Payment fr/AXIS BANK/225318372832/AXL16ad5dd564904806bd3e1794c1e3,1700.0,credit,265941.66,ICICI_SAVINGS,06,2026,8421684d0a60867de9fbf2863d840244fdc5cd693e81314106cc1022ff2df7b4,Self Transfer,1.0,ml_exact,pending,,,,Not Available
2026-06-15,2026-06-15,ACH TCPLFINDIV1506026 637365 0BEC PRADEEPNAG D M,ACH/TCPLFinDiv1506026/637365 0bec PRADEEPNAG D M,30.0,credit,265971.66,ICICI_SAVINGS,06,2026,df54c66aff5481868deb5c5770102a49ebb86774cac00264f5299320539fa03e,DIVIDEND,1.0,ml_exact,pending,,,,Not Available
2026-06-17,2026-06-17,UPI PRADEEPNAG PRADEP NAG OKH PAID VIA C SOUTH INDI 653414782268 YCDC8B3A757E65042E4AC9AC7B0CCA0406 B,UPI/PRADEEPNAG/pradep.nag@okh/Paid via C/South Indi/653414782268/YCDc8b3a757e65042e4ac9ac7b0cca0406 b,49000.0,debit,216971.66,ICICI_SAVINGS,06,2026,1d6c8c7f9548750abd78cd3746b321a75a0cce7148398c5ca6bcd5b31936d9dd,Self Transfer,1.0,ml_exact,pending,,,,Not Available
2026-06-18,2026-06-18,ANITHA G UPI ANITHA G ANITHAANITHA50 PAID VIA C UNION BANK 653504894234 YCD66944EF8C97140018359CCEA46354,ANITHA G UPI/ANITHA G/anithaanitha50/Paid via C/UNION BANK/653504894234/YCD66944ef8c97140018359ccea46354,2500.0,debit,214471.66,ICICI_SAVINGS,06,2026,f39c74ddd8bc919b81816fb13987830b10f0b3c474ac241a341cfac2c1f0d5bf,Self Transfer,1.0,ml_exact,pending,,,,Not Available
2026-06-19,2026-06-19,ACH RELIANCE INDUSTRIES 263205712 A16,ACH/RELIANCE INDUSTRIES/263205712 a16/,114.0,credit,214585.66,ICICI_SAVINGS,06,2026,13ca65eb64c311002ca68949254511b676ba80966bd15beba3a3f775946a2bad,DIVIDEND,1.0,ml_exact,pending,,,,Not Available
2026-06-19,2026-06-19,ACH RELIANCE INDUSTRIES 263205744 J K ENTERPRISES SAI BABA ASHRAM,ACH/RELIANCE INDUSTRIES/263205744 J K Enterprises SAI BABA ASHRAM,60.0,credit,214645.66,ICICI_SAVINGS,06,2026,bb2d729c4ae3fdbb4e462525953357bc5301820a42d26014ecb329d511198de3,DIVIDEND,1.0,ml_exact,pending,,,,Not Available
2026-06-20,2026-06-20,UPI J K ENTERP PAYTM D1408557 PAID VIA C YES BANKP 653705084402 YCD4E92D03CB67C47349C7496AD451 BF27E,UPI/J K Enterp/paytm.d1408557/Paid via C/YES BANKP/653705084402/YCD4e92d03cb67c47349c7496ad451 bf27e,1387.05,debit,213258.61,ICICI_SAVINGS,06,2026,e43160f9aa4867eb0cbecd6f1be61af7b390368f8658b917e5327ddf25ecc11b,Fuel & Transport,1.0,ml_exact,pending,,,,Not Available
2026-06-20,2026-06-20,MANJUNATHA H UPI MANJUNATHA 6364101757 AXL PAID VIA C AIRTEL PAY 653724101638 YCD154C3FC6975241528F266D135E216B EF TOTAL 2 550 80 58 510 52 2 13 233 61,"Manjunatha H UPI/Manjunatha/6364101757@axl/Paid via C/AIRTEL PAY/653724101638/YCD154c3fc6975241528f266d135e216b ef Total: 2,550.80 58,510.52 2,13,233.61",25.0,debit,213233.61,ICICI_SAVINGS,06,2026,2e7c456cd7e8db7ff676bd36cb0835fe10941c2b8ae08bfa7cd3e702ef5eb074,Un Wanted,1.0,ml_exact,pending,,,,Not Available
2026-06-20,2026-06-20,PAGE 3 OF 5 M 87230792 40238 SURESH GOWDA MILITAR UPI SURESH GOW PAYTMQR6JKM4Y PAID VIA C YES BANKL 653706107969 YCD88D028E821B148D1BACB5F0051ED CRED CLUB,Page 3 of 5 M-87230792-40238 SURESH GOWDA MILITAR UPI/SURESH GOW/paytmqr6jkm4y@/Paid via C/YES BANKL/653706107969/YCD88d028e821b148d1bacb5f0051ed CRED Club,555.0,debit,212678.61,ICICI_SAVINGS,06,2026,f8199ad32e73dfb68876ceeff3cd39c2bfefe7b5c42d1299ef50ac94cd919f4a,Food & Dining,1.0,ml_exact,pending,,,,Not Available
2026-06-21,2026-06-21,UPI CRED CLUB CRED CLUB AXIS PAYMENT ON AXIS BANK 653819232203 ACD487E8DF670334301A69AB0F7D07C7 11C,UPI/CRED Club/cred.club@axis/payment on/AXIS BANK/653819232203/ACD487e8df670334301a69ab0f7d07c7 11c/,10135.87,debit,202542.74,ICICI_SAVINGS,06,2026,ee0265a1eb520860233aed73a2198e820662c6cfaf8c85f0f69b1b500a14c6e8,Credit Card Payment,1.0,ml_exact,pending,,,,Not Available
2026-06-21,2026-06-21,ANITHA UPI ANITHA ANITHAPRASHANT PAID VIA C UNION BANK 653825342634 YCDF53767150D9E467B9FC68A3EBEA0F 6D4,ANITHA UPI/ANITHA/anithaprashant/Paid via C/UNION BANK/653825342634/YCDf53767150d9e467b9fc68a3ebea0f 6d4/,2000.0,debit,200542.74,ICICI_SAVINGS,06,2026,7f5fc407d4fc326dfadb77eee3d5a3551a32e5f913c0269a47021e9fdeb2e828,Self Transfer,1.0,ml_exact,pending,,,,Not Available
2026-06-22,2026-06-22,LISHA P UPI LISHA P LISHAP7792 NAV PAID VIA C BANK OF BA 653909473831 YCD27920F8006AB4765A68B61BD41DE938 5,LISHA P UPI/LISHA P/lishap7792@nav/Paid via C/BANK OF BA/653909473831/YCD27920f8006ab4765a68b61bd41de938 5/,2000.0,debit,198542.74,ICICI_SAVINGS,06,2026,c7202084c041a1b5b2c74803e339c9de77bca9a6e53f4a9c7512c6b33b70fe0b,Travel & Accommodation,1.0,ml_exact,pending,,,,Not Available
2026-06-22,2026-06-22,UPI ANCHORAGE TICKERTAPE YES RECURRINGT YESBANK YE 61737 ANCHORAGE TECHNOLOGIES PRIVATE LIMITED 6387761 AXBB9CFC15B421C44258AA9A572FEB1E342 SPECIAL OFFICER,UPI/Anchorage/tickertape@yes/RecurringT/YesBank_Ye/61737 Anchorage Technologies Private Limited 6387761/AXBb9cfc15b421c44258aa9a572feb1e342/ SPECIAL OFFICER,1.0,debit,198541.74,ICICI_SAVINGS,06,2026,b848a6da1e433eef9832bccbfea2d58c8ee4bea19bb434483bc62182336c1d93,Investments & Finance,1.0,ml_exact,pending,,,,Not Available
2026-06-23,2026-06-23,UPI SPECIAL OF CCA 4189890 IC PAID VIA C ICICI BANK 654019552854 YCDEF4234CB63404E028083CF2677B939 F5,UPI/SPECIAL OF/cca.4189890@ic/Paid via C/ICICI Bank/654019552854/YCDef4234cb63404e028083cf2677b939 f5,1417.5,debit,197124.24,ICICI_SAVINGS,06,2026,d6e3d5e6bf33ebe28313876a9dfe89d13d2731e54329cd745beac5327dc1c24f,Travel & Accommodation,1.0,ml_exact,pending,,,,Not Available
2026-06-23,2026-06-23,SPECIAL OFFICER UPI SPECIAL OF CCA 4189890 IC UPI ICICI BANK 617457535115 ICIFB00D8C6C95343A2805F2FB0427AB87 0,SPECIAL OFFICER UPI/SPECIAL OF/cca.4189890@ic/UPI/ICICI Bank/617457535115/ICIfb00d8c6c95343a2805f2fb0427ab87 0/,1417.5,debit,195706.74,ICICI_SAVINGS,06,2026,22b6340ab2341377fc552b60119dbae490d3efbe0f3f69bc965e6cdde7407597,Travel & Accommodation,1.0,ml_exact,pending,,,,Not Available
2026-06-23,2026-06-23,R GANESH NAG UPI R GANESH N 9916235816 AXI PAID VIA C INDUSINDB 654037794809 ACDB5285ABA345F4B5393B20D C9D1010541,R Ganesh Nag UPI/R Ganesh N/9916235816@axi/Paid via C/INDUSINDB/654037794809/ACDb5285aba345f4b5393b20d c9d1010541,6000.0,debit,189706.74,ICICI_SAVINGS,06,2026,190750ad5cd0d7ed44a7f436384a05923cc725816b0aafa62a2a2c1d29c2ea0b,Self Transfer,1.0,ml_exact,pending,,,,Not Available
2026-06-24,2026-06-24,UPI BP 01 DOMM Q30993011 YBL PAID VIA C YES BANK BP 01 DOMMSANDRA CIRCLE L 654101668536 YCD3A7F7599F5B44771A4915BFE2E721EBA TITAN COMPANY LIMITED EYEPLUS,UPI/BP 01 domm/q30993011@ybl/Paid via C/YES BANK BP 01 dommsandra circle L/654101668536/YCD3a7f7599f5b44771a4915bfe2e721eba/ Titan Company Limited eyeplus,477.9,debit,189228.84,ICICI_SAVINGS,06,2026,bdf55efa73577434eb67ca0da2d9c97d569c5f1fd8e7e945504d04cb23b514d1,Fuel & Transport,1.0,rule,pending,,,,Not Available
2026-06-24,2026-06-24,UPI TITAN COMP TITANCOMPANYLI TITANCOMPA AIRTEL PAY 654160437790 ICI07883B867E7B4A468BA977CA1A5BBE2,UPI/Titan Comp/titancompanyli/TitanCompa/AIRTEL PAY/654160437790/ICI07883b867e7b4a468ba977ca1a5bbe2,612.0,debit,188616.84,ICICI_SAVINGS,06,2026,94e90afc113d1f07913b9663e95b394ee870908954778c5f22410960abf504fd,Shopping,1.0,rule,pending,,,,Not Available
2026-06-25,2026-06-25,ACH INFOSYS LIMITED 54637527,ACH/INFOSYS LIMITED/54637527,275.0,credit,188891.84,ICICI_SAVINGS,06,2026,a3ca471c3029a09f4004cfbd84709376be93d44d1dfe880f1c4206c0ba503221,DIVIDEND,1.0,ml_exact,pending,,,,Not Available
2026-06-25,2026-06-25,ACH INFOSYS LIMITED 54637558 CHANDRASHEKAR K,ACH/INFOSYS LIMITED/54637558 CHANDRASHEKAR K,75.0,credit,188966.84,ICICI_SAVINGS,06,2026,ef0aea7f98332b47c5d3f20316c259e9646d4bd7e538f0368c59b616ffcd15b3,DIVIDEND,1.0,ml_exact,pending,,,,Not Available
2026-06-25,2026-06-25,UPI CHANDRASHE CHANDRASHEKARK PAID VIA C UNION BANK 654218812292 YCDD189C85A9F5A4ED783333F89B2EEFE BC,UPI/CHANDRASHE/chandrashekark/Paid via C/UNION BANK/654218812292/YCDd189c85a9f5a4ed783333f89b2eefe bc,2500.0,debit,186466.84,ICICI_SAVINGS,06,2026,f9e27e2e259832d4f077cf28da1ca964e02af91f78afa03dd124c746b284c282,EMI,1.0,ml_exact,pending,,,,Not Available
2026-06-26,2026-06-26,CRED UPI CRED CRED GIFTCARD3 PAYMENT ON AXIS BANK 654331970142 ACDF13033D673004C039F22AF67CF3E53 E8,CRED UPI/CRED/cred.giftcard3/payment on/AXIS BANK/654331970142/ACDf13033d673004c039f22af67cf3e53 e8/,1.0,debit,186465.84,ICICI_SAVINGS,06,2026,3029c2383bba0694f357c4322c5e490bd71e820293d91ba3d3ddd23f9f768566,Credit Card Payment,1.0,ml_exact,pending,,,,Not Available
2026-06-27,2026-06-27,DEVARAJ K UPI DEVARAJ K 9972878027 IBL PAID VIA C CANARA BAN 654428119351 YCD466A9579692E45BAADE4350C12AA5 92A,DEVARAJ K UPI/DEVARAJ K/9972878027@ibl/Paid via C/CANARA BAN/654428119351/YCD466a9579692e45baade4350c12aa5 92a/,2500.0,debit,183965.84,ICICI_SAVINGS,06,2026,a7800ac47aa1fb8761f620284713d3b269d042324bb96e859ab9ff023b8523a4,Others,1.0,ml_exact,pending,,,,Not Available
2026-06-29,2026-06-29,RP ENTERPRISES UPI RP ENTERPR PAYTMQR64FUNJ PAID VIA C YES BANKL 654630361371 YCD7E769B8ECEBA41A491254B07FE0C B194,RP Enterprises UPI/RP Enterpr/paytmqr64funj@/Paid via C/YES BANKL/654630361371/YCD7e769b8eceba41a491254b07fe0c b194,3811.7,debit,180154.14,ICICI_SAVINGS,06,2026,3f71d6ecb48b1b78a84db68ab05cf4a2dbf9ee7cbdc775bfb0e876ac40ca5481,Shopping,1.0,ml_exact,pending,,,,Not Available
2026-06-29,2026-06-29,UPI ANCHORAGE TICKERTAPE YES RECURRINGT YESBANK YE 65469 ANCHORAGE TECHNOLOGIES PRIVATE LIMITED 3860358 AXB9CB998C684D044BEA309F380E62D5068 ZERODHA BROKING LIMITED,UPI/Anchorage/tickertape@yes/RecurringT/YesBank_Ye/65469 Anchorage Technologies Private Limited 3860358/AXB9cb998c684d044bea309f380e62d5068/ ZERODHA BROKING LIMITED,7000.0,debit,173154.14,ICICI_SAVINGS,06,2026,0e0c129307444f8db39df4eb7449592e595c566c8949a2b6a89c97596e8f6536,Investments & Finance,1.0,rule,pending,,,,Not Available
2026-06-29,2026-06-29,UPI ZERODHA BR ZERODHABROKING 1490924311 ICICI BANK 652200595686 PAZB5A8DFC9790A48DB9EACDA853DBE1 E53,UPI/ZERODHA BR/zerodhabroking/1490924311/ICICI Bank/652200595686/PAZb5a8dfc9790a48db9eacda853dbe1 e53,500.0,debit,172654.14,ICICI_SAVINGS,06,2026,43293e87adf5051ee74fd8126d34396397051cbe313524b57dfec9dc26440e34,Investments & Finance,1.0,rule,pending,,,,Not Available
2026-06-29,2026-06-29,CRED CLUB UPI CRED CLUB CRED CLUB AXIS PAYMENT ON AXIS BANK 654607365867 ACDBF04CAC0FFB84B24932B37386BF045,CRED Club UPI/CRED Club/cred.club@axis/payment on/AXIS BANK/654607365867/ACDbf04cac0ffb84b24932b37386bf045,14460.4,debit,158193.74,ICICI_SAVINGS,06,2026,e4d4f87d343d8772e68933b5ca04f3c22d1b21cd1ca20554be480a4968df8765,Credit Card Payment,1.0,ml_exact,pending,,,,Not Available
2026-06-29,2026-06-29,CMS TRANSACTION CMS CMS5737717597 CENTRAL DEPOSITORY SERVICES I 10,CMS TRANSACTION CMS/ CMS5737717597/CENTRAL DEPOSITORY SERVICES I 10/,387.43,credit,158581.17,ICICI_SAVINGS,06,2026,42812b691f2a0edf1e7d975ef00df4bfa32a5681718e348bbaa3845197c7bc96,DIVIDEND,1.0,ml_exact,pending,,,,Not Available
2026-06-30,2026-06-30,NET BANKING INF 000178002622 FS SALARY JUN2026,NET BANKING INF/000178002622/FS SALARY JUN2026,154366.0,credit,312947.17,ICICI_SAVINGS,06,2026,3ff53d2b268f5d7865e0b67424f7f84b47d08834ba68bf5302ff248f716c1afe,Cashback & Rewards,1.0,ml_exact,pending,,,,Not Available
2026-06-30,2026-06-30,722601502206 INT PD 30 03 2026 TO 29 06 2026,722601502206:Int.Pd:30-03-2026 to 29-06-2026,1603.0,credit,314550.17,ICICI_SAVINGS,06,2026,53b1ca39911b589d9da5d805f61add62708f72942ec50aa17f93ce7ecbb10b51,Self Transfer,1.0,rule,pending,,,,Not Available
2026-06-30,2026-06-30,ACH CIPLALIMITED 7901208 TOTAL 1 56 745 43 55 389 87 3 14 589 17 PAGE 4 OF 5 M 87230792 40238 ACCOUNT RELATED OTHER INFORMATION ACCOUNT TYPE ACCOUNT NUMBER MICR CODE IFS CODE NAME OF NOMINEE SAVINGS XXXXXXXX2206 560229152 ICIC0007226 NOMINEE NAME DISPLAYED ONLY UPON SPECIFIC CONSENT OF THE CUSTOMER EBA ISEC TRANSACTION AT ICICIDIRECT BIL INTERNET BILL PAYMENT OR FUNDS TRANSFER TO THIRD PARTY RTGS REAL TIME GROSS SETTLEMENT INSTANT TRANSFER ABOVE RS 2 LAKH NEFT NATIONAL ELECTRONIC FUND TRANSFER YOU CAN NOW DOWNLOAD THE ACCOUNT STATEMENT USING THE IMOBILE PAY APP AND INTERNET BANKING CUSTOMERS WITH PRADHAN MANTRI JAN DHAN YOJANA PMJDY ACCOUNT HAVING RUPAY PMJDY DEBIT CARD ARE ELIGIBLE FOR PERSONAL ACCIDENT INSURANCE COVER UNDER THE RUPAY INSURANCE PROGRAMME BY NPCI SUBJECT TO TERMS CONDITIONS PLEASE VISIT OUR WEBSITE FOR MORE DETAILS CARD BLOCKING PROCEDURE FOR SAVINGS ACCOUNT IMOBILE LOG IN TO IMOBILE DEBIT CARD SERVICES CARD SERVICES BLOCK UNBLOCK DEBIT CARD PERSONAL BANKING CALL 1800 1080 IVR VOICE ASSIST SAY CARD BLOCK OR PRESS 0 INTERNET BANKING SERVICE REQUEST BLOCK DEBIT ATM CARD SELECT THE CARD YOU WANT TO BLOCK SUBMIT CARD BLOCKING PROCEDURE FOR CURRENT ACCOUNT INSTABIZ LOG IN TO INSTABIZ MORE SERVICES DEBIT CARD CARD BLOCK UNBLOCK CORPORATE INTERNET BANKING SERVICE REQUEST DEBIT CARD BLOCK DEBIT CARD ACCOUNT BLOCKING PROCEDURE FOR SAVINGS ACCOUNT SMS SMS BLOCK LAST THREE DIGITS OF YOUR ACCOUNT NUMBER TO 9215676766 W E F JULY 1 2023 A MONTHLY LIMIT WILL BE APPLICABLE ON ATM CASH WITHDRAWALS USING DEBIT CARDS MINIMUM LIMIT OF 2 LAKH UP TO A MAXIMUM OF 7 5 LAKH AS PER THE CARD TYPE FOR DETAILS PLEASE VISIT LICICI BANK WILL FOLLOW THE CUSTOMER RELATIONSHIP POLICY TO ADDRESS THE CUSTOMER RISKS ARISING OUT OF LGRIEVANCE REDRESSAL COMPLAINTS ESCALATIONS IF YOU ARE NOT SATISFIED WITH OUR SERVICES YOU MAY REGISTER YOUR HOMEPAGE OTHER CUSTOMER SERVICE POLICIES CUSTOMER RELATIONS POLICY 1800 1080 OR III BY WRITING TO MRS SHARLET MALVANKAR THE PRINCIPAL NODAL OFFICER ICICI BANK LTD BANDRA KURLA LUPDATE NOMINEE DETAILS FOR YOUR ICICI BANK ACCOUNT AND ENSURE YOUR FAMILY S FINANCIAL SECURITY C O M P LE X M U M B A I 4 0 0 0 5 1 T E LE P H O N E NO 022 39337979 MONDAY TO FRIDAY 10 00 A M TO 5 00 P M EXCLUDING B A NK H O L ID A Y S E M A I L P N O I C IC I B A N K IN L T H E RE I S A RE V I S IO N I N T H E S ER VIC E C H A R G E F O R D OM E S TI C S A V IN GS C URRENT ACCOUNTS W E F JULY 01 2025 FOR LDO NOT FALL PREY TO FICTITIOUS OFFERS ABOUT WINNING PRIZES MONEY CIRCULATION SCHEMES CHEAP FUNDS ETC THROUGH SMS D E T A ILS P LE A S E V IS IT H T T P S W W W I C IC I B A N K I N N OT IC E B O A RD P A G E E MAILS AND CALLS LTHERE IS A CHANGE IN THE TERMS AND CONDITIONS FOR SALARY ACCOUNTS FOR DETAILS VISIT FORM 15G 15H WILL NOT BE TREATED AS VALID AND TAX WILL BE DEDUCTED AT THE PREVAILING RATE OR AT 20 WHICHEVER IS LBANK S CODE OF COMMITMENT TO ITS CUSTOMERS AND MICRO AND SMALL ENTERPRISES MSE PLEASE VISIT HIGHER PAN CAN BE UPDATED ONLINE OR AT THE NEAREST ICICI BANK BRANCH THE GUIDELINES PROVIDED BY BANKING CODES AND STANDARDS BOARD OF INDIA BCSBI LTHE ADDRESS OF THE CUSTOMER IN FORM 16A WILL BE THE LAST UPDATED ADDRESS IN THE DATABASE OF THE INCOME TAX DEPARTMENT L A S P E R T H E G U ID E LI N E S I S SU E D B Y C B D T O N M A Y 1 3 2 0 1 1 F O R M 1 6 A T D S C E R T I FI C A TE S W IL L B E G E N E R A T E D LPMJJBY INSURANCE THE INSURANCE PREMIUM IS COLLECTED ON BEHALF OF ICICI PRUDENTIAL LIFE INSURANCE COMPANY LIMITED T H R O U G H T H E IN C O M E TA X W E B S IT E F O R W H I C H T H E P A N O F T H E C U S T OM E R N E E D S T O B E N E C E S S A R ILY U P D A T E D I N T H E BANK S RECORD PLUS ADMINISTRATION CHARGES ARE COLLECTED BY ICICI BANK INCLUDING GST AS PER THE EXISTING LAWS EFFECTIVE SEP 01 2018 A PREMIUM IS CHARGED ON A PRO RATA BASIS FOR ALL NEW ENROLMENTS IN THE SCHEME IT IS NOTEWORTHY THAT THE LTHE DEPOSITOR IS INSURED BY THE DEPOSIT INSURANCE AND CREDIT GUARANTEE CORPORATION DICGC UP TO A RENEWAL PREMIUM FOR ALL EXISTING CUSTOMERS WILL BE CHARGED FOR A PERIOD OF ONE YEAR I E RS 330 BETWEEN MAY 25 MAXIMUM OF RS 5 LAKH FOR BOTH PRINCIPAL AND INTEREST AMOUNT HELD BY HIM HER IN THE SAME RIGHT AND SAME AND MAY 31 EVERY YEAR FOR DETAILS ON THE PREMIUM STRUCTURE REFER TO THE TERMS CONDITIONS UNDER THE PRADHAN REGISTERED OFFICE ICICI BANK TOWER NEAR CHAKLI CIRCLE OLD PADRA ROAD VADODARA GUJARAT PIN 390 007 CATEGORY OF SERVICE BANKING FINANCIAL SERVICES THIS IS AN AUTHENTICATED INTIMATION STATEMENT REGISTRATION NO MIV ST BANK FINC 4 CUSTOMERS ARE REQUESTED TO IMMEDIATELY NOTIFY THE BANK IN CASE OF ANY ERROR S IN THE STATEMENT CIN L65190GJ1994PLC021012 SR244554715,"ACH/CIPLALIMITED/7901208 Total: 1,56,745.43 55,389.87 3,14,589.17 Page 4 of 5 M-87230792-40238 Account Related Other Information ACCOUNT TYPE ACCOUNT NUMBER MICR CODE IFS CODE NAME OF NOMINEE* Savings XXXXXXXX2206 560229152 ICIC0007226 - * Nominee name displayed only upon specific consent of the customer EBA / ISEC-Transaction at ICICIDirect BIL - Internet bill payment or funds transfer to third party RTGS-Real Time Gross Settlement (Instant transfer above Rs 2 Lakh) NEFT - National Electronic Fund Transfer You can now download the Account Statement using the iMobile Pay app and Internet Banking. Customers with Pradhan Mantri Jan Dhan Yojana (PMJDY) Account, having RuPay PMJDY Debit Card are eligible for Personal Accident Insurance Cover under the RuPay Insurance Programme by NPCI, subject to Terms & Conditions. Please visit our website for more details. Card blocking procedure for Savings Account: iMobile: Log in to iMobile > Debit Card > Services > Card Services > Block/Unblock Debit Card Personal Banking: Call 1800 1080 > IVR > Voice Assist > Say ‘Card Block’ or press ‘0’. Internet Banking: Service Request > Block Debit/ATM Card > Select the Card you want to block > Submit. Card blocking procedure for Current Account: InstaBIZ: Log in to InstaBIZ > More > Services > Debit Card > Card Block/Unblock Corporate Internet Banking > Service Request > Debit Card > Block Debit Card. Account blocking procedure for Savings Account: SMS: SMS ‘BLOCK’ <last three digits of your Account number> to 9215676766 W.e.f. July 1, 2023, a monthly limit will be applicable on ATM cash withdrawals using Debit Cards. (Minimum limit of ₹ 2 lakh up to a maximum of ₹7.5 lakh as per the Card type). For details, please visit lICICI Bank will follow the Customer Relationship Policy to address the customer risks arising out of lGrievance Redressal / Complaints / Escalations: If you are not satisfied with our services, you may register your Homepage>>Other>>Customer Service Policies>>Customer Relations Policy 1800 1080 or (iii) by writing to Mrs. Sharlet Malvankar - The Principal Nodal Officer, ICICI Bank Ltd., Bandra Kurla lUpdate nominee details for your ICICI Bank Account and ensure your family's financial security. C o m p le x M u m b a i - 4 0 0 0 5 1 , T e le p h o n e No.: 022-39337979 (Monday to Friday, 10.00 a.m. to 5:00 p.m. excluding B a nk h o l id a y s) , E - m a i l: p n o @ i c ic i. b a n k. in l T h e re i s a re v i s io n i n t h e s er vic e c h a r g e f o r d om e s ti c S a v in gs / C urrent Accounts w.e.f. July 01, 2025. For lDo not fall prey to fictitious offers about winning prizes, money circulation schemes, cheap funds, etc. through SMS, d e t a ils , p le a s e v is it h t t p s : / /w w w .i c ic i .b a n k . i n /n ot ic e - b o a rd .p a g e e-mails and calls. lThere is a change in the Terms and Conditions for Salary Accounts. For details, visit Form 15G/15H will not be treated as valid and tax will be deducted at the prevailing rate or at 20%, whichever is lBank’s Code of Commitment to its Customers and Micro and Small Enterprises (MSE): Please visit higher. PAN can be updated online or at the nearest ICICI Bank Branch . the guidelines provided by Banking Codes and Standards Board of India (BCSBI). lThe address of the customer in Form 16A will be the last updated address in the database of the income tax department. l A s p e r t h e g u id e li n e s i s su e d b y C B D T o n M a y 1 3 , 2 0 1 1 , F o r m 1 6 A ( T D S C e r t i fi c a te s ) w il l b e g e n e r a t e d lPMJJBY Insurance: The insurance premium is collected on behalf of ICICI Prudential Life Insurance Company Limited t h r o u g h t h e In c o m e ta x w e b s it e f o r w h i c h t h e P A N o f t h e c u s t om e r n e e d s t o b e n e c e s s a r ily u p d a t e d i n t h e Bank's record. plus administration charges are collected by ICICI Bank (including GST), as per the existing laws. Effective Sep 01, 2018, a premium is charged on a pro-rata basis for all new enrolments in the scheme. It is noteworthy that the lThe depositor is insured by the Deposit Insurance and Credit Guarantee Corporation (DICGC) up to a renewal premium for all existing customers will be charged for a period of one year (i.e. Rs 330) between May 25 maximum of Rs. 5 lakh, for both principal and interest amount held by him/her in the same right and same and May 31, every year. For details on the premium structure, refer to the Terms & Conditions under the Pradhan Registered Office: ICICI Bank Tower, Near Chakli Circle, Old Padra Road, Vadodara, Gujarat. Pin – 390 007. Category of service: Banking & Financial Services. This is an authenticated intimation/statement. Registration No. MIV/ST/Bank & Finc/4. Customers are requested to immediately notify the Bank in case of any error(s) in the statement. CIN : L65190GJ1994PLC021012 SR244554715",39.0,credit,314589.17,ICICI_SAVINGS,06,2026,d8eb10946a6888e3d10185637b240fbbe8ea9bb74c0e868f5a1f36308aa583e5,Self Transfer,1.0,rule,pending,,,,Not Available
